orthogroup	accession	protein_id	sequence_id	observed_n_tmd	modal_n_tmd	matches_modal
orthogroup_18	GCA_000015785.2	ABS72472.1	orthogroup_18|GCA_000015785.2|ABS72472.1	3	3	1
orthogroup_18	GCA_000025805.1	ADF36989.1	orthogroup_18|GCA_000025805.1|ADF36989.1	3	3	1
orthogroup_18	GCF_000009045.1	NP_387904.2	orthogroup_18|GCF_000009045.1|NP_387904.2	3	3	1
orthogroup_18	GCF_000009785.1	WP_011229537.1	orthogroup_18|GCF_000009785.1|WP_011229537.1	3	3	1
orthogroup_18	GCF_000011245.1	WP_011064435.1	orthogroup_18|GCF_000011245.1|WP_011064435.1	3	3	1
orthogroup_18	GCF_000017885.4	WP_012009068.1	orthogroup_18|GCF_000017885.4|WP_012009068.1	3	3	1
orthogroup_18	GCF_005671335.1	WP_041821049.1	orthogroup_18|GCF_005671335.1|WP_041821049.1	3	3	1
orthogroup_18	GCF_006094295.1	WP_001089273.1	orthogroup_18|GCF_006094295.1|WP_001089273.1	3	3	1
orthogroup_18	GCF_034478925.1	WP_003178144.1	orthogroup_18|GCF_034478925.1|WP_003178144.1	3	3	1
orthogroup_18	GCF_034479305.1	WP_094424376.1	orthogroup_18|GCF_034479305.1|WP_094424376.1	3	3	1
orthogroup_44	GCA_000015785.2	ABS72506.1	orthogroup_44|GCA_000015785.2|ABS72506.1	14	14	1
orthogroup_44	GCA_000025805.1	ADF37021.1	orthogroup_44|GCA_000025805.1|ADF37021.1	14	14	1
orthogroup_44	GCF_000009045.1	NP_387938.1	orthogroup_44|GCF_000009045.1|NP_387938.1	14	14	1
orthogroup_44	GCF_000009785.1	WP_011229565.1	orthogroup_44|GCF_000009785.1|WP_011229565.1	14	14	1
orthogroup_44	GCF_000011245.1	WP_011064467.1	orthogroup_44|GCF_000011245.1|WP_011064467.1	14	14	1
orthogroup_44	GCF_000017885.4	WP_012008660.1	orthogroup_44|GCF_000017885.4|WP_012008660.1	14	14	1
orthogroup_44	GCF_005671335.1	WP_053432327.1	orthogroup_44|GCF_005671335.1|WP_053432327.1	14	14	1
orthogroup_44	GCF_006094295.1	WP_000387599.1	orthogroup_44|GCF_006094295.1|WP_000387599.1	14	14	1
orthogroup_44	GCF_034478925.1	WP_011197469.1	orthogroup_44|GCF_034478925.1|WP_011197469.1	14	14	1
orthogroup_44	GCF_034479305.1	WP_169715914.1	orthogroup_44|GCF_034479305.1|WP_169715914.1	14	14	1
orthogroup_48	GCA_000015785.2	ABS72510.1	orthogroup_48|GCA_000015785.2|ABS72510.1	5	5	1
orthogroup_48	GCA_000025805.1	ADF37025.1	orthogroup_48|GCA_000025805.1|ADF37025.1	7	5	0
orthogroup_48	GCF_000009045.1	NP_387942.1	orthogroup_48|GCF_000009045.1|NP_387942.1	7	5	0
orthogroup_48	GCF_000009785.1	WP_011229569.1	orthogroup_48|GCF_000009785.1|WP_011229569.1	7	5	0
orthogroup_48	GCF_000011245.1	WP_011064471.1	orthogroup_48|GCF_000011245.1|WP_011064471.1	7	5	0
orthogroup_48	GCF_000017885.4	WP_012008662.1	orthogroup_48|GCF_000017885.4|WP_012008662.1	5	5	1
orthogroup_48	GCF_005671335.1	WP_010896259.1	orthogroup_48|GCF_005671335.1|WP_010896259.1	5	5	1
orthogroup_48	GCF_006094295.1	WP_000059772.1	orthogroup_48|GCF_006094295.1|WP_000059772.1	5	5	1
orthogroup_48	GCF_034478925.1	WP_011197471.1	orthogroup_48|GCF_034478925.1|WP_011197471.1	7	5	0
orthogroup_48	GCF_034479305.1	WP_094424332.1	orthogroup_48|GCF_034479305.1|WP_094424332.1	5	5	1
orthogroup_51	GCA_000015785.2	ABS72513.1	orthogroup_51|GCA_000015785.2|ABS72513.1	12	12	1
orthogroup_51	GCA_000025805.1	ADF37028.1	orthogroup_51|GCA_000025805.1|ADF37028.1	12	12	1
orthogroup_51	GCF_000009045.1	NP_387945.1	orthogroup_51|GCF_000009045.1|NP_387945.1	12	12	1
orthogroup_51	GCF_000009785.1	WP_011229572.1	orthogroup_51|GCF_000009785.1|WP_011229572.1	12	12	1
orthogroup_51	GCF_000011245.1	WP_011064476.1	orthogroup_51|GCF_000011245.1|WP_011064476.1	12	12	1
orthogroup_51	GCF_000017885.4	WP_012008664.1	orthogroup_51|GCF_000017885.4|WP_012008664.1	12	12	1
orthogroup_51	GCF_005671335.1	WP_010896262.1	orthogroup_51|GCF_005671335.1|WP_010896262.1	12	12	1
orthogroup_51	GCF_006094295.1	WP_001123541.1	orthogroup_51|GCF_006094295.1|WP_001123541.1	12	12	1
orthogroup_51	GCF_034478925.1	WP_009330068.1	orthogroup_51|GCF_034478925.1|WP_009330068.1	12	12	1
orthogroup_51	GCF_034479305.1	WP_157730523.1	orthogroup_51|GCF_034479305.1|WP_157730523.1	12	12	1
orthogroup_67	GCA_000015785.2	ABS72537.1	orthogroup_67|GCA_000015785.2|ABS72537.1	4	4	1
orthogroup_67	GCA_000025805.1	ADF37049.1	orthogroup_67|GCA_000025805.1|ADF37049.1	4	4	1
orthogroup_67	GCF_000009045.1	NP_387970.1	orthogroup_67|GCF_000009045.1|NP_387970.1	4	4	1
orthogroup_67	GCF_000009785.1	WP_011229595.1	orthogroup_67|GCF_000009785.1|WP_011229595.1	4	4	1
orthogroup_67	GCF_000011245.1	WP_041544400.1	orthogroup_67|GCF_000011245.1|WP_041544400.1	4	4	1
orthogroup_67	GCF_000017885.4	WP_012008687.1	orthogroup_67|GCF_000017885.4|WP_012008687.1	4	4	1
orthogroup_67	GCF_005671335.1	WP_010896289.1	orthogroup_67|GCF_005671335.1|WP_010896289.1	4	4	1
orthogroup_67	GCF_006094295.1	WP_000919677.1	orthogroup_67|GCF_006094295.1|WP_000919677.1	4	4	1
orthogroup_67	GCF_034478925.1	WP_009330350.1	orthogroup_67|GCF_034478925.1|WP_009330350.1	4	4	1
orthogroup_67	GCF_034479305.1	WP_094424311.1	orthogroup_67|GCF_034479305.1|WP_094424311.1	4	4	1
orthogroup_109	GCA_000015785.2	ABS72584.1	orthogroup_109|GCA_000015785.2|ABS72584.1	10	10	1
orthogroup_109	GCA_000025805.1	ADF37095.1	orthogroup_109|GCA_000025805.1|ADF37095.1	10	10	1
orthogroup_109	GCF_000009045.1	NP_388017.1	orthogroup_109|GCF_000009045.1|NP_388017.1	10	10	1
orthogroup_109	GCF_000009785.1	WP_011229639.1	orthogroup_109|GCF_000009785.1|WP_011229639.1	10	10	1
orthogroup_109	GCF_000011245.1	WP_011064542.1	orthogroup_109|GCF_000011245.1|WP_011064542.1	10	10	1
orthogroup_109	GCF_000017885.4	WP_012008710.1	orthogroup_109|GCF_000017885.4|WP_012008710.1	10	10	1
orthogroup_109	GCF_005671335.1	WP_053432309.1	orthogroup_109|GCF_005671335.1|WP_053432309.1	10	10	1
orthogroup_109	GCF_006094295.1	WP_000490117.1	orthogroup_109|GCF_006094295.1|WP_000490117.1	10	10	1
orthogroup_109	GCF_034478925.1	WP_003178368.1	orthogroup_109|GCF_034478925.1|WP_003178368.1	10	10	1
orthogroup_109	GCF_034479305.1	WP_094424296.1	orthogroup_109|GCF_034479305.1|WP_094424296.1	10	10	1
orthogroup_124	GCA_000015785.2	ABS72605.1	orthogroup_124|GCA_000015785.2|ABS72605.1	6	6	1
orthogroup_124	GCA_000025805.1	ADF37114.1	orthogroup_124|GCA_000025805.1|ADF37114.1	6	6	1
orthogroup_124	GCF_000009045.1	NP_388037.1	orthogroup_124|GCF_000009045.1|NP_388037.1	6	6	1
orthogroup_124	GCF_000009785.1	WP_011229659.1	orthogroup_124|GCF_000009785.1|WP_011229659.1	6	6	1
orthogroup_124	GCF_000011245.1	WP_011064599.1	orthogroup_124|GCF_000011245.1|WP_011064599.1	6	6	1
orthogroup_124	GCF_000017885.4	WP_012008726.1	orthogroup_124|GCF_000017885.4|WP_012008726.1	6	6	1
orthogroup_124	GCF_005671335.1	WP_010896424.1	orthogroup_124|GCF_005671335.1|WP_010896424.1	6	6	1
orthogroup_124	GCF_006094295.1	WP_001088527.1	orthogroup_124|GCF_006094295.1|WP_001088527.1	6	6	1
orthogroup_124	GCF_034478925.1	WP_003178407.1	orthogroup_124|GCF_034478925.1|WP_003178407.1	6	6	1
orthogroup_124	GCF_034479305.1	WP_073305888.1	orthogroup_124|GCF_034479305.1|WP_073305888.1	6	6	1
orthogroup_126	GCA_000015785.2	ABS72627.1	orthogroup_126|GCA_000015785.2|ABS72627.1	3	3	1
orthogroup_126	GCA_000025805.1	ADF37120.1	orthogroup_126|GCA_000025805.1|ADF37120.1	3	3	1
orthogroup_126	GCF_000009045.1	NP_388056.2	orthogroup_126|GCF_000009045.1|NP_388056.2	3	3	1
orthogroup_126	GCF_000009785.1	WP_011229664.1	orthogroup_126|GCF_000009785.1|WP_011229664.1	3	3	1
orthogroup_126	GCF_000011245.1	WP_011064631.1	orthogroup_126|GCF_000011245.1|WP_011064631.1	3	3	1
orthogroup_126	GCF_000017885.4	WP_012008741.1	orthogroup_126|GCF_000017885.4|WP_012008741.1	3	3	1
orthogroup_126	GCF_005671335.1	WP_010896447.1	orthogroup_126|GCF_005671335.1|WP_010896447.1	3	3	1
orthogroup_126	GCF_006094295.1	WP_001115697.1	orthogroup_126|GCF_006094295.1|WP_001115697.1	3	3	1
orthogroup_126	GCF_034478925.1	WP_003178443.1	orthogroup_126|GCF_034478925.1|WP_003178443.1	3	3	1
orthogroup_126	GCF_034479305.1	WP_094424265.1	orthogroup_126|GCF_034479305.1|WP_094424265.1	3	3	1
orthogroup_136	GCA_000015785.2	ABS72894.1	orthogroup_136|GCA_000015785.2|ABS72894.1	6	6	1
orthogroup_136	GCA_000025805.1	ADF37148.1	orthogroup_136|GCA_000025805.1|ADF37148.1	6	6	1
orthogroup_136	GCF_000009045.1	NP_388342.1	orthogroup_136|GCF_000009045.1|NP_388342.1	6	6	1
orthogroup_136	GCF_000009785.1	WP_011229737.1	orthogroup_136|GCF_000009785.1|WP_011229737.1	6	6	1
orthogroup_136	GCF_000011245.1	WP_011065023.1	orthogroup_136|GCF_000011245.1|WP_011065023.1	7	6	0
orthogroup_136	GCF_000017885.4	WP_012008991.1	orthogroup_136|GCF_000017885.4|WP_012008991.1	6	6	1
orthogroup_136	GCF_005671335.1	WP_053432219.1	orthogroup_136|GCF_005671335.1|WP_053432219.1	7	6	0
orthogroup_136	GCF_006094295.1	WP_000908523.1	orthogroup_136|GCF_006094295.1|WP_000908523.1	6	6	1
orthogroup_136	GCF_034478925.1	WP_003179118.1	orthogroup_136|GCF_034478925.1|WP_003179118.1	6	6	1
orthogroup_136	GCF_034479305.1	WP_094423754.1	orthogroup_136|GCF_034479305.1|WP_094423754.1	7	6	0
orthogroup_151	GCA_000015785.2	ABS73031.1	orthogroup_151|GCA_000015785.2|ABS73031.1	7	7	1
orthogroup_151	GCA_000025805.1	ADF37174.1	orthogroup_151|GCA_000025805.1|ADF37174.1	7	7	1
orthogroup_151	GCF_000009045.1	NP_388482.1	orthogroup_151|GCF_000009045.1|NP_388482.1	7	7	1
orthogroup_151	GCF_000009785.1	WP_011229755.1	orthogroup_151|GCF_000009785.1|WP_011229755.1	7	7	1
orthogroup_151	GCF_000011245.1	WP_011065060.1	orthogroup_151|GCF_000011245.1|WP_011065060.1	7	7	1
orthogroup_151	GCF_000017885.4	WP_012009081.1	orthogroup_151|GCF_000017885.4|WP_012009081.1	7	7	1
orthogroup_151	GCF_005671335.1	WP_053432278.1	orthogroup_151|GCF_005671335.1|WP_053432278.1	7	7	1
orthogroup_151	GCF_006094295.1	WP_000745324.1	orthogroup_151|GCF_006094295.1|WP_000745324.1	7	7	1
orthogroup_151	GCF_034478925.1	WP_003179245.1	orthogroup_151|GCF_034478925.1|WP_003179245.1	7	7	1
orthogroup_151	GCF_034479305.1	WP_094423683.1	orthogroup_151|GCF_034479305.1|WP_094423683.1	7	7	1
orthogroup_156	GCA_000015785.2	ABS73060.1	orthogroup_156|GCA_000015785.2|ABS73060.1	8	8	1
orthogroup_156	GCA_000025805.1	ADF37179.1	orthogroup_156|GCA_000025805.1|ADF37179.1	8	8	1
orthogroup_156	GCF_000009045.1	NP_388516.2	orthogroup_156|GCF_000009045.1|NP_388516.2	8	8	1
orthogroup_156	GCF_000009785.1	WP_011229762.1	orthogroup_156|GCF_000009785.1|WP_011229762.1	8	8	1
orthogroup_156	GCF_000011245.1	WP_011065123.1	orthogroup_156|GCF_000011245.1|WP_011065123.1	8	8	1
orthogroup_156	GCF_000017885.4	WP_012009092.1	orthogroup_156|GCF_000017885.4|WP_012009092.1	8	8	1
orthogroup_156	GCF_005671335.1	WP_053432245.1	orthogroup_156|GCF_005671335.1|WP_053432245.1	8	8	1
orthogroup_156	GCF_006094295.1	WP_000631786.1	orthogroup_156|GCF_006094295.1|WP_000631786.1	8	8	1
orthogroup_156	GCF_034478925.1	WP_003179513.1	orthogroup_156|GCF_034478925.1|WP_003179513.1	8	8	1
orthogroup_156	GCF_034479305.1	WP_094423639.1	orthogroup_156|GCF_034479305.1|WP_094423639.1	8	8	1
orthogroup_158	GCA_000015785.2	ABS73064.1	orthogroup_158|GCA_000015785.2|ABS73064.1	15	15	1
orthogroup_158	GCA_000025805.1	ADF37181.1	orthogroup_158|GCA_000025805.1|ADF37181.1	15	15	1
orthogroup_158	GCF_000009045.1	NP_388518.1	orthogroup_158|GCF_000009045.1|NP_388518.1	15	15	1
orthogroup_158	GCF_000009785.1	WP_011229764.1	orthogroup_158|GCF_000009785.1|WP_011229764.1	15	15	1
orthogroup_158	GCF_000011245.1	WP_011065131.1	orthogroup_158|GCF_000011245.1|WP_011065131.1	15	15	1
orthogroup_158	GCF_000017885.4	WP_003214014.1	orthogroup_158|GCF_000017885.4|WP_003214014.1	15	15	1
orthogroup_158	GCF_005671335.1	WP_053432243.1	orthogroup_158|GCF_005671335.1|WP_053432243.1	15	15	1
orthogroup_158	GCF_006094295.1	WP_000833082.1	orthogroup_158|GCF_006094295.1|WP_000833082.1	15	15	1
orthogroup_158	GCF_034478925.1	WP_011197610.1	orthogroup_158|GCF_034478925.1|WP_011197610.1	15	15	1
orthogroup_158	GCF_034479305.1	WP_094423610.1	orthogroup_158|GCF_034479305.1|WP_094423610.1	15	15	1
orthogroup_190	GCA_000015785.2	ABS73255.1	orthogroup_190|GCA_000015785.2|ABS73255.1	6	6	1
orthogroup_190	GCA_000025805.1	ADF37312.1	orthogroup_190|GCA_000025805.1|ADF37312.1	6	6	1
orthogroup_190	GCF_000009045.1	NP_388742.1	orthogroup_190|GCF_000009045.1|NP_388742.1	6	6	1
orthogroup_190	GCF_000009785.1	WP_011229960.1	orthogroup_190|GCF_000009785.1|WP_011229960.1	6	6	1
orthogroup_190	GCF_000011245.1	WP_011065301.1	orthogroup_190|GCF_000011245.1|WP_011065301.1	6	6	1
orthogroup_190	GCF_000017885.4	WP_012009332.1	orthogroup_190|GCF_000017885.4|WP_012009332.1	6	6	1
orthogroup_190	GCF_005671335.1	WP_053432592.1	orthogroup_190|GCF_005671335.1|WP_053432592.1	6	6	1
orthogroup_190	GCF_006094295.1	WP_000379111.1	orthogroup_190|GCF_006094295.1|WP_000379111.1	6	6	1
orthogroup_190	GCF_034478925.1	WP_003179931.1	orthogroup_190|GCF_034478925.1|WP_003179931.1	6	6	1
orthogroup_190	GCF_034479305.1	WP_094429013.1	orthogroup_190|GCF_034479305.1|WP_094429013.1	6	6	1
orthogroup_203	GCA_000015785.2	ABS73318.2	orthogroup_203|GCA_000015785.2|ABS73318.2	7	7	1
orthogroup_203	GCA_000025805.1	ADF37419.1	orthogroup_203|GCA_000025805.1|ADF37419.1	7	7	1
orthogroup_203	GCF_000009045.1	NP_388809.1	orthogroup_203|GCF_000009045.1|NP_388809.1	7	7	1
orthogroup_203	GCF_000009785.1	WP_011230856.1	orthogroup_203|GCF_000009785.1|WP_011230856.1	7	7	1
orthogroup_203	GCF_000011245.1	WP_011066869.1	orthogroup_203|GCF_000011245.1|WP_011066869.1	7	7	1
orthogroup_203	GCF_000017885.4	WP_012009400.1	orthogroup_203|GCF_000017885.4|WP_012009400.1	7	7	1
orthogroup_203	GCF_005671335.1	WP_010897262.1	orthogroup_203|GCF_005671335.1|WP_010897262.1	7	7	1
orthogroup_203	GCF_006094295.1	WP_001272200.1	orthogroup_203|GCF_006094295.1|WP_001272200.1	7	7	1
orthogroup_203	GCF_034478925.1	WP_003180086.1	orthogroup_203|GCF_034478925.1|WP_003180086.1	7	7	1
orthogroup_203	GCF_034479305.1	WP_257251717.1	orthogroup_203|GCF_034479305.1|WP_257251717.1	6	7	0
orthogroup_210	GCA_000015785.2	ABS73393.1	orthogroup_210|GCA_000015785.2|ABS73393.1	12	10	0
orthogroup_210	GCA_000025805.1	ADF37480.1	orthogroup_210|GCA_000025805.1|ADF37480.1	10	10	1
orthogroup_210	GCF_000009045.1	NP_388886.1	orthogroup_210|GCF_000009045.1|NP_388886.1	10	10	1
orthogroup_210	GCF_000009785.1	WP_011230162.1	orthogroup_210|GCF_000009785.1|WP_011230162.1	12	10	0
orthogroup_210	GCF_000011245.1	WP_011065556.1	orthogroup_210|GCF_000011245.1|WP_011065556.1	10	10	1
orthogroup_210	GCF_000017885.4	WP_012009455.1	orthogroup_210|GCF_000017885.4|WP_012009455.1	10	10	1
orthogroup_210	GCF_005671335.1	WP_053431618.1	orthogroup_210|GCF_005671335.1|WP_053431618.1	12	10	0
orthogroup_210	GCF_006094295.1	WP_001089155.1	orthogroup_210|GCF_006094295.1|WP_001089155.1	10	10	1
orthogroup_210	GCF_034478925.1	WP_011197713.1	orthogroup_210|GCF_034478925.1|WP_011197713.1	10	10	1
orthogroup_210	GCF_034479305.1	WP_094428770.1	orthogroup_210|GCF_034479305.1|WP_094428770.1	12	10	0
orthogroup_245	GCA_000015785.2	ABS73729.1	orthogroup_245|GCA_000015785.2|ABS73729.1	12	12	1
orthogroup_245	GCA_000025805.1	ADF38143.1	orthogroup_245|GCA_000025805.1|ADF38143.1	12	12	1
orthogroup_245	GCF_000009045.1	NP_389272.1	orthogroup_245|GCF_000009045.1|NP_389272.1	12	12	1
orthogroup_245	GCF_000009785.1	WP_011230492.1	orthogroup_245|GCF_000009785.1|WP_011230492.1	8	12	0
orthogroup_245	GCF_000011245.1	WP_011066279.1	orthogroup_245|GCF_000011245.1|WP_011066279.1	10	12	0
orthogroup_245	GCF_000017885.4	WP_012009759.1	orthogroup_245|GCF_000017885.4|WP_012009759.1	12	12	1
orthogroup_245	GCF_005671335.1	WP_053432549.1	orthogroup_245|GCF_005671335.1|WP_053432549.1	12	12	1
orthogroup_245	GCF_006094295.1	WP_000473177.1	orthogroup_245|GCF_006094295.1|WP_000473177.1	10	12	0
orthogroup_245	GCF_034478925.1	WP_003181245.1	orthogroup_245|GCF_034478925.1|WP_003181245.1	12	12	1
orthogroup_245	GCF_034479305.1	WP_094424287.1	orthogroup_245|GCF_034479305.1|WP_094424287.1	10	12	0
orthogroup_255	GCA_000015785.2	ABS73777.1	orthogroup_255|GCA_000015785.2|ABS73777.1	10	12	0
orthogroup_255	GCA_000025805.1	ADF38941.1	orthogroup_255|GCA_000025805.1|ADF38941.1	12	12	1
orthogroup_255	GCF_000009045.1	NP_389323.1	orthogroup_255|GCF_000009045.1|NP_389323.1	10	12	0
orthogroup_255	GCF_000009785.1	WP_011231328.1	orthogroup_255|GCF_000009785.1|WP_011231328.1	12	12	1
orthogroup_255	GCF_000011245.1	WP_011065244.1	orthogroup_255|GCF_000011245.1|WP_011065244.1	12	12	1
orthogroup_255	GCF_000017885.4	WP_012009806.1	orthogroup_255|GCF_000017885.4|WP_012009806.1	12	12	1
orthogroup_255	GCF_005671335.1	WP_053432541.1	orthogroup_255|GCF_005671335.1|WP_053432541.1	12	12	1
orthogroup_255	GCF_006094295.1	WP_000704606.1	orthogroup_255|GCF_006094295.1|WP_000704606.1	10	12	0
orthogroup_255	GCF_034478925.1	WP_009328577.1	orthogroup_255|GCF_034478925.1|WP_009328577.1	12	12	1
orthogroup_255	GCF_034479305.1	WP_094429066.1	orthogroup_255|GCF_034479305.1|WP_094429066.1	12	12	1
orthogroup_269	GCA_000015785.2	ABS73827.1	orthogroup_269|GCA_000015785.2|ABS73827.1	3	3	1
orthogroup_269	GCA_000025805.1	ADF38202.1	orthogroup_269|GCA_000025805.1|ADF38202.1	3	3	1
orthogroup_269	GCF_000009045.1	NP_389361.1	orthogroup_269|GCF_000009045.1|NP_389361.1	3	3	1
orthogroup_269	GCF_000009785.1	WP_011230571.1	orthogroup_269|GCF_000009785.1|WP_011230571.1	3	3	1
orthogroup_269	GCF_000011245.1	WP_011065829.1	orthogroup_269|GCF_000011245.1|WP_011065829.1	3	3	1
orthogroup_269	GCF_000017885.4	WP_049754946.1	orthogroup_269|GCF_000017885.4|WP_049754946.1	3	3	1
orthogroup_269	GCF_005671335.1	WP_053430866.1	orthogroup_269|GCF_005671335.1|WP_053430866.1	3	3	1
orthogroup_269	GCF_006094295.1	WP_000893662.1	orthogroup_269|GCF_006094295.1|WP_000893662.1	3	3	1
orthogroup_269	GCF_034478925.1	WP_003181448.1	orthogroup_269|GCF_034478925.1|WP_003181448.1	3	3	1
orthogroup_269	GCF_034479305.1	WP_094427301.1	orthogroup_269|GCF_034479305.1|WP_094427301.1	3	3	1
orthogroup_274	GCA_000015785.2	ABS73836.1	orthogroup_274|GCA_000015785.2|ABS73836.1	8	8	1
orthogroup_274	GCA_000025805.1	ADF38212.1	orthogroup_274|GCA_000025805.1|ADF38212.1	8	8	1
orthogroup_274	GCF_000009045.1	NP_389370.1	orthogroup_274|GCF_000009045.1|NP_389370.1	8	8	1
orthogroup_274	GCF_000009785.1	WP_011230580.1	orthogroup_274|GCF_000009785.1|WP_011230580.1	8	8	1
orthogroup_274	GCF_000011245.1	WP_011065837.1	orthogroup_274|GCF_000011245.1|WP_011065837.1	8	8	1
orthogroup_274	GCF_000017885.4	WP_003210766.1	orthogroup_274|GCF_000017885.4|WP_003210766.1	8	8	1
orthogroup_274	GCF_005671335.1	WP_053430876.1	orthogroup_274|GCF_005671335.1|WP_053430876.1	8	8	1
orthogroup_274	GCF_006094295.1	WP_001188743.1	orthogroup_274|GCF_006094295.1|WP_001188743.1	8	8	1
orthogroup_274	GCF_034478925.1	WP_003181473.1	orthogroup_274|GCF_034478925.1|WP_003181473.1	8	8	1
orthogroup_274	GCF_034479305.1	WP_094429273.1	orthogroup_274|GCF_034479305.1|WP_094429273.1	8	8	1
orthogroup_276	GCA_000015785.2	ABS73839.1	orthogroup_276|GCA_000015785.2|ABS73839.1	14	14	1
orthogroup_276	GCA_000025805.1	ADF38215.1	orthogroup_276|GCA_000025805.1|ADF38215.1	14	14	1
orthogroup_276	GCF_000009045.1	NP_389373.2	orthogroup_276|GCF_000009045.1|NP_389373.2	14	14	1
orthogroup_276	GCF_000009785.1	WP_011230583.1	orthogroup_276|GCF_000009785.1|WP_011230583.1	14	14	1
orthogroup_276	GCF_000011245.1	WP_011065840.1	orthogroup_276|GCF_000011245.1|WP_011065840.1	14	14	1
orthogroup_276	GCF_000017885.4	WP_012009844.1	orthogroup_276|GCF_000017885.4|WP_012009844.1	14	14	1
orthogroup_276	GCF_005671335.1	WP_010898765.1	orthogroup_276|GCF_005671335.1|WP_010898765.1	14	14	1
orthogroup_276	GCF_006094295.1	WP_153579316.1	orthogroup_276|GCF_006094295.1|WP_153579316.1	14	14	1
orthogroup_276	GCF_034478925.1	WP_009328562.1	orthogroup_276|GCF_034478925.1|WP_009328562.1	14	14	1
orthogroup_276	GCF_034479305.1	WP_094427311.1	orthogroup_276|GCF_034479305.1|WP_094427311.1	14	14	1
orthogroup_277	GCA_000015785.2	ABS73840.1	orthogroup_277|GCA_000015785.2|ABS73840.1	5	5	1
orthogroup_277	GCA_000025805.1	ADF38216.1	orthogroup_277|GCA_000025805.1|ADF38216.1	5	5	1
orthogroup_277	GCF_000009045.1	NP_389374.1	orthogroup_277|GCF_000009045.1|NP_389374.1	5	5	1
orthogroup_277	GCF_000009785.1	WP_011230584.1	orthogroup_277|GCF_000009785.1|WP_011230584.1	5	5	1
orthogroup_277	GCF_000011245.1	WP_011065841.1	orthogroup_277|GCF_000011245.1|WP_011065841.1	5	5	1
orthogroup_277	GCF_000017885.4	WP_003210862.1	orthogroup_277|GCF_000017885.4|WP_003210862.1	5	5	1
orthogroup_277	GCF_005671335.1	WP_010898764.1	orthogroup_277|GCF_005671335.1|WP_010898764.1	5	5	1
orthogroup_277	GCF_006094295.1	WP_000557861.1	orthogroup_277|GCF_006094295.1|WP_000557861.1	5	5	1
orthogroup_277	GCF_034478925.1	WP_003181484.1	orthogroup_277|GCF_034478925.1|WP_003181484.1	5	5	1
orthogroup_277	GCF_034479305.1	WP_094427313.1	orthogroup_277|GCF_034479305.1|WP_094427313.1	5	5	1
orthogroup_278	GCA_000015785.2	ABS73841.1	orthogroup_278|GCA_000015785.2|ABS73841.1	3	3	1
orthogroup_278	GCA_000025805.1	ADF38217.1	orthogroup_278|GCA_000025805.1|ADF38217.1	3	3	1
orthogroup_278	GCF_000009045.1	NP_389375.1	orthogroup_278|GCF_000009045.1|NP_389375.1	3	3	1
orthogroup_278	GCF_000009785.1	WP_011230585.1	orthogroup_278|GCF_000009785.1|WP_011230585.1	3	3	1
orthogroup_278	GCF_000011245.1	WP_011065842.1	orthogroup_278|GCF_000011245.1|WP_011065842.1	3	3	1
orthogroup_278	GCF_000017885.4	WP_003211520.1	orthogroup_278|GCF_000017885.4|WP_003211520.1	3	3	1
orthogroup_278	GCF_005671335.1	WP_010898763.1	orthogroup_278|GCF_005671335.1|WP_010898763.1	3	3	1
orthogroup_278	GCF_006094295.1	WP_000985706.1	orthogroup_278|GCF_006094295.1|WP_000985706.1	3	3	1
orthogroup_278	GCF_034478925.1	WP_003181487.1	orthogroup_278|GCF_034478925.1|WP_003181487.1	3	3	1
orthogroup_278	GCF_034479305.1	WP_062749139.1	orthogroup_278|GCF_034479305.1|WP_062749139.1	3	3	1
orthogroup_279	GCA_000015785.2	ABS73842.2	orthogroup_279|GCA_000015785.2|ABS73842.2	7	7	1
orthogroup_279	GCA_000025805.1	ADF38218.1	orthogroup_279|GCA_000025805.1|ADF38218.1	7	7	1
orthogroup_279	GCF_000009045.1	NP_389376.1	orthogroup_279|GCF_000009045.1|NP_389376.1	7	7	1
orthogroup_279	GCF_000009785.1	WP_011230586.1	orthogroup_279|GCF_000009785.1|WP_011230586.1	7	7	1
orthogroup_279	GCF_000011245.1	WP_011065843.1	orthogroup_279|GCF_000011245.1|WP_011065843.1	7	7	1
orthogroup_279	GCF_000017885.4	WP_012009845.1	orthogroup_279|GCF_000017885.4|WP_012009845.1	7	7	1
orthogroup_279	GCF_005671335.1	WP_010899052.1	orthogroup_279|GCF_005671335.1|WP_010899052.1	7	7	1
orthogroup_279	GCF_006094295.1	WP_000069023.1	orthogroup_279|GCF_006094295.1|WP_000069023.1	7	7	1
orthogroup_279	GCF_034478925.1	WP_011197954.1	orthogroup_279|GCF_034478925.1|WP_011197954.1	7	7	1
orthogroup_279	GCF_034479305.1	WP_094426897.1	orthogroup_279|GCF_034479305.1|WP_094426897.1	7	7	1
orthogroup_288	GCA_000015785.2	ABS73852.1	orthogroup_288|GCA_000015785.2|ABS73852.1	12	12	1
orthogroup_288	GCA_000025805.1	ADF41116.1	orthogroup_288|GCA_000025805.1|ADF41116.1	12	12	1
orthogroup_288	GCF_000009045.1	NP_389386.1	orthogroup_288|GCF_000009045.1|NP_389386.1	12	12	1
orthogroup_288	GCF_000009785.1	WP_011230600.1	orthogroup_288|GCF_000009785.1|WP_011230600.1	12	12	1
orthogroup_288	GCF_000011245.1	WP_011065853.1	orthogroup_288|GCF_000011245.1|WP_011065853.1	12	12	1
orthogroup_288	GCF_000017885.4	WP_012009854.1	orthogroup_288|GCF_000017885.4|WP_012009854.1	12	12	1
orthogroup_288	GCF_005671335.1	WP_053430893.1	orthogroup_288|GCF_005671335.1|WP_053430893.1	12	12	1
orthogroup_288	GCF_006094295.1	WP_000273082.1	orthogroup_288|GCF_006094295.1|WP_000273082.1	12	12	1
orthogroup_288	GCF_034478925.1	WP_003181511.1	orthogroup_288|GCF_034478925.1|WP_003181511.1	12	12	1
orthogroup_288	GCF_034479305.1	WP_094427337.1	orthogroup_288|GCF_034479305.1|WP_094427337.1	12	12	1
orthogroup_299	GCA_000015785.2	ABS73868.1	orthogroup_299|GCA_000015785.2|ABS73868.1	10	10	1
orthogroup_299	GCA_000025805.1	ADF41096.1	orthogroup_299|GCA_000025805.1|ADF41096.1	10	10	1
orthogroup_299	GCF_000009045.1	NP_389402.2	orthogroup_299|GCF_000009045.1|NP_389402.2	10	10	1
orthogroup_299	GCF_000009785.1	WP_011230617.1	orthogroup_299|GCF_000009785.1|WP_011230617.1	10	10	1
orthogroup_299	GCF_000011245.1	WP_011065869.1	orthogroup_299|GCF_000011245.1|WP_011065869.1	10	10	1
orthogroup_299	GCF_000017885.4	WP_003211854.1	orthogroup_299|GCF_000017885.4|WP_003211854.1	10	10	1
orthogroup_299	GCF_005671335.1	WP_053431954.1	orthogroup_299|GCF_005671335.1|WP_053431954.1	10	10	1
orthogroup_299	GCF_006094295.1	WP_000893060.1	orthogroup_299|GCF_006094295.1|WP_000893060.1	10	10	1
orthogroup_299	GCF_034478925.1	WP_003181543.1	orthogroup_299|GCF_034478925.1|WP_003181543.1	10	10	1
orthogroup_299	GCF_034479305.1	WP_094427368.1	orthogroup_299|GCF_034479305.1|WP_094427368.1	10	10	1
orthogroup_301	GCA_000015785.2	ABS73870.1	orthogroup_301|GCA_000015785.2|ABS73870.1	10	10	1
orthogroup_301	GCA_000025805.1	ADF41094.1	orthogroup_301|GCA_000025805.1|ADF41094.1	9	10	0
orthogroup_301	GCF_000009045.1	NP_389404.1	orthogroup_301|GCF_000009045.1|NP_389404.1	10	10	1
orthogroup_301	GCF_000009785.1	WP_011230619.1	orthogroup_301|GCF_000009785.1|WP_011230619.1	10	10	1
orthogroup_301	GCF_000011245.1	WP_081427510.1	orthogroup_301|GCF_000011245.1|WP_081427510.1	10	10	1
orthogroup_301	GCF_000017885.4	WP_003212197.1	orthogroup_301|GCF_000017885.4|WP_003212197.1	10	10	1
orthogroup_301	GCF_005671335.1	WP_010898717.1	orthogroup_301|GCF_005671335.1|WP_010898717.1	10	10	1
orthogroup_301	GCF_006094295.1	WP_000753520.1	orthogroup_301|GCF_006094295.1|WP_000753520.1	10	10	1
orthogroup_301	GCF_034478925.1	WP_003181546.1	orthogroup_301|GCF_034478925.1|WP_003181546.1	10	10	1
orthogroup_301	GCF_034479305.1	WP_094427372.1	orthogroup_301|GCF_034479305.1|WP_094427372.1	10	10	1
orthogroup_305	GCA_000015785.2	ABS73877.1	orthogroup_305|GCA_000015785.2|ABS73877.1	5	5	1
orthogroup_305	GCA_000025805.1	ADF41089.1	orthogroup_305|GCA_000025805.1|ADF41089.1	5	5	1
orthogroup_305	GCF_000009045.1	NP_389414.1	orthogroup_305|GCF_000009045.1|NP_389414.1	5	5	1
orthogroup_305	GCF_000009785.1	WP_011230626.1	orthogroup_305|GCF_000009785.1|WP_011230626.1	5	5	1
orthogroup_305	GCF_000011245.1	WP_011065875.1	orthogroup_305|GCF_000011245.1|WP_011065875.1	5	5	1
orthogroup_305	GCF_000017885.4	WP_012009877.1	orthogroup_305|GCF_000017885.4|WP_012009877.1	5	5	1
orthogroup_305	GCF_005671335.1	WP_053430909.1	orthogroup_305|GCF_005671335.1|WP_053430909.1	5	5	1
orthogroup_305	GCF_006094295.1	WP_000261975.1	orthogroup_305|GCF_006094295.1|WP_000261975.1	5	5	1
orthogroup_305	GCF_034478925.1	WP_009328548.1	orthogroup_305|GCF_034478925.1|WP_009328548.1	5	5	1
orthogroup_305	GCF_034479305.1	WP_094427382.1	orthogroup_305|GCF_034479305.1|WP_094427382.1	5	5	1
orthogroup_315	GCA_000015785.2	ABS73891.1	orthogroup_315|GCA_000015785.2|ABS73891.1	4	4	1
orthogroup_315	GCA_000025805.1	ADF41077.1	orthogroup_315|GCA_000025805.1|ADF41077.1	4	4	1
orthogroup_315	GCF_000009045.1	NP_389428.1	orthogroup_315|GCF_000009045.1|NP_389428.1	4	4	1
orthogroup_315	GCF_000009785.1	WP_081430696.1	orthogroup_315|GCF_000009785.1|WP_081430696.1	4	4	1
orthogroup_315	GCF_000011245.1	WP_011065886.1	orthogroup_315|GCF_000011245.1|WP_011065886.1	4	4	1
orthogroup_315	GCF_000017885.4	WP_012009890.1	orthogroup_315|GCF_000017885.4|WP_012009890.1	4	4	1
orthogroup_315	GCF_005671335.1	WP_053430917.1	orthogroup_315|GCF_005671335.1|WP_053430917.1	4	4	1
orthogroup_315	GCF_006094295.1	WP_000642185.1	orthogroup_315|GCF_006094295.1|WP_000642185.1	4	4	1
orthogroup_315	GCF_034478925.1	WP_009328542.1	orthogroup_315|GCF_034478925.1|WP_009328542.1	4	4	1
orthogroup_315	GCF_034479305.1	WP_094427398.1	orthogroup_315|GCF_034479305.1|WP_094427398.1	4	4	1
orthogroup_318	GCA_000015785.2	ABS73894.1	orthogroup_318|GCA_000015785.2|ABS73894.1	14	14	1
orthogroup_318	GCA_000025805.1	ADF41074.1	orthogroup_318|GCA_000025805.1|ADF41074.1	14	14	1
orthogroup_318	GCF_000009045.1	NP_389431.2	orthogroup_318|GCF_000009045.1|NP_389431.2	14	14	1
orthogroup_318	GCF_000009785.1	WP_011230648.1	orthogroup_318|GCF_000009785.1|WP_011230648.1	14	14	1
orthogroup_318	GCF_000011245.1	WP_011066686.1	orthogroup_318|GCF_000011245.1|WP_011066686.1	14	14	1
orthogroup_318	GCF_000017885.4	WP_012009893.1	orthogroup_318|GCF_000017885.4|WP_012009893.1	14	14	1
orthogroup_318	GCF_005671335.1	WP_138090574.1	orthogroup_318|GCF_005671335.1|WP_138090574.1	14	14	1
orthogroup_318	GCF_006094295.1	WP_000435928.1	orthogroup_318|GCF_006094295.1|WP_000435928.1	14	14	1
orthogroup_318	GCF_034478925.1	WP_003181617.1	orthogroup_318|GCF_034478925.1|WP_003181617.1	14	14	1
orthogroup_318	GCF_034479305.1	WP_094427403.1	orthogroup_318|GCF_034479305.1|WP_094427403.1	14	14	1
orthogroup_329	GCA_000015785.2	ABS73911.1	orthogroup_329|GCA_000015785.2|ABS73911.1	10	10	1
orthogroup_329	GCA_000025805.1	ADF41064.1	orthogroup_329|GCA_000025805.1|ADF41064.1	10	10	1
orthogroup_329	GCF_000009045.1	NP_389448.1	orthogroup_329|GCF_000009045.1|NP_389448.1	10	10	1
orthogroup_329	GCF_000009785.1	WP_011230664.1	orthogroup_329|GCF_000009785.1|WP_011230664.1	10	10	1
orthogroup_329	GCF_000011245.1	WP_011065901.1	orthogroup_329|GCF_000011245.1|WP_011065901.1	10	10	1
orthogroup_329	GCF_000017885.4	WP_012009910.1	orthogroup_329|GCF_000017885.4|WP_012009910.1	10	10	1
orthogroup_329	GCF_005671335.1	WP_010898666.1	orthogroup_329|GCF_005671335.1|WP_010898666.1	10	10	1
orthogroup_329	GCF_006094295.1	WP_001104778.1	orthogroup_329|GCF_006094295.1|WP_001104778.1	10	10	1
orthogroup_329	GCF_034478925.1	WP_003181653.1	orthogroup_329|GCF_034478925.1|WP_003181653.1	10	10	1
orthogroup_329	GCF_034479305.1	WP_094429276.1	orthogroup_329|GCF_034479305.1|WP_094429276.1	10	10	1
orthogroup_377	GCA_000015785.2	ABS73982.1	orthogroup_377|GCA_000015785.2|ABS73982.1	4	4	1
orthogroup_377	GCA_000025805.1	ADF40995.1	orthogroup_377|GCA_000025805.1|ADF40995.1	4	4	1
orthogroup_377	GCF_000009045.1	NP_389517.1	orthogroup_377|GCF_000009045.1|NP_389517.1	4	4	1
orthogroup_377	GCF_000009785.1	WP_011230734.1	orthogroup_377|GCF_000009785.1|WP_011230734.1	4	4	1
orthogroup_377	GCF_000011245.1	WP_011065971.1	orthogroup_377|GCF_000011245.1|WP_011065971.1	2	4	0
orthogroup_377	GCF_000017885.4	WP_007499580.1	orthogroup_377|GCF_000017885.4|WP_007499580.1	4	4	1
orthogroup_377	GCF_005671335.1	WP_010898595.1	orthogroup_377|GCF_005671335.1|WP_010898595.1	4	4	1
orthogroup_377	GCF_006094295.1	WP_001220582.1	orthogroup_377|GCF_006094295.1|WP_001220582.1	4	4	1
orthogroup_377	GCF_034478925.1	WP_009328512.1	orthogroup_377|GCF_034478925.1|WP_009328512.1	4	4	1
orthogroup_377	GCF_034479305.1	WP_375071307.1	orthogroup_377|GCF_034479305.1|WP_375071307.1	4	4	1
orthogroup_379	GCA_000015785.2	ABS73985.1	orthogroup_379|GCA_000015785.2|ABS73985.1	4	4	1
orthogroup_379	GCA_000025805.1	ADF40992.1	orthogroup_379|GCA_000025805.1|ADF40992.1	4	4	1
orthogroup_379	GCF_000009045.1	NP_389520.1	orthogroup_379|GCF_000009045.1|NP_389520.1	4	4	1
orthogroup_379	GCF_000009785.1	WP_011230737.1	orthogroup_379|GCF_000009785.1|WP_011230737.1	4	4	1
orthogroup_379	GCF_000011245.1	WP_011065974.1	orthogroup_379|GCF_000011245.1|WP_011065974.1	4	4	1
orthogroup_379	GCF_000017885.4	WP_012009968.1	orthogroup_379|GCF_000017885.4|WP_012009968.1	4	4	1
orthogroup_379	GCF_005671335.1	WP_138090558.1	orthogroup_379|GCF_005671335.1|WP_138090558.1	4	4	1
orthogroup_379	GCF_006094295.1	WP_001030109.1	orthogroup_379|GCF_006094295.1|WP_001030109.1	4	4	1
orthogroup_379	GCF_034478925.1	WP_003181806.1	orthogroup_379|GCF_034478925.1|WP_003181806.1	4	4	1
orthogroup_379	GCF_034479305.1	WP_094427569.1	orthogroup_379|GCF_034479305.1|WP_094427569.1	4	4	1
orthogroup_380	GCA_000015785.2	ABS73986.1	orthogroup_380|GCA_000015785.2|ABS73986.1	8	8	1
orthogroup_380	GCA_000025805.1	ADF40991.1	orthogroup_380|GCA_000025805.1|ADF40991.1	8	8	1
orthogroup_380	GCF_000009045.1	NP_389521.2	orthogroup_380|GCF_000009045.1|NP_389521.2	8	8	1
orthogroup_380	GCF_000009785.1	WP_011230738.1	orthogroup_380|GCF_000009785.1|WP_011230738.1	8	8	1
orthogroup_380	GCF_000011245.1	WP_011065975.1	orthogroup_380|GCF_000011245.1|WP_011065975.1	8	8	1
orthogroup_380	GCF_000017885.4	WP_012009969.1	orthogroup_380|GCF_000017885.4|WP_012009969.1	8	8	1
orthogroup_380	GCF_005671335.1	WP_138090556.1	orthogroup_380|GCF_005671335.1|WP_138090556.1	8	8	1
orthogroup_380	GCF_006094295.1	WP_000472537.1	orthogroup_380|GCF_006094295.1|WP_000472537.1	8	8	1
orthogroup_380	GCF_034478925.1	WP_003181808.1	orthogroup_380|GCF_034478925.1|WP_003181808.1	8	8	1
orthogroup_380	GCF_034479305.1	WP_094427571.1	orthogroup_380|GCF_034479305.1|WP_094427571.1	8	8	1
orthogroup_386	GCA_000015785.2	ABS74001.2	orthogroup_386|GCA_000015785.2|ABS74001.2	9	9	1
orthogroup_386	GCA_000025805.1	ADF40977.1	orthogroup_386|GCA_000025805.1|ADF40977.1	9	9	1
orthogroup_386	GCF_000009045.1	NP_389536.1	orthogroup_386|GCF_000009045.1|NP_389536.1	9	9	1
orthogroup_386	GCF_000009785.1	WP_011230754.1	orthogroup_386|GCF_000009785.1|WP_011230754.1	9	9	1
orthogroup_386	GCF_000011245.1	WP_011065991.1	orthogroup_386|GCF_000011245.1|WP_011065991.1	9	9	1
orthogroup_386	GCF_000017885.4	WP_041815514.1	orthogroup_386|GCF_000017885.4|WP_041815514.1	9	9	1
orthogroup_386	GCF_005671335.1	WP_138090549.1	orthogroup_386|GCF_005671335.1|WP_138090549.1	9	9	1
orthogroup_386	GCF_006094295.1	WP_000813592.1	orthogroup_386|GCF_006094295.1|WP_000813592.1	9	9	1
orthogroup_386	GCF_034478925.1	WP_011197978.1	orthogroup_386|GCF_034478925.1|WP_011197978.1	9	9	1
orthogroup_386	GCF_034479305.1	WP_011247080.1	orthogroup_386|GCF_034479305.1|WP_011247080.1	9	9	1
orthogroup_407	GCA_000015785.2	ABS74028.1	orthogroup_407|GCA_000015785.2|ABS74028.1	4	4	1
orthogroup_407	GCA_000025805.1	ADF40950.1	orthogroup_407|GCA_000025805.1|ADF40950.1	4	4	1
orthogroup_407	GCF_000009045.1	NP_389562.3	orthogroup_407|GCF_000009045.1|NP_389562.3	4	4	1
orthogroup_407	GCF_000009785.1	WP_011230781.1	orthogroup_407|GCF_000009785.1|WP_011230781.1	4	4	1
orthogroup_407	GCF_000011245.1	WP_011066014.1	orthogroup_407|GCF_000011245.1|WP_011066014.1	4	4	1
orthogroup_407	GCF_000017885.4	WP_012010009.1	orthogroup_407|GCF_000017885.4|WP_012010009.1	4	4	1
orthogroup_407	GCF_005671335.1	WP_053430977.1	orthogroup_407|GCF_005671335.1|WP_053430977.1	4	4	1
orthogroup_407	GCF_006094295.1	WP_001118782.1	orthogroup_407|GCF_006094295.1|WP_001118782.1	4	4	1
orthogroup_407	GCF_034478925.1	WP_011197982.1	orthogroup_407|GCF_034478925.1|WP_011197982.1	4	4	1
orthogroup_407	GCF_034479305.1	WP_094427649.1	orthogroup_407|GCF_034479305.1|WP_094427649.1	4	4	1
orthogroup_414	GCA_000015785.2	ABS74039.1	orthogroup_414|GCA_000015785.2|ABS74039.1	6	6	1
orthogroup_414	GCA_000025805.1	ADF40938.1	orthogroup_414|GCA_000025805.1|ADF40938.1	6	6	1
orthogroup_414	GCF_000009045.1	NP_389574.2	orthogroup_414|GCF_000009045.1|NP_389574.2	6	6	1
orthogroup_414	GCF_000009785.1	WP_011230793.1	orthogroup_414|GCF_000009785.1|WP_011230793.1	6	6	1
orthogroup_414	GCF_000011245.1	WP_011066022.1	orthogroup_414|GCF_000011245.1|WP_011066022.1	6	6	1
orthogroup_414	GCF_000017885.4	WP_012010018.1	orthogroup_414|GCF_000017885.4|WP_012010018.1	6	6	1
orthogroup_414	GCF_005671335.1	WP_010898539.1	orthogroup_414|GCF_005671335.1|WP_010898539.1	6	6	1
orthogroup_414	GCF_006094295.1	WP_001052967.1	orthogroup_414|GCF_006094295.1|WP_001052967.1	6	6	1
orthogroup_414	GCF_034478925.1	WP_003181921.1	orthogroup_414|GCF_034478925.1|WP_003181921.1	6	6	1
orthogroup_414	GCF_034479305.1	WP_011247045.1	orthogroup_414|GCF_034479305.1|WP_011247045.1	6	6	1
orthogroup_453	GCA_000015785.2	ABS74287.1	orthogroup_453|GCA_000015785.2|ABS74287.1	10	10	1
orthogroup_453	GCA_000025805.1	ADF38811.1	orthogroup_453|GCA_000025805.1|ADF38811.1	10	10	1
orthogroup_453	GCF_000009045.1	NP_389830.2	orthogroup_453|GCF_000009045.1|NP_389830.2	10	10	1
orthogroup_453	GCF_000009785.1	WP_011231080.1	orthogroup_453|GCF_000009785.1|WP_011231080.1	10	10	1
orthogroup_453	GCF_000011245.1	WP_011067443.1	orthogroup_453|GCF_000011245.1|WP_011067443.1	10	10	1
orthogroup_453	GCF_000017885.4	WP_012010264.1	orthogroup_453|GCF_000017885.4|WP_012010264.1	10	10	1
orthogroup_453	GCF_005671335.1	WP_053430022.1	orthogroup_453|GCF_005671335.1|WP_053430022.1	10	10	1
orthogroup_453	GCF_006094295.1	WP_000535539.1	orthogroup_453|GCF_006094295.1|WP_000535539.1	10	10	1
orthogroup_453	GCF_034478925.1	WP_011198052.1	orthogroup_453|GCF_034478925.1|WP_011198052.1	10	10	1
orthogroup_453	GCF_034479305.1	WP_094423783.1	orthogroup_453|GCF_034479305.1|WP_094423783.1	10	10	1
orthogroup_478	GCA_000015785.2	ABS74428.1	orthogroup_478|GCA_000015785.2|ABS74428.1	6	6	1
orthogroup_478	GCA_000025805.1	ADF38224.1	orthogroup_478|GCA_000025805.1|ADF38224.1	7	6	0
orthogroup_478	GCF_000009045.1	NP_390132.2	orthogroup_478|GCF_000009045.1|NP_390132.2	7	6	0
orthogroup_478	GCF_000009785.1	WP_011231672.1	orthogroup_478|GCF_000009785.1|WP_011231672.1	6	6	1
orthogroup_478	GCF_000011245.1	WP_011066169.1	orthogroup_478|GCF_000011245.1|WP_011066169.1	6	6	1
orthogroup_478	GCF_000017885.4	WP_012010366.1	orthogroup_478|GCF_000017885.4|WP_012010366.1	6	6	1
orthogroup_478	GCF_005671335.1	WP_010897840.1	orthogroup_478|GCF_005671335.1|WP_010897840.1	6	6	1
orthogroup_478	GCF_006094295.1	WP_000202121.1	orthogroup_478|GCF_006094295.1|WP_000202121.1	7	6	0
orthogroup_478	GCF_034478925.1	WP_003182943.1	orthogroup_478|GCF_034478925.1|WP_003182943.1	6	6	1
orthogroup_478	GCF_034479305.1	WP_011246757.1	orthogroup_478|GCF_034479305.1|WP_011246757.1	7	6	0
orthogroup_479	GCA_000015785.2	ABS74431.2	orthogroup_479|GCA_000015785.2|ABS74431.2	6	6	1
orthogroup_479	GCA_000025805.1	ADF41125.1	orthogroup_479|GCA_000025805.1|ADF41125.1	6	6	1
orthogroup_479	GCF_000009045.1	NP_390134.1	orthogroup_479|GCF_000009045.1|NP_390134.1	6	6	1
orthogroup_479	GCF_000009785.1	WP_011231674.1	orthogroup_479|GCF_000009785.1|WP_011231674.1	6	6	1
orthogroup_479	GCF_000011245.1	WP_011066172.1	orthogroup_479|GCF_000011245.1|WP_011066172.1	6	6	1
orthogroup_479	GCF_000017885.4	WP_041815659.1	orthogroup_479|GCF_000017885.4|WP_041815659.1	6	6	1
orthogroup_479	GCF_005671335.1	WP_138090413.1	orthogroup_479|GCF_005671335.1|WP_138090413.1	6	6	1
orthogroup_479	GCF_006094295.1	WP_025709269.1	orthogroup_479|GCF_006094295.1|WP_025709269.1	6	6	1
orthogroup_479	GCF_034478925.1	WP_011201684.1	orthogroup_479|GCF_034478925.1|WP_011201684.1	6	6	1
orthogroup_479	GCF_034479305.1	WP_094429297.1	orthogroup_479|GCF_034479305.1|WP_094429297.1	6	6	1
orthogroup_480	GCA_000015785.2	ABS74432.1	orthogroup_480|GCA_000015785.2|ABS74432.1	3	3	1
orthogroup_480	GCA_000025805.1	ADF41126.1	orthogroup_480|GCA_000025805.1|ADF41126.1	3	3	1
orthogroup_480	GCF_000009045.1	NP_390135.1	orthogroup_480|GCF_000009045.1|NP_390135.1	3	3	1
orthogroup_480	GCF_000009785.1	WP_011231675.1	orthogroup_480|GCF_000009785.1|WP_011231675.1	3	3	1
orthogroup_480	GCF_000011245.1	WP_011066173.1	orthogroup_480|GCF_000011245.1|WP_011066173.1	3	3	1
orthogroup_480	GCF_000017885.4	WP_012010369.1	orthogroup_480|GCF_000017885.4|WP_012010369.1	3	3	1
orthogroup_480	GCF_005671335.1	WP_010897836.1	orthogroup_480|GCF_005671335.1|WP_010897836.1	3	3	1
orthogroup_480	GCF_006094295.1	WP_000554603.1	orthogroup_480|GCF_006094295.1|WP_000554603.1	3	3	1
orthogroup_480	GCF_034478925.1	WP_003182950.1	orthogroup_480|GCF_034478925.1|WP_003182950.1	3	3	1
orthogroup_480	GCF_034479305.1	WP_094428169.1	orthogroup_480|GCF_034479305.1|WP_094428169.1	3	3	1
orthogroup_481	GCA_000015785.2	ABS74433.1	orthogroup_481|GCA_000015785.2|ABS74433.1	4	4	1
orthogroup_481	GCA_000025805.1	ADF41127.1	orthogroup_481|GCA_000025805.1|ADF41127.1	4	4	1
orthogroup_481	GCF_000009045.1	NP_390136.1	orthogroup_481|GCF_000009045.1|NP_390136.1	4	4	1
orthogroup_481	GCF_000009785.1	WP_011231676.1	orthogroup_481|GCF_000009785.1|WP_011231676.1	4	4	1
orthogroup_481	GCF_000011245.1	WP_011066174.1	orthogroup_481|GCF_000011245.1|WP_011066174.1	4	4	1
orthogroup_481	GCF_000017885.4	WP_003215804.1	orthogroup_481|GCF_000017885.4|WP_003215804.1	4	4	1
orthogroup_481	GCF_005671335.1	WP_010897835.1	orthogroup_481|GCF_005671335.1|WP_010897835.1	4	4	1
orthogroup_481	GCF_006094295.1	WP_000932700.1	orthogroup_481|GCF_006094295.1|WP_000932700.1	4	4	1
orthogroup_481	GCF_034478925.1	WP_003182952.1	orthogroup_481|GCF_034478925.1|WP_003182952.1	4	4	1
orthogroup_481	GCF_034479305.1	WP_011246751.1	orthogroup_481|GCF_034479305.1|WP_011246751.1	4	4	1
orthogroup_511	GCA_000015785.2	ABS74477.2	orthogroup_511|GCA_000015785.2|ABS74477.2	6	6	1
orthogroup_511	GCA_000025805.1	ADF41176.1	orthogroup_511|GCA_000025805.1|ADF41176.1	6	6	1
orthogroup_511	GCF_000009045.1	NP_390182.1	orthogroup_511|GCF_000009045.1|NP_390182.1	6	6	1
orthogroup_511	GCF_000009785.1	WP_011231726.1	orthogroup_511|GCF_000009785.1|WP_011231726.1	6	6	1
orthogroup_511	GCF_000011245.1	WP_011066211.1	orthogroup_511|GCF_000011245.1|WP_011066211.1	6	6	1
orthogroup_511	GCF_000017885.4	WP_012010411.1	orthogroup_511|GCF_000017885.4|WP_012010411.1	6	6	1
orthogroup_511	GCF_005671335.1	WP_053431387.1	orthogroup_511|GCF_005671335.1|WP_053431387.1	6	6	1
orthogroup_511	GCF_006094295.1	WP_001025780.1	orthogroup_511|GCF_006094295.1|WP_001025780.1	6	6	1
orthogroup_511	GCF_034478925.1	WP_003183057.1	orthogroup_511|GCF_034478925.1|WP_003183057.1	6	6	1
orthogroup_511	GCF_034479305.1	WP_094428275.1	orthogroup_511|GCF_034479305.1|WP_094428275.1	6	6	1
orthogroup_516	GCA_000015785.2	ABS74488.2	orthogroup_516|GCA_000015785.2|ABS74488.2	10	10	1
orthogroup_516	GCA_000025805.1	ADF41185.1	orthogroup_516|GCA_000025805.1|ADF41185.1	10	10	1
orthogroup_516	GCF_000009045.1	NP_390194.2	orthogroup_516|GCF_000009045.1|NP_390194.2	10	10	1
orthogroup_516	GCF_000009785.1	WP_011231762.1	orthogroup_516|GCF_000009785.1|WP_011231762.1	10	10	1
orthogroup_516	GCF_000011245.1	WP_011066218.1	orthogroup_516|GCF_000011245.1|WP_011066218.1	10	10	1
orthogroup_516	GCF_000017885.4	WP_012010421.1	orthogroup_516|GCF_000017885.4|WP_012010421.1	10	10	1
orthogroup_516	GCF_005671335.1	WP_010897742.1	orthogroup_516|GCF_005671335.1|WP_010897742.1	10	10	1
orthogroup_516	GCF_006094295.1	WP_000250086.1	orthogroup_516|GCF_006094295.1|WP_000250086.1	10	10	1
orthogroup_516	GCF_034478925.1	WP_003183086.1	orthogroup_516|GCF_034478925.1|WP_003183086.1	10	10	1
orthogroup_516	GCF_034479305.1	WP_094428293.1	orthogroup_516|GCF_034479305.1|WP_094428293.1	10	10	1
orthogroup_517	GCA_000015785.2	ABS74489.1	orthogroup_517|GCA_000015785.2|ABS74489.1	4	4	1
orthogroup_517	GCA_000025805.1	ADF41186.1	orthogroup_517|GCA_000025805.1|ADF41186.1	4	4	1
orthogroup_517	GCF_000009045.1	NP_390195.1	orthogroup_517|GCF_000009045.1|NP_390195.1	4	4	1
orthogroup_517	GCF_000009785.1	WP_011231763.1	orthogroup_517|GCF_000009785.1|WP_011231763.1	4	4	1
orthogroup_517	GCF_000011245.1	WP_011066219.1	orthogroup_517|GCF_000011245.1|WP_011066219.1	4	4	1
orthogroup_517	GCF_000017885.4	WP_012010422.1	orthogroup_517|GCF_000017885.4|WP_012010422.1	4	4	1
orthogroup_517	GCF_005671335.1	WP_010897741.1	orthogroup_517|GCF_005671335.1|WP_010897741.1	4	4	1
orthogroup_517	GCF_006094295.1	WP_000910524.1	orthogroup_517|GCF_006094295.1|WP_000910524.1	4	4	1
orthogroup_517	GCF_034478925.1	WP_011198082.1	orthogroup_517|GCF_034478925.1|WP_011198082.1	4	4	1
orthogroup_517	GCF_034479305.1	WP_094428295.1	orthogroup_517|GCF_034479305.1|WP_094428295.1	4	4	1
orthogroup_520	GCA_000015785.2	ABS74492.1	orthogroup_520|GCA_000015785.2|ABS74492.1	5	5	1
orthogroup_520	GCA_000025805.1	ADF41189.1	orthogroup_520|GCA_000025805.1|ADF41189.1	5	5	1
orthogroup_520	GCF_000009045.1	NP_390198.2	orthogroup_520|GCF_000009045.1|NP_390198.2	6	5	0
orthogroup_520	GCF_000009785.1	WP_011231766.1	orthogroup_520|GCF_000009785.1|WP_011231766.1	6	5	0
orthogroup_520	GCF_000011245.1	WP_011066222.1	orthogroup_520|GCF_000011245.1|WP_011066222.1	5	5	1
orthogroup_520	GCF_000017885.4	WP_003216139.1	orthogroup_520|GCF_000017885.4|WP_003216139.1	5	5	1
orthogroup_520	GCF_005671335.1	WP_010897738.1	orthogroup_520|GCF_005671335.1|WP_010897738.1	5	5	1
orthogroup_520	GCF_006094295.1	WP_000029514.1	orthogroup_520|GCF_006094295.1|WP_000029514.1	6	5	0
orthogroup_520	GCF_034478925.1	WP_003183094.1	orthogroup_520|GCF_034478925.1|WP_003183094.1	4	5	0
orthogroup_520	GCF_034479305.1	WP_062747090.1	orthogroup_520|GCF_034479305.1|WP_062747090.1	6	5	0
orthogroup_521	GCA_000015785.2	ABS74493.1	orthogroup_521|GCA_000015785.2|ABS74493.1	6	6	1
orthogroup_521	GCA_000025805.1	ADF41190.1	orthogroup_521|GCA_000025805.1|ADF41190.1	6	6	1
orthogroup_521	GCF_000009045.1	NP_390199.1	orthogroup_521|GCF_000009045.1|NP_390199.1	6	6	1
orthogroup_521	GCF_000009785.1	WP_011231767.1	orthogroup_521|GCF_000009785.1|WP_011231767.1	6	6	1
orthogroup_521	GCF_000011245.1	WP_011066223.1	orthogroup_521|GCF_000011245.1|WP_011066223.1	3	6	0
orthogroup_521	GCF_000017885.4	WP_012010425.1	orthogroup_521|GCF_000017885.4|WP_012010425.1	6	6	1
orthogroup_521	GCF_005671335.1	WP_010897737.1	orthogroup_521|GCF_005671335.1|WP_010897737.1	6	6	1
orthogroup_521	GCF_006094295.1	WP_000247811.1	orthogroup_521|GCF_006094295.1|WP_000247811.1	6	6	1
orthogroup_521	GCF_034478925.1	WP_009327965.1	orthogroup_521|GCF_034478925.1|WP_009327965.1	6	6	1
orthogroup_521	GCF_034479305.1	WP_094428299.1	orthogroup_521|GCF_034479305.1|WP_094428299.1	6	6	1
orthogroup_529	GCA_000015785.2	ABS74510.1	orthogroup_529|GCA_000015785.2|ABS74510.1	6	6	1
orthogroup_529	GCA_000025805.1	ADF41200.1	orthogroup_529|GCA_000025805.1|ADF41200.1	6	6	1
orthogroup_529	GCF_000009045.1	NP_390220.2	orthogroup_529|GCF_000009045.1|NP_390220.2	6	6	1
orthogroup_529	GCF_000009785.1	WP_011231783.1	orthogroup_529|GCF_000009785.1|WP_011231783.1	6	6	1
orthogroup_529	GCF_000011245.1	WP_011066232.1	orthogroup_529|GCF_000011245.1|WP_011066232.1	6	6	1
orthogroup_529	GCF_000017885.4	WP_003215696.1	orthogroup_529|GCF_000017885.4|WP_003215696.1	6	6	1
orthogroup_529	GCF_005671335.1	WP_053431423.1	orthogroup_529|GCF_005671335.1|WP_053431423.1	6	6	1
orthogroup_529	GCF_006094295.1	WP_000165595.1	orthogroup_529|GCF_006094295.1|WP_000165595.1	6	6	1
orthogroup_529	GCF_034478925.1	WP_003183145.1	orthogroup_529|GCF_034478925.1|WP_003183145.1	6	6	1
orthogroup_529	GCF_034479305.1	WP_063609350.1	orthogroup_529|GCF_034479305.1|WP_063609350.1	6	6	1
orthogroup_539	GCA_000015785.2	ABS74526.1	orthogroup_539|GCA_000015785.2|ABS74526.1	5	5	1
orthogroup_539	GCA_000025805.1	ADF41216.1	orthogroup_539|GCA_000025805.1|ADF41216.1	5	5	1
orthogroup_539	GCF_000009045.1	NP_390234.1	orthogroup_539|GCF_000009045.1|NP_390234.1	5	5	1
orthogroup_539	GCF_000009785.1	WP_011231800.1	orthogroup_539|GCF_000009785.1|WP_011231800.1	5	5	1
orthogroup_539	GCF_000011245.1	WP_011066246.1	orthogroup_539|GCF_000011245.1|WP_011066246.1	5	5	1
orthogroup_539	GCF_000017885.4	WP_012010454.1	orthogroup_539|GCF_000017885.4|WP_012010454.1	5	5	1
orthogroup_539	GCF_005671335.1	WP_010897691.1	orthogroup_539|GCF_005671335.1|WP_010897691.1	5	5	1
orthogroup_539	GCF_006094295.1	WP_013142149.1	orthogroup_539|GCF_006094295.1|WP_013142149.1	5	5	1
orthogroup_539	GCF_034478925.1	WP_003183180.1	orthogroup_539|GCF_034478925.1|WP_003183180.1	5	5	1
orthogroup_539	GCF_034479305.1	WP_094428362.1	orthogroup_539|GCF_034479305.1|WP_094428362.1	5	5	1
orthogroup_544	GCA_000015785.2	ABS74586.1	orthogroup_544|GCA_000015785.2|ABS74586.1	6	6	1
orthogroup_544	GCA_000025805.1	ADF41245.1	orthogroup_544|GCA_000025805.1|ADF41245.1	6	6	1
orthogroup_544	GCF_000009045.1	NP_390275.2	orthogroup_544|GCF_000009045.1|NP_390275.2	6	6	1
orthogroup_544	GCF_000009785.1	WP_011231835.1	orthogroup_544|GCF_000009785.1|WP_011231835.1	6	6	1
orthogroup_544	GCF_000011245.1	WP_011066258.1	orthogroup_544|GCF_000011245.1|WP_011066258.1	6	6	1
orthogroup_544	GCF_000017885.4	WP_012010503.1	orthogroup_544|GCF_000017885.4|WP_012010503.1	6	6	1
orthogroup_544	GCF_005671335.1	WP_053431461.1	orthogroup_544|GCF_005671335.1|WP_053431461.1	6	6	1
orthogroup_544	GCF_006094295.1	WP_000472671.1	orthogroup_544|GCF_006094295.1|WP_000472671.1	6	6	1
orthogroup_544	GCF_034478925.1	WP_011198105.1	orthogroup_544|GCF_034478925.1|WP_011198105.1	6	6	1
orthogroup_544	GCF_034479305.1	WP_094428419.1	orthogroup_544|GCF_034479305.1|WP_094428419.1	6	6	1
orthogroup_573	GCA_000015785.2	ABS74634.2	orthogroup_573|GCA_000015785.2|ABS74634.2	4	4	1
orthogroup_573	GCA_000025805.1	ADF41283.1	orthogroup_573|GCA_000025805.1|ADF41283.1	4	4	1
orthogroup_573	GCF_000009045.1	NP_390320.1	orthogroup_573|GCF_000009045.1|NP_390320.1	4	4	1
orthogroup_573	GCF_000009785.1	WP_011231887.1	orthogroup_573|GCF_000009785.1|WP_011231887.1	4	4	1
orthogroup_573	GCF_000011245.1	WP_011066288.1	orthogroup_573|GCF_000011245.1|WP_011066288.1	4	4	1
orthogroup_573	GCF_000017885.4	WP_087978339.1	orthogroup_573|GCF_000017885.4|WP_087978339.1	4	4	1
orthogroup_573	GCF_005671335.1	WP_041820716.1	orthogroup_573|GCF_005671335.1|WP_041820716.1	4	4	1
orthogroup_573	GCF_006094295.1	WP_077393170.1	orthogroup_573|GCF_006094295.1|WP_077393170.1	4	4	1
orthogroup_573	GCF_034478925.1	WP_254926369.1	orthogroup_573|GCF_034478925.1|WP_254926369.1	4	4	1
orthogroup_573	GCF_034479305.1	WP_073304298.1	orthogroup_573|GCF_034479305.1|WP_073304298.1	4	4	1
orthogroup_579	GCA_000015785.2	ABS74641.1	orthogroup_579|GCA_000015785.2|ABS74641.1	4	4	1
orthogroup_579	GCA_000025805.1	ADF41291.1	orthogroup_579|GCA_000025805.1|ADF41291.1	4	4	1
orthogroup_579	GCF_000009045.1	NP_390328.1	orthogroup_579|GCF_000009045.1|NP_390328.1	4	4	1
orthogroup_579	GCF_000009785.1	WP_011231894.1	orthogroup_579|GCF_000009785.1|WP_011231894.1	4	4	1
orthogroup_579	GCF_000011245.1	WP_011066294.1	orthogroup_579|GCF_000011245.1|WP_011066294.1	4	4	1
orthogroup_579	GCF_000017885.4	WP_012010544.1	orthogroup_579|GCF_000017885.4|WP_012010544.1	4	4	1
orthogroup_579	GCF_005671335.1	WP_053430714.1	orthogroup_579|GCF_005671335.1|WP_053430714.1	4	4	1
orthogroup_579	GCF_006094295.1	WP_000076881.1	orthogroup_579|GCF_006094295.1|WP_000076881.1	4	4	1
orthogroup_579	GCF_034478925.1	WP_003183417.1	orthogroup_579|GCF_034478925.1|WP_003183417.1	4	4	1
orthogroup_579	GCF_034479305.1	WP_094427038.1	orthogroup_579|GCF_034479305.1|WP_094427038.1	4	4	1
orthogroup_593	GCA_000015785.2	ABS74671.1	orthogroup_593|GCA_000015785.2|ABS74671.1	3	3	1
orthogroup_593	GCA_000025805.1	ADF41312.1	orthogroup_593|GCA_000025805.1|ADF41312.1	3	3	1
orthogroup_593	GCF_000009045.1	NP_390358.1	orthogroup_593|GCF_000009045.1|NP_390358.1	3	3	1
orthogroup_593	GCF_000009785.1	WP_008879854.1	orthogroup_593|GCF_000009785.1|WP_008879854.1	3	3	1
orthogroup_593	GCF_000011245.1	WP_011066312.1	orthogroup_593|GCF_000011245.1|WP_011066312.1	3	3	1
orthogroup_593	GCF_000017885.4	WP_003217440.1	orthogroup_593|GCF_000017885.4|WP_003217440.1	3	3	1
orthogroup_593	GCF_005671335.1	WP_010898969.1	orthogroup_593|GCF_005671335.1|WP_010898969.1	3	3	1
orthogroup_593	GCF_006094295.1	WP_000440716.1	orthogroup_593|GCF_006094295.1|WP_000440716.1	3	3	1
orthogroup_593	GCF_034478925.1	WP_003183483.1	orthogroup_593|GCF_034478925.1|WP_003183483.1	3	3	1
orthogroup_593	GCF_034479305.1	WP_011247343.1	orthogroup_593|GCF_034479305.1|WP_011247343.1	3	3	1
orthogroup_600	GCA_000015785.2	ABS74693.1	orthogroup_600|GCA_000015785.2|ABS74693.1	12	12	1
orthogroup_600	GCA_000025805.1	ADF41330.1	orthogroup_600|GCA_000025805.1|ADF41330.1	12	12	1
orthogroup_600	GCF_000009045.1	NP_390380.2	orthogroup_600|GCF_000009045.1|NP_390380.2	12	12	1
orthogroup_600	GCF_000009785.1	WP_011231936.1	orthogroup_600|GCF_000009785.1|WP_011231936.1	12	12	1
orthogroup_600	GCF_000011245.1	WP_011066328.1	orthogroup_600|GCF_000011245.1|WP_011066328.1	12	12	1
orthogroup_600	GCF_000017885.4	WP_012010586.1	orthogroup_600|GCF_000017885.4|WP_012010586.1	12	12	1
orthogroup_600	GCF_005671335.1	WP_053431499.1	orthogroup_600|GCF_005671335.1|WP_053431499.1	12	12	1
orthogroup_600	GCF_006094295.1	WP_000871382.1	orthogroup_600|GCF_006094295.1|WP_000871382.1	12	12	1
orthogroup_600	GCF_034478925.1	WP_003183539.1	orthogroup_600|GCF_034478925.1|WP_003183539.1	12	12	1
orthogroup_600	GCF_034479305.1	WP_094428480.1	orthogroup_600|GCF_034479305.1|WP_094428480.1	12	12	1
orthogroup_617	GCA_000015785.2	ABS74721.2	orthogroup_617|GCA_000015785.2|ABS74721.2	3	3	1
orthogroup_617	GCA_000025805.1	ADF41360.1	orthogroup_617|GCA_000025805.1|ADF41360.1	3	3	1
orthogroup_617	GCF_000009045.1	NP_390409.2	orthogroup_617|GCF_000009045.1|NP_390409.2	3	3	1
orthogroup_617	GCF_000009785.1	WP_011231970.1	orthogroup_617|GCF_000009785.1|WP_011231970.1	3	3	1
orthogroup_617	GCF_000011245.1	WP_011066349.1	orthogroup_617|GCF_000011245.1|WP_011066349.1	3	3	1
orthogroup_617	GCF_000017885.4	WP_041815743.1	orthogroup_617|GCF_000017885.4|WP_041815743.1	3	3	1
orthogroup_617	GCF_005671335.1	WP_010897529.1	orthogroup_617|GCF_005671335.1|WP_010897529.1	3	3	1
orthogroup_617	GCF_006094295.1	WP_000715466.1	orthogroup_617|GCF_006094295.1|WP_000715466.1	3	3	1
orthogroup_617	GCF_034478925.1	WP_003183633.1	orthogroup_617|GCF_034478925.1|WP_003183633.1	3	3	1
orthogroup_617	GCF_034479305.1	WP_094428542.1	orthogroup_617|GCF_034479305.1|WP_094428542.1	3	3	1
orthogroup_619	GCA_000015785.2	ABS74723.1	orthogroup_619|GCA_000015785.2|ABS74723.1	8	8	1
orthogroup_619	GCA_000025805.1	ADF41362.1	orthogroup_619|GCA_000025805.1|ADF41362.1	7	8	0
orthogroup_619	GCF_000009045.1	NP_390411.1	orthogroup_619|GCF_000009045.1|NP_390411.1	8	8	1
orthogroup_619	GCF_000009785.1	WP_011231972.1	orthogroup_619|GCF_000009785.1|WP_011231972.1	8	8	1
orthogroup_619	GCF_000011245.1	WP_041544185.1	orthogroup_619|GCF_000011245.1|WP_041544185.1	8	8	1
orthogroup_619	GCF_000017885.4	WP_371869448.1	orthogroup_619|GCF_000017885.4|WP_371869448.1	8	8	1
orthogroup_619	GCF_005671335.1	WP_053431524.1	orthogroup_619|GCF_005671335.1|WP_053431524.1	8	8	1
orthogroup_619	GCF_006094295.1	WP_000091509.1	orthogroup_619|GCF_006094295.1|WP_000091509.1	8	8	1
orthogroup_619	GCF_034478925.1	WP_223307119.1	orthogroup_619|GCF_034478925.1|WP_223307119.1	8	8	1
orthogroup_619	GCF_034479305.1	WP_094428546.1	orthogroup_619|GCF_034479305.1|WP_094428546.1	8	8	1
orthogroup_636	GCA_000015785.2	ABS74747.1	orthogroup_636|GCA_000015785.2|ABS74747.1	13	13	1
orthogroup_636	GCA_000025805.1	ADF41385.1	orthogroup_636|GCA_000025805.1|ADF41385.1	13	13	1
orthogroup_636	GCF_000009045.1	NP_390435.1	orthogroup_636|GCF_000009045.1|NP_390435.1	13	13	1
orthogroup_636	GCF_000009785.1	WP_011231994.1	orthogroup_636|GCF_000009785.1|WP_011231994.1	13	13	1
orthogroup_636	GCF_000011245.1	WP_011066376.1	orthogroup_636|GCF_000011245.1|WP_011066376.1	13	13	1
orthogroup_636	GCF_000017885.4	WP_012010639.1	orthogroup_636|GCF_000017885.4|WP_012010639.1	13	13	1
orthogroup_636	GCF_005671335.1	WP_053431535.1	orthogroup_636|GCF_005671335.1|WP_053431535.1	13	13	1
orthogroup_636	GCF_006094295.1	WP_001157831.1	orthogroup_636|GCF_006094295.1|WP_001157831.1	13	13	1
orthogroup_636	GCF_034478925.1	WP_009327865.1	orthogroup_636|GCF_034478925.1|WP_009327865.1	13	13	1
orthogroup_636	GCF_034479305.1	WP_094428595.1	orthogroup_636|GCF_034479305.1|WP_094428595.1	13	13	1
orthogroup_657	GCA_000015785.2	ABS74812.1	orthogroup_657|GCA_000015785.2|ABS74812.1	10	10	1
orthogroup_657	GCA_000025805.1	ADF41423.1	orthogroup_657|GCA_000025805.1|ADF41423.1	10	10	1
orthogroup_657	GCF_000009045.1	NP_390619.1	orthogroup_657|GCF_000009045.1|NP_390619.1	10	10	1
orthogroup_657	GCF_000009785.1	WP_011232035.1	orthogroup_657|GCF_000009785.1|WP_011232035.1	10	10	1
orthogroup_657	GCF_000011245.1	WP_011066406.1	orthogroup_657|GCF_000011245.1|WP_011066406.1	10	10	1
orthogroup_657	GCF_000017885.4	WP_012010717.1	orthogroup_657|GCF_000017885.4|WP_012010717.1	10	10	1
orthogroup_657	GCF_005671335.1	WP_053431572.1	orthogroup_657|GCF_005671335.1|WP_053431572.1	10	10	1
orthogroup_657	GCF_006094295.1	WP_000793128.1	orthogroup_657|GCF_006094295.1|WP_000793128.1	10	10	1
orthogroup_657	GCF_034478925.1	WP_003183924.1	orthogroup_657|GCF_034478925.1|WP_003183924.1	10	10	1
orthogroup_657	GCF_034479305.1	WP_094428686.1	orthogroup_657|GCF_034479305.1|WP_094428686.1	10	10	1
orthogroup_672	GCA_000015785.2	ABS74838.1	orthogroup_672|GCA_000015785.2|ABS74838.1	14	14	1
orthogroup_672	GCA_000025805.1	ADF41446.1	orthogroup_672|GCA_000025805.1|ADF41446.1	14	14	1
orthogroup_672	GCF_000009045.1	NP_390645.1	orthogroup_672|GCF_000009045.1|NP_390645.1	14	14	1
orthogroup_672	GCF_000009785.1	WP_011232061.1	orthogroup_672|GCF_000009785.1|WP_011232061.1	14	14	1
orthogroup_672	GCF_000011245.1	WP_011066424.1	orthogroup_672|GCF_000011245.1|WP_011066424.1	14	14	1
orthogroup_672	GCF_000017885.4	WP_041815779.1	orthogroup_672|GCF_000017885.4|WP_041815779.1	14	14	1
orthogroup_672	GCF_005671335.1	WP_053431592.1	orthogroup_672|GCF_005671335.1|WP_053431592.1	14	14	1
orthogroup_672	GCF_006094295.1	WP_000198301.1	orthogroup_672|GCF_006094295.1|WP_000198301.1	14	14	1
orthogroup_672	GCF_034478925.1	WP_009327771.1	orthogroup_672|GCF_034478925.1|WP_009327771.1	14	14	1
orthogroup_672	GCF_034479305.1	WP_094428730.1	orthogroup_672|GCF_034479305.1|WP_094428730.1	14	14	1
orthogroup_673	GCA_000015785.2	ABS74840.2	orthogroup_673|GCA_000015785.2|ABS74840.2	4	4	1
orthogroup_673	GCA_000025805.1	ADF41448.1	orthogroup_673|GCA_000025805.1|ADF41448.1	4	4	1
orthogroup_673	GCF_000009045.1	NP_390647.1	orthogroup_673|GCF_000009045.1|NP_390647.1	4	4	1
orthogroup_673	GCF_000009785.1	WP_011232062.1	orthogroup_673|GCF_000009785.1|WP_011232062.1	4	4	1
orthogroup_673	GCF_000011245.1	WP_011066426.1	orthogroup_673|GCF_000011245.1|WP_011066426.1	4	4	1
orthogroup_673	GCF_000017885.4	WP_012010738.1	orthogroup_673|GCF_000017885.4|WP_012010738.1	4	4	1
orthogroup_673	GCF_005671335.1	WP_010897398.1	orthogroup_673|GCF_005671335.1|WP_010897398.1	4	4	1
orthogroup_673	GCF_006094295.1	WP_000349148.1	orthogroup_673|GCF_006094295.1|WP_000349148.1	4	4	1
orthogroup_673	GCF_034478925.1	WP_003183976.1	orthogroup_673|GCF_034478925.1|WP_003183976.1	4	4	1
orthogroup_673	GCF_034479305.1	WP_094428736.1	orthogroup_673|GCF_034479305.1|WP_094428736.1	4	4	1
orthogroup_684	GCA_000015785.2	ABS74862.1	orthogroup_684|GCA_000015785.2|ABS74862.1	6	6	1
orthogroup_684	GCA_000025805.1	ADF41473.1	orthogroup_684|GCA_000025805.1|ADF41473.1	6	6	1
orthogroup_684	GCF_000009045.1	NP_390675.1	orthogroup_684|GCF_000009045.1|NP_390675.1	6	6	1
orthogroup_684	GCF_000009785.1	WP_041467899.1	orthogroup_684|GCF_000009785.1|WP_041467899.1	6	6	1
orthogroup_684	GCF_000011245.1	WP_011066442.1	orthogroup_684|GCF_000011245.1|WP_011066442.1	6	6	1
orthogroup_684	GCF_000017885.4	WP_012010761.1	orthogroup_684|GCF_000017885.4|WP_012010761.1	6	6	1
orthogroup_684	GCF_005671335.1	WP_053430597.1	orthogroup_684|GCF_005671335.1|WP_053430597.1	6	6	1
orthogroup_684	GCF_006094295.1	WP_000599058.1	orthogroup_684|GCF_006094295.1|WP_000599058.1	6	6	1
orthogroup_684	GCF_034478925.1	WP_003184028.1	orthogroup_684|GCF_034478925.1|WP_003184028.1	6	6	1
orthogroup_684	GCF_034479305.1	WP_094426830.1	orthogroup_684|GCF_034479305.1|WP_094426830.1	6	6	1
orthogroup_688	GCA_000015785.2	ABS74866.1	orthogroup_688|GCA_000015785.2|ABS74866.1	6	6	1
orthogroup_688	GCA_000025805.1	ADF41477.1	orthogroup_688|GCA_000025805.1|ADF41477.1	6	6	1
orthogroup_688	GCF_000009045.1	NP_390679.1	orthogroup_688|GCF_000009045.1|NP_390679.1	6	6	1
orthogroup_688	GCF_000009785.1	WP_011232091.1	orthogroup_688|GCF_000009785.1|WP_011232091.1	6	6	1
orthogroup_688	GCF_000011245.1	WP_011066446.1	orthogroup_688|GCF_000011245.1|WP_011066446.1	6	6	1
orthogroup_688	GCF_000017885.4	WP_012010764.1	orthogroup_688|GCF_000017885.4|WP_012010764.1	6	6	1
orthogroup_688	GCF_005671335.1	WP_053430590.1	orthogroup_688|GCF_005671335.1|WP_053430590.1	6	6	1
orthogroup_688	GCF_006094295.1	WP_000975766.1	orthogroup_688|GCF_006094295.1|WP_000975766.1	6	6	1
orthogroup_688	GCF_034478925.1	WP_003184039.1	orthogroup_688|GCF_034478925.1|WP_003184039.1	6	6	1
orthogroup_688	GCF_034479305.1	WP_011247455.1	orthogroup_688|GCF_034479305.1|WP_011247455.1	6	6	1
orthogroup_692	GCA_000015785.2	ABS74872.1	orthogroup_692|GCA_000015785.2|ABS74872.1	8	8	1
orthogroup_692	GCA_000025805.1	ADF41483.1	orthogroup_692|GCA_000025805.1|ADF41483.1	8	8	1
orthogroup_692	GCF_000009045.1	NP_390685.2	orthogroup_692|GCF_000009045.1|NP_390685.2	8	8	1
orthogroup_692	GCF_000009785.1	WP_011232101.1	orthogroup_692|GCF_000009785.1|WP_011232101.1	8	8	1
orthogroup_692	GCF_000011245.1	WP_011065022.1	orthogroup_692|GCF_000011245.1|WP_011065022.1	8	8	1
orthogroup_692	GCF_000017885.4	WP_012010770.1	orthogroup_692|GCF_000017885.4|WP_012010770.1	8	8	1
orthogroup_692	GCF_005671335.1	WP_053431937.1	orthogroup_692|GCF_005671335.1|WP_053431937.1	8	8	1
orthogroup_692	GCF_006094295.1	WP_000495725.1	orthogroup_692|GCF_006094295.1|WP_000495725.1	8	8	1
orthogroup_692	GCF_034478925.1	WP_011198164.1	orthogroup_692|GCF_034478925.1|WP_011198164.1	8	8	1
orthogroup_692	GCF_034479305.1	WP_094426804.1	orthogroup_692|GCF_034479305.1|WP_094426804.1	8	8	1
orthogroup_700	GCA_000015785.2	ABS74882.1	orthogroup_700|GCA_000015785.2|ABS74882.1	8	8	1
orthogroup_700	GCA_000025805.1	ADF41495.1	orthogroup_700|GCA_000025805.1|ADF41495.1	8	8	1
orthogroup_700	GCF_000009045.1	NP_390694.2	orthogroup_700|GCF_000009045.1|NP_390694.2	8	8	1
orthogroup_700	GCF_000009785.1	WP_011232122.1	orthogroup_700|GCF_000009785.1|WP_011232122.1	8	8	1
orthogroup_700	GCF_000011245.1	WP_011066464.1	orthogroup_700|GCF_000011245.1|WP_011066464.1	8	8	1
orthogroup_700	GCF_000017885.4	WP_012010779.1	orthogroup_700|GCF_000017885.4|WP_012010779.1	8	8	1
orthogroup_700	GCF_005671335.1	WP_010899191.1	orthogroup_700|GCF_005671335.1|WP_010899191.1	8	8	1
orthogroup_700	GCF_006094295.1	WP_000007721.1	orthogroup_700|GCF_006094295.1|WP_000007721.1	8	8	1
orthogroup_700	GCF_034478925.1	WP_011198166.1	orthogroup_700|GCF_034478925.1|WP_011198166.1	8	8	1
orthogroup_700	GCF_034479305.1	WP_094426775.1	orthogroup_700|GCF_034479305.1|WP_094426775.1	8	8	1
orthogroup_722	GCA_000015785.2	ABS74910.1	orthogroup_722|GCA_000015785.2|ABS74910.1	5	5	1
orthogroup_722	GCA_000025805.1	ADF41534.1	orthogroup_722|GCA_000025805.1|ADF41534.1	5	5	1
orthogroup_722	GCF_000009045.1	NP_390723.1	orthogroup_722|GCF_000009045.1|NP_390723.1	5	5	1
orthogroup_722	GCF_000009785.1	WP_011232147.1	orthogroup_722|GCF_000009785.1|WP_011232147.1	5	5	1
orthogroup_722	GCF_000011245.1	WP_011066508.1	orthogroup_722|GCF_000011245.1|WP_011066508.1	5	5	1
orthogroup_722	GCF_000017885.4	WP_012010818.1	orthogroup_722|GCF_000017885.4|WP_012010818.1	5	5	1
orthogroup_722	GCF_005671335.1	WP_010899237.1	orthogroup_722|GCF_005671335.1|WP_010899237.1	5	5	1
orthogroup_722	GCF_006094295.1	WP_000678354.1	orthogroup_722|GCF_006094295.1|WP_000678354.1	5	5	1
orthogroup_722	GCF_034478925.1	WP_003184182.1	orthogroup_722|GCF_034478925.1|WP_003184182.1	5	5	1
orthogroup_722	GCF_034479305.1	WP_011247507.1	orthogroup_722|GCF_034479305.1|WP_011247507.1	5	5	1
orthogroup_732	GCA_000015785.2	ABS74925.1	orthogroup_732|GCA_000015785.2|ABS74925.1	4	4	1
orthogroup_732	GCA_000025805.1	ADF41548.1	orthogroup_732|GCA_000025805.1|ADF41548.1	4	4	1
orthogroup_732	GCF_000009045.1	NP_390738.1	orthogroup_732|GCF_000009045.1|NP_390738.1	4	4	1
orthogroup_732	GCF_000009785.1	WP_011232169.1	orthogroup_732|GCF_000009785.1|WP_011232169.1	4	4	1
orthogroup_732	GCF_000011245.1	WP_011066520.1	orthogroup_732|GCF_000011245.1|WP_011066520.1	4	4	1
orthogroup_732	GCF_000017885.4	WP_012010830.1	orthogroup_732|GCF_000017885.4|WP_012010830.1	4	4	1
orthogroup_732	GCF_005671335.1	WP_010899252.1	orthogroup_732|GCF_005671335.1|WP_010899252.1	4	4	1
orthogroup_732	GCF_006094295.1	WP_000565409.1	orthogroup_732|GCF_006094295.1|WP_000565409.1	4	4	1
orthogroup_732	GCF_034478925.1	WP_003184204.1	orthogroup_732|GCF_034478925.1|WP_003184204.1	4	4	1
orthogroup_732	GCF_034479305.1	WP_094426689.1	orthogroup_732|GCF_034479305.1|WP_094426689.1	4	4	1
orthogroup_738	GCA_000015785.2	ABS74935.1	orthogroup_738|GCA_000015785.2|ABS74935.1	15	15	1
orthogroup_738	GCA_000025805.1	ADF42024.1	orthogroup_738|GCA_000025805.1|ADF42024.1	15	15	1
orthogroup_738	GCF_000009045.1	NP_390749.2	orthogroup_738|GCF_000009045.1|NP_390749.2	15	15	1
orthogroup_738	GCF_000009785.1	WP_011230116.1	orthogroup_738|GCF_000009785.1|WP_011230116.1	16	15	0
orthogroup_738	GCF_000011245.1	WP_011065779.1	orthogroup_738|GCF_000011245.1|WP_011065779.1	15	15	1
orthogroup_738	GCF_000017885.4	WP_012010836.1	orthogroup_738|GCF_000017885.4|WP_012010836.1	15	15	1
orthogroup_738	GCF_005671335.1	WP_083445548.1	orthogroup_738|GCF_005671335.1|WP_083445548.1	15	15	1
orthogroup_738	GCF_006094295.1	WP_000854314.1	orthogroup_738|GCF_006094295.1|WP_000854314.1	16	15	0
orthogroup_738	GCF_034478925.1	WP_003184236.1	orthogroup_738|GCF_034478925.1|WP_003184236.1	15	15	1
orthogroup_738	GCF_034479305.1	WP_094428906.1	orthogroup_738|GCF_034479305.1|WP_094428906.1	15	15	1
orthogroup_749	GCA_000015785.2	ABS74969.2	orthogroup_749|GCA_000015785.2|ABS74969.2	6	6	1
orthogroup_749	GCA_000025805.1	ADF41571.1	orthogroup_749|GCA_000025805.1|ADF41571.1	6	6	1
orthogroup_749	GCF_000009045.1	NP_390785.2	orthogroup_749|GCF_000009045.1|NP_390785.2	6	6	1
orthogroup_749	GCF_000009785.1	WP_011229724.1	orthogroup_749|GCF_000009785.1|WP_011229724.1	6	6	1
orthogroup_749	GCF_000011245.1	WP_011066984.1	orthogroup_749|GCF_000011245.1|WP_011066984.1	6	6	1
orthogroup_749	GCF_000017885.4	WP_003216274.1	orthogroup_749|GCF_000017885.4|WP_003216274.1	6	6	1
orthogroup_749	GCF_005671335.1	WP_010899294.1	orthogroup_749|GCF_005671335.1|WP_010899294.1	6	6	1
orthogroup_749	GCF_006094295.1	WP_000281747.1	orthogroup_749|GCF_006094295.1|WP_000281747.1	6	6	1
orthogroup_749	GCF_034478925.1	WP_254926394.1	orthogroup_749|GCF_034478925.1|WP_254926394.1	6	6	1
orthogroup_749	GCF_034479305.1	WP_082111911.1	orthogroup_749|GCF_034479305.1|WP_082111911.1	6	6	1
orthogroup_757	GCA_000015785.2	ABS74979.1	orthogroup_757|GCA_000015785.2|ABS74979.1	10	10	1
orthogroup_757	GCA_000025805.1	ADF41581.1	orthogroup_757|GCA_000025805.1|ADF41581.1	10	10	1
orthogroup_757	GCF_000009045.1	NP_390794.1	orthogroup_757|GCF_000009045.1|NP_390794.1	10	10	1
orthogroup_757	GCF_000009785.1	WP_011232212.1	orthogroup_757|GCF_000009785.1|WP_011232212.1	10	10	1
orthogroup_757	GCF_000011245.1	WP_231846941.1	orthogroup_757|GCF_000011245.1|WP_231846941.1	10	10	1
orthogroup_757	GCF_000017885.4	WP_012010862.1	orthogroup_757|GCF_000017885.4|WP_012010862.1	10	10	1
orthogroup_757	GCF_005671335.1	WP_010896641.1	orthogroup_757|GCF_005671335.1|WP_010896641.1	10	10	1
orthogroup_757	GCF_006094295.1	WP_001081388.1	orthogroup_757|GCF_006094295.1|WP_001081388.1	10	10	1
orthogroup_757	GCF_034478925.1	WP_003184324.1	orthogroup_757|GCF_034478925.1|WP_003184324.1	10	10	1
orthogroup_757	GCF_034479305.1	WP_094428020.1	orthogroup_757|GCF_034479305.1|WP_094428020.1	10	10	1
orthogroup_764	GCA_000015785.2	ABS74987.1	orthogroup_764|GCA_000015785.2|ABS74987.1	3	3	1
orthogroup_764	GCA_000025805.1	ADF41589.1	orthogroup_764|GCA_000025805.1|ADF41589.1	3	3	1
orthogroup_764	GCF_000009045.1	YP_003097771.1	orthogroup_764|GCF_000009045.1|YP_003097771.1	3	3	1
orthogroup_764	GCF_000009785.1	WP_011232219.1	orthogroup_764|GCF_000009785.1|WP_011232219.1	3	3	1
orthogroup_764	GCF_000011245.1	WP_011066572.1	orthogroup_764|GCF_000011245.1|WP_011066572.1	3	3	1
orthogroup_764	GCF_000017885.4	WP_012010868.1	orthogroup_764|GCF_000017885.4|WP_012010868.1	3	3	1
orthogroup_764	GCF_005671335.1	WP_010899313.1	orthogroup_764|GCF_005671335.1|WP_010899313.1	3	3	1
orthogroup_764	GCF_006094295.1	WP_002005839.1	orthogroup_764|GCF_006094295.1|WP_002005839.1	3	3	1
orthogroup_764	GCF_034478925.1	WP_003184343.1	orthogroup_764|GCF_034478925.1|WP_003184343.1	3	3	1
orthogroup_764	GCF_034479305.1	WP_011247568.1	orthogroup_764|GCF_034479305.1|WP_011247568.1	3	3	1
orthogroup_767	GCA_000015785.2	ABS74990.1	orthogroup_767|GCA_000015785.2|ABS74990.1	3	3	1
orthogroup_767	GCA_000025805.1	ADF41592.1	orthogroup_767|GCA_000025805.1|ADF41592.1	3	3	1
orthogroup_767	GCF_000009045.1	NP_390804.1	orthogroup_767|GCF_000009045.1|NP_390804.1	3	3	1
orthogroup_767	GCF_000009785.1	WP_011232222.1	orthogroup_767|GCF_000009785.1|WP_011232222.1	3	3	1
orthogroup_767	GCF_000011245.1	WP_011066576.1	orthogroup_767|GCF_000011245.1|WP_011066576.1	3	3	1
orthogroup_767	GCF_000017885.4	WP_003216665.1	orthogroup_767|GCF_000017885.4|WP_003216665.1	3	3	1
orthogroup_767	GCF_005671335.1	WP_010899317.1	orthogroup_767|GCF_005671335.1|WP_010899317.1	3	3	1
orthogroup_767	GCF_006094295.1	WP_001144776.1	orthogroup_767|GCF_006094295.1|WP_001144776.1	3	3	1
orthogroup_767	GCF_034478925.1	WP_003184352.1	orthogroup_767|GCF_034478925.1|WP_003184352.1	3	3	1
orthogroup_767	GCF_034479305.1	WP_011247571.1	orthogroup_767|GCF_034479305.1|WP_011247571.1	3	3	1
orthogroup_795	GCA_000015785.2	ABS75072.1	orthogroup_795|GCA_000015785.2|ABS75072.1	14	14	1
orthogroup_795	GCA_000025805.1	ADF41653.1	orthogroup_795|GCA_000025805.1|ADF41653.1	14	14	1
orthogroup_795	GCF_000009045.1	NP_390883.1	orthogroup_795|GCF_000009045.1|NP_390883.1	14	14	1
orthogroup_795	GCF_000009785.1	WP_011232308.1	orthogroup_795|GCF_000009785.1|WP_011232308.1	14	14	1
orthogroup_795	GCF_000011245.1	WP_011066693.1	orthogroup_795|GCF_000011245.1|WP_011066693.1	14	14	1
orthogroup_795	GCF_000017885.4	WP_041815845.1	orthogroup_795|GCF_000017885.4|WP_041815845.1	14	14	1
orthogroup_795	GCF_005671335.1	WP_053430472.1	orthogroup_795|GCF_005671335.1|WP_053430472.1	14	14	1
orthogroup_795	GCF_006094295.1	WP_001284028.1	orthogroup_795|GCF_006094295.1|WP_001284028.1	14	14	1
orthogroup_795	GCF_034478925.1	WP_003184504.1	orthogroup_795|GCF_034478925.1|WP_003184504.1	14	14	1
orthogroup_795	GCF_034479305.1	WP_094426498.1	orthogroup_795|GCF_034479305.1|WP_094426498.1	14	14	1
orthogroup_812	GCA_000015785.2	ABS75189.2	orthogroup_812|GCA_000015785.2|ABS75189.2	12	12	1
orthogroup_812	GCA_000025805.1	ADF39426.1	orthogroup_812|GCA_000025805.1|ADF39426.1	12	12	1
orthogroup_812	GCF_000009045.1	NP_391026.2	orthogroup_812|GCF_000009045.1|NP_391026.2	12	12	1
orthogroup_812	GCF_000009785.1	WP_011229829.1	orthogroup_812|GCF_000009785.1|WP_011229829.1	12	12	1
orthogroup_812	GCF_000011245.1	WP_011067454.1	orthogroup_812|GCF_000011245.1|WP_011067454.1	12	12	1
orthogroup_812	GCF_000017885.4	WP_222434072.1	orthogroup_812|GCF_000017885.4|WP_222434072.1	12	12	1
orthogroup_812	GCF_005671335.1	WP_010898743.1	orthogroup_812|GCF_005671335.1|WP_010898743.1	12	12	1
orthogroup_812	GCF_006094295.1	WP_000179295.1	orthogroup_812|GCF_006094295.1|WP_000179295.1	12	12	1
orthogroup_812	GCF_034478925.1	WP_003184810.1	orthogroup_812|GCF_034478925.1|WP_003184810.1	12	12	1
orthogroup_812	GCF_034479305.1	WP_094427710.1	orthogroup_812|GCF_034479305.1|WP_094427710.1	12	12	1
orthogroup_816	GCA_000015785.2	ABS75244.2	orthogroup_816|GCA_000015785.2|ABS75244.2	3	3	1
orthogroup_816	GCA_000025805.1	ADF41750.1	orthogroup_816|GCA_000025805.1|ADF41750.1	3	3	1
orthogroup_816	GCF_000009045.1	NP_391088.1	orthogroup_816|GCF_000009045.1|NP_391088.1	3	3	1
orthogroup_816	GCF_000009785.1	WP_014196657.1	orthogroup_816|GCF_000009785.1|WP_014196657.1	3	3	1
orthogroup_816	GCF_000011245.1	WP_011066741.1	orthogroup_816|GCF_000011245.1|WP_011066741.1	3	3	1
orthogroup_816	GCF_000017885.4	WP_012011132.1	orthogroup_816|GCF_000017885.4|WP_012011132.1	3	3	1
orthogroup_816	GCF_005671335.1	WP_010899546.1	orthogroup_816|GCF_005671335.1|WP_010899546.1	3	3	1
orthogroup_816	GCF_006094295.1	WP_000027016.1	orthogroup_816|GCF_006094295.1|WP_000027016.1	3	3	1
orthogroup_816	GCF_034478925.1	WP_011198260.1	orthogroup_816|GCF_034478925.1|WP_011198260.1	3	3	1
orthogroup_816	GCF_034479305.1	WP_062749861.1	orthogroup_816|GCF_034479305.1|WP_062749861.1	3	3	1
orthogroup_840	GCA_000015785.2	ABS75313.1	orthogroup_840|GCA_000015785.2|ABS75313.1	5	5	1
orthogroup_840	GCA_000025805.1	ADF41783.1	orthogroup_840|GCA_000025805.1|ADF41783.1	5	5	1
orthogroup_840	GCF_000009045.1	NP_391153.1	orthogroup_840|GCF_000009045.1|NP_391153.1	5	5	1
orthogroup_840	GCF_000009785.1	WP_011232468.1	orthogroup_840|GCF_000009785.1|WP_011232468.1	5	5	1
orthogroup_840	GCF_000011245.1	WP_011066775.1	orthogroup_840|GCF_000011245.1|WP_011066775.1	5	5	1
orthogroup_840	GCF_000017885.4	WP_012011186.1	orthogroup_840|GCF_000017885.4|WP_012011186.1	5	5	1
orthogroup_840	GCF_005671335.1	WP_083445608.1	orthogroup_840|GCF_005671335.1|WP_083445608.1	5	5	1
orthogroup_840	GCF_006094295.1	WP_000359557.1	orthogroup_840|GCF_006094295.1|WP_000359557.1	5	5	1
orthogroup_840	GCF_034478925.1	WP_003185053.1	orthogroup_840|GCF_034478925.1|WP_003185053.1	5	5	1
orthogroup_840	GCF_034479305.1	WP_094426293.1	orthogroup_840|GCF_034479305.1|WP_094426293.1	5	5	1
orthogroup_850	GCA_000015785.2	ABS75354.1	orthogroup_850|GCA_000015785.2|ABS75354.1	4	4	1
orthogroup_850	GCA_000025805.1	ADF38277.1	orthogroup_850|GCA_000025805.1|ADF38277.1	4	4	1
orthogroup_850	GCF_000009045.1	NP_391190.1	orthogroup_850|GCF_000009045.1|NP_391190.1	4	4	1
orthogroup_850	GCF_000009785.1	WP_011229936.1	orthogroup_850|GCF_000009785.1|WP_011229936.1	4	4	1
orthogroup_850	GCF_000011245.1	WP_011067221.1	orthogroup_850|GCF_000011245.1|WP_011067221.1	4	4	1
orthogroup_850	GCF_000017885.4	WP_041815917.1	orthogroup_850|GCF_000017885.4|WP_041815917.1	4	4	1
orthogroup_850	GCF_005671335.1	WP_053431614.1	orthogroup_850|GCF_005671335.1|WP_053431614.1	4	4	1
orthogroup_850	GCF_006094295.1	WP_000716095.1	orthogroup_850|GCF_006094295.1|WP_000716095.1	4	4	1
orthogroup_850	GCF_034478925.1	WP_003185130.1	orthogroup_850|GCF_034478925.1|WP_003185130.1	4	4	1
orthogroup_850	GCF_034479305.1	WP_062745823.1	orthogroup_850|GCF_034479305.1|WP_062745823.1	4	4	1
orthogroup_852	GCA_000015785.2	ABS75396.1	orthogroup_852|GCA_000015785.2|ABS75396.1	4	4	1
orthogroup_852	GCA_000025805.1	ADF40029.1	orthogroup_852|GCA_000025805.1|ADF40029.1	4	4	1
orthogroup_852	GCF_000009045.1	NP_391227.1	orthogroup_852|GCF_000009045.1|NP_391227.1	4	4	1
orthogroup_852	GCF_000009785.1	WP_011230072.1	orthogroup_852|GCF_000009785.1|WP_011230072.1	4	4	1
orthogroup_852	GCF_000011245.1	WP_011065563.1	orthogroup_852|GCF_000011245.1|WP_011065563.1	4	4	1
orthogroup_852	GCF_000017885.4	WP_012011257.1	orthogroup_852|GCF_000017885.4|WP_012011257.1	4	4	1
orthogroup_852	GCF_005671335.1	WP_010898100.1	orthogroup_852|GCF_005671335.1|WP_010898100.1	4	4	1
orthogroup_852	GCF_006094295.1	WP_000532263.1	orthogroup_852|GCF_006094295.1|WP_000532263.1	4	4	1
orthogroup_852	GCF_034478925.1	WP_003185211.1	orthogroup_852|GCF_034478925.1|WP_003185211.1	4	4	1
orthogroup_852	GCF_034479305.1	WP_094424561.1	orthogroup_852|GCF_034479305.1|WP_094424561.1	4	4	1
orthogroup_853	GCA_000015785.2	ABS75399.2	orthogroup_853|GCA_000015785.2|ABS75399.2	8	8	1
orthogroup_853	GCA_000025805.1	ADF38749.1	orthogroup_853|GCA_000025805.1|ADF38749.1	8	8	1
orthogroup_853	GCF_000009045.1	NP_391230.2	orthogroup_853|GCF_000009045.1|NP_391230.2	8	8	1
orthogroup_853	GCF_000009785.1	WP_011230403.1	orthogroup_853|GCF_000009785.1|WP_011230403.1	8	8	1
orthogroup_853	GCF_000011245.1	WP_011065543.1	orthogroup_853|GCF_000011245.1|WP_011065543.1	8	8	1
orthogroup_853	GCF_000017885.4	WP_012011270.1	orthogroup_853|GCF_000017885.4|WP_012011270.1	8	8	1
orthogroup_853	GCF_005671335.1	WP_053432279.1	orthogroup_853|GCF_005671335.1|WP_053432279.1	8	8	1
orthogroup_853	GCF_006094295.1	WP_001003180.1	orthogroup_853|GCF_006094295.1|WP_001003180.1	8	8	1
orthogroup_853	GCF_034478925.1	WP_003185248.1	orthogroup_853|GCF_034478925.1|WP_003185248.1	8	8	1
orthogroup_853	GCF_034479305.1	WP_094425862.1	orthogroup_853|GCF_034479305.1|WP_094425862.1	8	8	1
orthogroup_886	GCA_000015785.2	ABS75548.1	orthogroup_886|GCA_000015785.2|ABS75548.1	7	7	1
orthogroup_886	GCA_000025805.1	ADF41861.1	orthogroup_886|GCA_000025805.1|ADF41861.1	7	7	1
orthogroup_886	GCF_000009045.1	NP_391379.1	orthogroup_886|GCF_000009045.1|NP_391379.1	7	7	1
orthogroup_886	GCF_000009785.1	WP_011232551.1	orthogroup_886|GCF_000009785.1|WP_011232551.1	7	7	1
orthogroup_886	GCF_000011245.1	WP_011066874.1	orthogroup_886|GCF_000011245.1|WP_011066874.1	7	7	1
orthogroup_886	GCF_000017885.4	WP_012011379.1	orthogroup_886|GCF_000017885.4|WP_012011379.1	7	7	1
orthogroup_886	GCF_005671335.1	WP_053430292.1	orthogroup_886|GCF_005671335.1|WP_053430292.1	7	7	1
orthogroup_886	GCF_006094295.1	WP_000922849.1	orthogroup_886|GCF_006094295.1|WP_000922849.1	7	7	1
orthogroup_886	GCF_034478925.1	WP_003185621.1	orthogroup_886|GCF_034478925.1|WP_003185621.1	7	7	1
orthogroup_886	GCF_034479305.1	WP_094426161.1	orthogroup_886|GCF_034479305.1|WP_094426161.1	7	7	1
orthogroup_890	GCA_000015785.2	ABS75555.1	orthogroup_890|GCA_000015785.2|ABS75555.1	4	4	1
orthogroup_890	GCA_000025805.1	ADF41863.1	orthogroup_890|GCA_000025805.1|ADF41863.1	4	4	1
orthogroup_890	GCF_000009045.1	NP_391390.1	orthogroup_890|GCF_000009045.1|NP_391390.1	4	4	1
orthogroup_890	GCF_000009785.1	WP_011232553.1	orthogroup_890|GCF_000009785.1|WP_011232553.1	4	4	1
orthogroup_890	GCF_000011245.1	WP_011066876.1	orthogroup_890|GCF_000011245.1|WP_011066876.1	4	4	1
orthogroup_890	GCF_000017885.4	WP_012011384.1	orthogroup_890|GCF_000017885.4|WP_012011384.1	4	4	1
orthogroup_890	GCF_005671335.1	WP_175414339.1	orthogroup_890|GCF_005671335.1|WP_175414339.1	4	4	1
orthogroup_890	GCF_006094295.1	WP_001267308.1	orthogroup_890|GCF_006094295.1|WP_001267308.1	4	4	1
orthogroup_890	GCF_034478925.1	WP_003185632.1	orthogroup_890|GCF_034478925.1|WP_003185632.1	4	4	1
orthogroup_890	GCF_034479305.1	WP_094426159.1	orthogroup_890|GCF_034479305.1|WP_094426159.1	4	4	1
orthogroup_893	GCA_000015785.2	ABS75566.1	orthogroup_893|GCA_000015785.2|ABS75566.1	9	9	1
orthogroup_893	GCA_000025805.1	ADF41872.1	orthogroup_893|GCA_000025805.1|ADF41872.1	9	9	1
orthogroup_893	GCF_000009045.1	NP_391402.1	orthogroup_893|GCF_000009045.1|NP_391402.1	9	9	1
orthogroup_893	GCF_000009785.1	WP_011232558.1	orthogroup_893|GCF_000009785.1|WP_011232558.1	9	9	1
orthogroup_893	GCF_000011245.1	WP_011066882.1	orthogroup_893|GCF_000011245.1|WP_011066882.1	9	9	1
orthogroup_893	GCF_000017885.4	WP_012011404.1	orthogroup_893|GCF_000017885.4|WP_012011404.1	9	9	1
orthogroup_893	GCF_005671335.1	WP_233443927.1	orthogroup_893|GCF_005671335.1|WP_233443927.1	9	9	1
orthogroup_893	GCF_006094295.1	WP_000388621.1	orthogroup_893|GCF_006094295.1|WP_000388621.1	9	9	1
orthogroup_893	GCF_034478925.1	WP_011198347.1	orthogroup_893|GCF_034478925.1|WP_011198347.1	9	9	1
orthogroup_893	GCF_034479305.1	WP_094426145.1	orthogroup_893|GCF_034479305.1|WP_094426145.1	9	9	1
orthogroup_895	GCA_000015785.2	ABS75570.2	orthogroup_895|GCA_000015785.2|ABS75570.2	4	4	1
orthogroup_895	GCA_000025805.1	ADF41875.1	orthogroup_895|GCA_000025805.1|ADF41875.1	4	4	1
orthogroup_895	GCF_000009045.1	NP_391405.1	orthogroup_895|GCF_000009045.1|NP_391405.1	4	4	1
orthogroup_895	GCF_000009785.1	WP_011232570.1	orthogroup_895|GCF_000009785.1|WP_011232570.1	4	4	1
orthogroup_895	GCF_000011245.1	WP_011066885.1	orthogroup_895|GCF_000011245.1|WP_011066885.1	4	4	1
orthogroup_895	GCF_000017885.4	WP_012011409.1	orthogroup_895|GCF_000017885.4|WP_012011409.1	4	4	1
orthogroup_895	GCF_005671335.1	WP_138090935.1	orthogroup_895|GCF_005671335.1|WP_138090935.1	4	4	1
orthogroup_895	GCF_006094295.1	WP_000645027.1	orthogroup_895|GCF_006094295.1|WP_000645027.1	4	4	1
orthogroup_895	GCF_034478925.1	WP_011198348.1	orthogroup_895|GCF_034478925.1|WP_011198348.1	4	4	1
orthogroup_895	GCF_034479305.1	WP_094426139.1	orthogroup_895|GCF_034479305.1|WP_094426139.1	4	4	1
orthogroup_908	GCA_000015785.2	ABS75642.1	orthogroup_908|GCA_000015785.2|ABS75642.1	10	10	1
orthogroup_908	GCA_000025805.1	ADF37786.1	orthogroup_908|GCA_000025805.1|ADF37786.1	10	10	1
orthogroup_908	GCF_000009045.1	NP_391476.1	orthogroup_908|GCF_000009045.1|NP_391476.1	10	10	1
orthogroup_908	GCF_000009785.1	WP_011232697.1	orthogroup_908|GCF_000009785.1|WP_011232697.1	10	10	1
orthogroup_908	GCF_000011245.1	WP_379604690.1	orthogroup_908|GCF_000011245.1|WP_379604690.1	10	10	1
orthogroup_908	GCF_000017885.4	WP_012011497.1	orthogroup_908|GCF_000017885.4|WP_012011497.1	10	10	1
orthogroup_908	GCF_005671335.1	WP_010899856.1	orthogroup_908|GCF_005671335.1|WP_010899856.1	10	10	1
orthogroup_908	GCF_006094295.1	WP_001074641.1	orthogroup_908|GCF_006094295.1|WP_001074641.1	10	10	1
orthogroup_908	GCF_034478925.1	WP_003185842.1	orthogroup_908|GCF_034478925.1|WP_003185842.1	10	10	1
orthogroup_908	GCF_034479305.1	WP_406550704.1	orthogroup_908|GCF_034479305.1|WP_406550704.1	10	10	1
orthogroup_924	GCA_000015785.2	ABS75732.1	orthogroup_924|GCA_000015785.2|ABS75732.1	5	5	1
orthogroup_924	GCA_000025805.1	ADF41939.1	orthogroup_924|GCA_000025805.1|ADF41939.1	5	5	1
orthogroup_924	GCF_000009045.1	NP_391568.1	orthogroup_924|GCF_000009045.1|NP_391568.1	5	5	1
orthogroup_924	GCF_000009785.1	WP_011232831.1	orthogroup_924|GCF_000009785.1|WP_011232831.1	5	5	1
orthogroup_924	GCF_000011245.1	WP_011067378.1	orthogroup_924|GCF_000011245.1|WP_011067378.1	5	5	1
orthogroup_924	GCF_000017885.4	WP_012011551.1	orthogroup_924|GCF_000017885.4|WP_012011551.1	5	5	1
orthogroup_924	GCF_005671335.1	WP_053430162.1	orthogroup_924|GCF_005671335.1|WP_053430162.1	5	5	1
orthogroup_924	GCF_006094295.1	WP_000399871.1	orthogroup_924|GCF_006094295.1|WP_000399871.1	5	5	1
orthogroup_924	GCF_034478925.1	WP_003186015.1	orthogroup_924|GCF_034478925.1|WP_003186015.1	5	5	1
orthogroup_924	GCF_034479305.1	WP_011248691.1	orthogroup_924|GCF_034479305.1|WP_011248691.1	5	5	1
orthogroup_925	GCA_000015785.2	ABS75733.1	orthogroup_925|GCA_000015785.2|ABS75733.1	4	4	1
orthogroup_925	GCA_000025805.1	ADF41940.1	orthogroup_925|GCA_000025805.1|ADF41940.1	4	4	1
orthogroup_925	GCF_000009045.1	NP_391569.1	orthogroup_925|GCF_000009045.1|NP_391569.1	4	4	1
orthogroup_925	GCF_000009785.1	WP_011232832.1	orthogroup_925|GCF_000009785.1|WP_011232832.1	4	4	1
orthogroup_925	GCF_000011245.1	WP_011067379.1	orthogroup_925|GCF_000011245.1|WP_011067379.1	4	4	1
orthogroup_925	GCF_000017885.4	WP_003215321.1	orthogroup_925|GCF_000017885.4|WP_003215321.1	4	4	1
orthogroup_925	GCF_005671335.1	WP_053430161.1	orthogroup_925|GCF_005671335.1|WP_053430161.1	4	4	1
orthogroup_925	GCF_006094295.1	WP_000567600.1	orthogroup_925|GCF_006094295.1|WP_000567600.1	4	4	1
orthogroup_925	GCF_034478925.1	WP_003186016.1	orthogroup_925|GCF_034478925.1|WP_003186016.1	4	4	1
orthogroup_925	GCF_034479305.1	WP_011248692.1	orthogroup_925|GCF_034479305.1|WP_011248692.1	4	4	1
orthogroup_929	GCA_000015785.2	ABS75739.1	orthogroup_929|GCA_000015785.2|ABS75739.1	6	6	1
orthogroup_929	GCA_000025805.1	ADF41949.1	orthogroup_929|GCA_000025805.1|ADF41949.1	6	6	1
orthogroup_929	GCF_000009045.1	NP_391575.1	orthogroup_929|GCF_000009045.1|NP_391575.1	6	6	1
orthogroup_929	GCF_000009785.1	WP_011232841.1	orthogroup_929|GCF_000009785.1|WP_011232841.1	6	6	1
orthogroup_929	GCF_000011245.1	WP_011067389.1	orthogroup_929|GCF_000011245.1|WP_011067389.1	6	6	1
orthogroup_929	GCF_000017885.4	WP_012011556.1	orthogroup_929|GCF_000017885.4|WP_012011556.1	6	6	1
orthogroup_929	GCF_005671335.1	WP_010899895.1	orthogroup_929|GCF_005671335.1|WP_010899895.1	6	6	1
orthogroup_929	GCF_006094295.1	WP_000142475.1	orthogroup_929|GCF_006094295.1|WP_000142475.1	6	6	1
orthogroup_929	GCF_034478925.1	WP_003186024.1	orthogroup_929|GCF_034478925.1|WP_003186024.1	6	6	1
orthogroup_929	GCF_034479305.1	WP_094424662.1	orthogroup_929|GCF_034479305.1|WP_094424662.1	6	6	1
orthogroup_941	GCA_000015785.2	ABS75762.1	orthogroup_941|GCA_000015785.2|ABS75762.1	5	5	1
orthogroup_941	GCA_000025805.1	ADF41971.1	orthogroup_941|GCA_000025805.1|ADF41971.1	5	5	1
orthogroup_941	GCF_000009045.1	NP_391599.1	orthogroup_941|GCF_000009045.1|NP_391599.1	5	5	1
orthogroup_941	GCF_000009785.1	WP_011232865.1	orthogroup_941|GCF_000009785.1|WP_011232865.1	5	5	1
orthogroup_941	GCF_000011245.1	WP_011067410.1	orthogroup_941|GCF_000011245.1|WP_011067410.1	5	5	1
orthogroup_941	GCF_000017885.4	WP_012011585.1	orthogroup_941|GCF_000017885.4|WP_012011585.1	5	5	1
orthogroup_941	GCF_005671335.1	WP_053430137.1	orthogroup_941|GCF_005671335.1|WP_053430137.1	5	5	1
orthogroup_941	GCF_006094295.1	WP_001086770.1	orthogroup_941|GCF_006094295.1|WP_001086770.1	5	5	1
orthogroup_941	GCF_034478925.1	WP_011198396.1	orthogroup_941|GCF_034478925.1|WP_011198396.1	5	5	1
orthogroup_941	GCF_034479305.1	WP_094424628.1	orthogroup_941|GCF_034479305.1|WP_094424628.1	5	5	1
orthogroup_951	GCA_000015785.2	ABS75847.1	orthogroup_951|GCA_000015785.2|ABS75847.1	4	4	1
orthogroup_951	GCA_000025805.1	ADF41991.1	orthogroup_951|GCA_000025805.1|ADF41991.1	4	4	1
orthogroup_951	GCF_000009045.1	NP_391672.2	orthogroup_951|GCF_000009045.1|NP_391672.2	4	4	1
orthogroup_951	GCF_000009785.1	WP_011232886.1	orthogroup_951|GCF_000009785.1|WP_011232886.1	4	4	1
orthogroup_951	GCF_000011245.1	WP_011067423.1	orthogroup_951|GCF_000011245.1|WP_011067423.1	4	4	1
orthogroup_951	GCF_000017885.4	WP_012011648.1	orthogroup_951|GCF_000017885.4|WP_012011648.1	4	4	1
orthogroup_951	GCF_005671335.1	WP_010899953.1	orthogroup_951|GCF_005671335.1|WP_010899953.1	4	4	1
orthogroup_951	GCF_006094295.1	WP_000688316.1	orthogroup_951|GCF_006094295.1|WP_000688316.1	4	4	1
orthogroup_951	GCF_034478925.1	WP_011198405.1	orthogroup_951|GCF_034478925.1|WP_011198405.1	4	4	1
orthogroup_951	GCF_034479305.1	WP_011248756.1	orthogroup_951|GCF_034479305.1|WP_011248756.1	4	4	1
orthogroup_954	GCA_000015785.2	ABS75870.1	orthogroup_954|GCA_000015785.2|ABS75870.1	5	5	1
orthogroup_954	GCA_000025805.1	ADF39994.1	orthogroup_954|GCA_000025805.1|ADF39994.1	5	5	1
orthogroup_954	GCF_000009045.1	NP_391694.1	orthogroup_954|GCF_000009045.1|NP_391694.1	5	5	1
orthogroup_954	GCF_000009785.1	WP_011232921.1	orthogroup_954|GCF_000009785.1|WP_011232921.1	5	5	1
orthogroup_954	GCF_000011245.1	WP_011066647.1	orthogroup_954|GCF_000011245.1|WP_011066647.1	5	5	1
orthogroup_954	GCF_000017885.4	WP_012011668.1	orthogroup_954|GCF_000017885.4|WP_012011668.1	5	5	1
orthogroup_954	GCF_005671335.1	WP_053431125.1	orthogroup_954|GCF_005671335.1|WP_053431125.1	5	5	1
orthogroup_954	GCF_006094295.1	WP_000729317.1	orthogroup_954|GCF_006094295.1|WP_000729317.1	5	5	1
orthogroup_954	GCF_034478925.1	WP_003186197.1	orthogroup_954|GCF_034478925.1|WP_003186197.1	5	5	1
orthogroup_954	GCF_034479305.1	WP_094427754.1	orthogroup_954|GCF_034479305.1|WP_094427754.1	5	5	1
orthogroup_955	GCA_000015785.2	ABS75871.1	orthogroup_955|GCA_000015785.2|ABS75871.1	15	15	1
orthogroup_955	GCA_000025805.1	ADF39995.1	orthogroup_955|GCA_000025805.1|ADF39995.1	15	15	1
orthogroup_955	GCF_000009045.1	NP_391695.1	orthogroup_955|GCF_000009045.1|NP_391695.1	15	15	1
orthogroup_955	GCF_000009785.1	WP_011232922.1	orthogroup_955|GCF_000009785.1|WP_011232922.1	15	15	1
orthogroup_955	GCF_000011245.1	WP_011066646.1	orthogroup_955|GCF_000011245.1|WP_011066646.1	15	15	1
orthogroup_955	GCF_000017885.4	WP_003215069.1	orthogroup_955|GCF_000017885.4|WP_003215069.1	15	15	1
orthogroup_955	GCF_005671335.1	WP_053431126.1	orthogroup_955|GCF_005671335.1|WP_053431126.1	15	15	1
orthogroup_955	GCF_006094295.1	WP_000762366.1	orthogroup_955|GCF_006094295.1|WP_000762366.1	15	15	1
orthogroup_955	GCF_034478925.1	WP_003186199.1	orthogroup_955|GCF_034478925.1|WP_003186199.1	15	15	1
orthogroup_955	GCF_034479305.1	WP_094427752.1	orthogroup_955|GCF_034479305.1|WP_094427752.1	15	15	1
orthogroup_983	GCA_000015785.2	ABS76139.1	orthogroup_983|GCA_000015785.2|ABS76139.1	5	5	1
orthogroup_983	GCA_000025805.1	ADF42065.1	orthogroup_983|GCA_000025805.1|ADF42065.1	5	5	1
orthogroup_983	GCF_000009045.1	NP_391984.1	orthogroup_983|GCF_000009045.1|NP_391984.1	5	5	1
orthogroup_983	GCF_000009785.1	WP_011232959.1	orthogroup_983|GCF_000009785.1|WP_011232959.1	5	5	1
orthogroup_983	GCF_000011245.1	WP_011067892.1	orthogroup_983|GCF_000011245.1|WP_011067892.1	5	5	1
orthogroup_983	GCF_000017885.4	WP_095117972.1	orthogroup_983|GCF_000017885.4|WP_095117972.1	5	5	1
orthogroup_983	GCF_005671335.1	WP_175414344.1	orthogroup_983|GCF_005671335.1|WP_175414344.1	5	5	1
orthogroup_983	GCF_006094295.1	WP_000727738.1	orthogroup_983|GCF_006094295.1|WP_000727738.1	5	5	1
orthogroup_983	GCF_034478925.1	WP_011198500.1	orthogroup_983|GCF_034478925.1|WP_011198500.1	5	5	1
orthogroup_983	GCF_034479305.1	WP_094424408.1	orthogroup_983|GCF_034479305.1|WP_094424408.1	5	5	1
orthogroup_1009	GCA_000015785.2	ABS72804.1	orthogroup_1009|GCA_000015785.2|ABS72804.1	10	10	1
orthogroup_1009	GCA_000025805.1	ADF40059.1	orthogroup_1009|GCA_000025805.1|ADF40059.1	10	10	1
orthogroup_1009	GCF_000009045.1	NP_388262.1	orthogroup_1009|GCF_000009045.1|NP_388262.1	10	10	1
orthogroup_1009	GCF_000011245.1	WP_011064942.1	orthogroup_1009|GCF_000011245.1|WP_011064942.1	10	10	1
orthogroup_1009	GCF_000017885.4	WP_012009485.1	orthogroup_1009|GCF_000017885.4|WP_012009485.1	10	10	1
orthogroup_1009	GCF_005671335.1	WP_138090332.1	orthogroup_1009|GCF_005671335.1|WP_138090332.1	10	10	1
orthogroup_1009	GCF_006094295.1	WP_000042077.1	orthogroup_1009|GCF_006094295.1|WP_000042077.1	10	10	1
orthogroup_1009	GCF_034478925.1	WP_003178937.1	orthogroup_1009|GCF_034478925.1|WP_003178937.1	10	10	1
orthogroup_1009	GCF_034479305.1	WP_062749836.1	orthogroup_1009|GCF_034479305.1|WP_062749836.1	10	10	1
orthogroup_1010	GCA_000015785.2	ABS72805.1	orthogroup_1010|GCA_000015785.2|ABS72805.1	10	10	1
orthogroup_1010	GCA_000025805.1	ADF40058.1	orthogroup_1010|GCA_000025805.1|ADF40058.1	10	10	1
orthogroup_1010	GCF_000009045.1	NP_388263.1	orthogroup_1010|GCF_000009045.1|NP_388263.1	10	10	1
orthogroup_1010	GCF_000011245.1	WP_011064943.1	orthogroup_1010|GCF_000011245.1|WP_011064943.1	10	10	1
orthogroup_1010	GCF_000017885.4	WP_012009486.1	orthogroup_1010|GCF_000017885.4|WP_012009486.1	9	10	0
orthogroup_1010	GCF_005671335.1	WP_010897196.1	orthogroup_1010|GCF_005671335.1|WP_010897196.1	10	10	1
orthogroup_1010	GCF_006094295.1	WP_000631245.1	orthogroup_1010|GCF_006094295.1|WP_000631245.1	10	10	1
orthogroup_1010	GCF_034478925.1	WP_003178939.1	orthogroup_1010|GCF_034478925.1|WP_003178939.1	10	10	1
orthogroup_1010	GCF_034479305.1	WP_157730442.1	orthogroup_1010|GCF_034479305.1|WP_157730442.1	10	10	1
orthogroup_1012	GCA_000015785.2	ABS72822.2	orthogroup_1012|GCA_000015785.2|ABS72822.2	12	12	1
orthogroup_1012	GCA_000025805.1	ADF37127.1	orthogroup_1012|GCA_000025805.1|ADF37127.1	12	12	1
orthogroup_1012	GCF_000009045.1	NP_388280.2	orthogroup_1012|GCF_000009045.1|NP_388280.2	12	12	1
orthogroup_1012	GCF_000009785.1	WP_011231434.1	orthogroup_1012|GCF_000009785.1|WP_011231434.1	12	12	1
orthogroup_1012	GCF_000011245.1	WP_011066996.1	orthogroup_1012|GCF_000011245.1|WP_011066996.1	12	12	1
orthogroup_1012	GCF_000017885.4	WP_012008932.1	orthogroup_1012|GCF_000017885.4|WP_012008932.1	12	12	1
orthogroup_1012	GCF_005671335.1	WP_053430109.1	orthogroup_1012|GCF_005671335.1|WP_053430109.1	12	12	1
orthogroup_1012	GCF_034478925.1	WP_003179025.1	orthogroup_1012|GCF_034478925.1|WP_003179025.1	10	12	0
orthogroup_1012	GCF_034479305.1	WP_094426413.1	orthogroup_1012|GCF_034479305.1|WP_094426413.1	12	12	1
orthogroup_1023	GCA_000015785.2	ABS73067.1	orthogroup_1023|GCA_000015785.2|ABS73067.1	3	3	1
orthogroup_1023	GCA_000025805.1	ADF40896.1	orthogroup_1023|GCA_000025805.1|ADF40896.1	2	3	0
orthogroup_1023	GCF_000009045.1	NP_388521.2	orthogroup_1023|GCF_000009045.1|NP_388521.2	3	3	1
orthogroup_1023	GCF_000011245.1	WP_011065146.1	orthogroup_1023|GCF_000011245.1|WP_011065146.1	3	3	1
orthogroup_1023	GCF_000017885.4	WP_024424505.1	orthogroup_1023|GCF_000017885.4|WP_024424505.1	3	3	1
orthogroup_1023	GCF_005671335.1	WP_010896797.1	orthogroup_1023|GCF_005671335.1|WP_010896797.1	3	3	1
orthogroup_1023	GCF_006094295.1	WP_000938438.1	orthogroup_1023|GCF_006094295.1|WP_000938438.1	3	3	1
orthogroup_1023	GCF_034478925.1	WP_369878949.1	orthogroup_1023|GCF_034478925.1|WP_369878949.1	3	3	1
orthogroup_1023	GCF_034479305.1	WP_094428382.1	orthogroup_1023|GCF_034479305.1|WP_094428382.1	3	3	1
orthogroup_1027	GCA_000015785.2	ABS73181.1	orthogroup_1027|GCA_000015785.2|ABS73181.1	12	12	1
orthogroup_1027	GCA_000025805.1	ADF37818.1	orthogroup_1027|GCA_000025805.1|ADF37818.1	12	12	1
orthogroup_1027	GCF_000009045.1	NP_388661.1	orthogroup_1027|GCF_000009045.1|NP_388661.1	12	12	1
orthogroup_1027	GCF_000009785.1	WP_011231239.1	orthogroup_1027|GCF_000009785.1|WP_011231239.1	11	12	0
orthogroup_1027	GCF_000017885.4	WP_003213824.1	orthogroup_1027|GCF_000017885.4|WP_003213824.1	12	12	1
orthogroup_1027	GCF_005671335.1	WP_010898372.1	orthogroup_1027|GCF_005671335.1|WP_010898372.1	11	12	0
orthogroup_1027	GCF_006094295.1	WP_000513942.1	orthogroup_1027|GCF_006094295.1|WP_000513942.1	12	12	1
orthogroup_1027	GCF_034478925.1	WP_011197645.1	orthogroup_1027|GCF_034478925.1|WP_011197645.1	12	12	1
orthogroup_1027	GCF_034479305.1	WP_094429079.1	orthogroup_1027|GCF_034479305.1|WP_094429079.1	12	12	1
orthogroup_1032	GCA_000015785.2	ABS73226.1	orthogroup_1032|GCA_000015785.2|ABS73226.1	4	4	1
orthogroup_1032	GCA_000025805.1	ADF37241.1	orthogroup_1032|GCA_000025805.1|ADF37241.1	4	4	1
orthogroup_1032	GCF_000009045.1	NP_388704.1	orthogroup_1032|GCF_000009045.1|NP_388704.1	4	4	1
orthogroup_1032	GCF_000009785.1	WP_011229711.1	orthogroup_1032|GCF_000009785.1|WP_011229711.1	4	4	1
orthogroup_1032	GCF_000017885.4	WP_025093362.1	orthogroup_1032|GCF_000017885.4|WP_025093362.1	4	4	1
orthogroup_1032	GCF_005671335.1	WP_233443845.1	orthogroup_1032|GCF_005671335.1|WP_233443845.1	4	4	1
orthogroup_1032	GCF_006094295.1	WP_001071553.1	orthogroup_1032|GCF_006094295.1|WP_001071553.1	4	4	1
orthogroup_1032	GCF_034478925.1	WP_003179881.1	orthogroup_1032|GCF_034478925.1|WP_003179881.1	4	4	1
orthogroup_1032	GCF_034479305.1	WP_094426261.1	orthogroup_1032|GCF_034479305.1|WP_094426261.1	4	4	1
orthogroup_1038	GCA_000015785.2	ABS73262.1	orthogroup_1038|GCA_000015785.2|ABS73262.1	6	6	1
orthogroup_1038	GCA_000025805.1	ADF37319.1	orthogroup_1038|GCA_000025805.1|ADF37319.1	6	6	1
orthogroup_1038	GCF_000009045.1	NP_388749.2	orthogroup_1038|GCF_000009045.1|NP_388749.2	6	6	1
orthogroup_1038	GCF_000011245.1	WP_011065306.1	orthogroup_1038|GCF_000011245.1|WP_011065306.1	6	6	1
orthogroup_1038	GCF_000017885.4	WP_012009338.1	orthogroup_1038|GCF_000017885.4|WP_012009338.1	6	6	1
orthogroup_1038	GCF_005671335.1	WP_053432621.1	orthogroup_1038|GCF_005671335.1|WP_053432621.1	6	6	1
orthogroup_1038	GCF_006094295.1	WP_001161599.1	orthogroup_1038|GCF_006094295.1|WP_001161599.1	6	6	1
orthogroup_1038	GCF_034478925.1	WP_003179944.1	orthogroup_1038|GCF_034478925.1|WP_003179944.1	6	6	1
orthogroup_1038	GCF_034479305.1	WP_094429003.1	orthogroup_1038|GCF_034479305.1|WP_094429003.1	6	6	1
orthogroup_1043	GCA_000015785.2	ABS73378.1	orthogroup_1043|GCA_000015785.2|ABS73378.1	6	6	1
orthogroup_1043	GCA_000025805.1	ADF37465.1	orthogroup_1043|GCA_000025805.1|ADF37465.1	6	6	1
orthogroup_1043	GCF_000009045.1	NP_388871.2	orthogroup_1043|GCF_000009045.1|NP_388871.2	6	6	1
orthogroup_1043	GCF_000009785.1	WP_011230149.1	orthogroup_1043|GCF_000009785.1|WP_011230149.1	6	6	1
orthogroup_1043	GCF_000011245.1	WP_011065540.1	orthogroup_1043|GCF_000011245.1|WP_011065540.1	6	6	1
orthogroup_1043	GCF_005671335.1	WP_053431633.1	orthogroup_1043|GCF_005671335.1|WP_053431633.1	6	6	1
orthogroup_1043	GCF_006094295.1	WP_001224970.1	orthogroup_1043|GCF_006094295.1|WP_001224970.1	6	6	1
orthogroup_1043	GCF_034478925.1	WP_003180232.1	orthogroup_1043|GCF_034478925.1|WP_003180232.1	6	6	1
orthogroup_1043	GCF_034479305.1	WP_094424588.1	orthogroup_1043|GCF_034479305.1|WP_094424588.1	8	6	0
orthogroup_1047	GCA_000015785.2	ABS73396.1	orthogroup_1047|GCA_000015785.2|ABS73396.1	14	14	1
orthogroup_1047	GCA_000025805.1	ADF37484.1	orthogroup_1047|GCA_000025805.1|ADF37484.1	14	14	1
orthogroup_1047	GCF_000009045.1	NP_388889.1	orthogroup_1047|GCF_000009045.1|NP_388889.1	14	14	1
orthogroup_1047	GCF_000009785.1	WP_011230163.1	orthogroup_1047|GCF_000009785.1|WP_011230163.1	14	14	1
orthogroup_1047	GCF_000011245.1	WP_011065778.1	orthogroup_1047|GCF_000011245.1|WP_011065778.1	14	14	1
orthogroup_1047	GCF_005671335.1	WP_010898318.1	orthogroup_1047|GCF_005671335.1|WP_010898318.1	14	14	1
orthogroup_1047	GCF_006094295.1	WP_000537861.1	orthogroup_1047|GCF_006094295.1|WP_000537861.1	14	14	1
orthogroup_1047	GCF_034478925.1	WP_011197716.1	orthogroup_1047|GCF_034478925.1|WP_011197716.1	14	14	1
orthogroup_1047	GCF_034479305.1	WP_094427816.1	orthogroup_1047|GCF_034479305.1|WP_094427816.1	14	14	1
orthogroup_1052	GCA_000015785.2	ABS73473.1	orthogroup_1052|GCA_000015785.2|ABS73473.1	7	7	1
orthogroup_1052	GCA_000025805.1	ADF37536.1	orthogroup_1052|GCA_000025805.1|ADF37536.1	6	7	0
orthogroup_1052	GCF_000009045.1	NP_388993.1	orthogroup_1052|GCF_000009045.1|NP_388993.1	7	7	1
orthogroup_1052	GCF_000011245.1	WP_011065588.1	orthogroup_1052|GCF_000011245.1|WP_011065588.1	6	7	0
orthogroup_1052	GCF_000017885.4	WP_012009532.1	orthogroup_1052|GCF_000017885.4|WP_012009532.1	7	7	1
orthogroup_1052	GCF_005671335.1	WP_041821717.1	orthogroup_1052|GCF_005671335.1|WP_041821717.1	7	7	1
orthogroup_1052	GCF_006094295.1	WP_000364431.1	orthogroup_1052|GCF_006094295.1|WP_000364431.1	8	7	0
orthogroup_1052	GCF_034478925.1	WP_003180539.1	orthogroup_1052|GCF_034478925.1|WP_003180539.1	7	7	1
orthogroup_1052	GCF_034479305.1	WP_062749514.1	orthogroup_1052|GCF_034479305.1|WP_062749514.1	6	7	0
orthogroup_1074	GCA_000015785.2	ABS73774.1	orthogroup_1074|GCA_000015785.2|ABS73774.1	4	4	1
orthogroup_1074	GCA_000025805.1	ADF37683.1	orthogroup_1074|GCA_000025805.1|ADF37683.1	4	4	1
orthogroup_1074	GCF_000009045.1	NP_389320.1	orthogroup_1074|GCF_000009045.1|NP_389320.1	4	4	1
orthogroup_1074	GCF_000011245.1	WP_011064563.1	orthogroup_1074|GCF_000011245.1|WP_011064563.1	4	4	1
orthogroup_1074	GCF_000017885.4	WP_012009803.1	orthogroup_1074|GCF_000017885.4|WP_012009803.1	4	4	1
orthogroup_1074	GCF_005671335.1	WP_053430544.1	orthogroup_1074|GCF_005671335.1|WP_053430544.1	4	4	1
orthogroup_1074	GCF_006094295.1	WP_000054370.1	orthogroup_1074|GCF_006094295.1|WP_000054370.1	4	4	1
orthogroup_1074	GCF_034478925.1	WP_003181354.1	orthogroup_1074|GCF_034478925.1|WP_003181354.1	4	4	1
orthogroup_1074	GCF_034479305.1	WP_169715950.1	orthogroup_1074|GCF_034479305.1|WP_169715950.1	4	4	1
orthogroup_1117	GCA_000015785.2	ABS74282.1	orthogroup_1117|GCA_000015785.2|ABS74282.1	12	12	1
orthogroup_1117	GCA_000025805.1	ADF38828.1	orthogroup_1117|GCA_000025805.1|ADF38828.1	12	12	1
orthogroup_1117	GCF_000009045.1	NP_389826.1	orthogroup_1117|GCF_000009045.1|NP_389826.1	12	12	1
orthogroup_1117	GCF_000009785.1	WP_011231084.1	orthogroup_1117|GCF_000009785.1|WP_011231084.1	12	12	1
orthogroup_1117	GCF_000011245.1	WP_011065493.1	orthogroup_1117|GCF_000011245.1|WP_011065493.1	12	12	1
orthogroup_1117	GCF_000017885.4	WP_012010260.1	orthogroup_1117|GCF_000017885.4|WP_012010260.1	12	12	1
orthogroup_1117	GCF_005671335.1	WP_010897033.1	orthogroup_1117|GCF_005671335.1|WP_010897033.1	12	12	1
orthogroup_1117	GCF_006094295.1	WP_000665546.1	orthogroup_1117|GCF_006094295.1|WP_000665546.1	12	12	1
orthogroup_1117	GCF_034478925.1	WP_009328059.1	orthogroup_1117|GCF_034478925.1|WP_009328059.1	12	12	1
orthogroup_1120	GCA_000015785.2	ABS74356.1	orthogroup_1120|GCA_000015785.2|ABS74356.1	7	7	1
orthogroup_1120	GCA_000025805.1	ADF37825.1	orthogroup_1120|GCA_000025805.1|ADF37825.1	7	7	1
orthogroup_1120	GCF_000009045.1	NP_390062.1	orthogroup_1120|GCF_000009045.1|NP_390062.1	7	7	1
orthogroup_1120	GCF_000011245.1	WP_011066657.1	orthogroup_1120|GCF_000011245.1|WP_011066657.1	7	7	1
orthogroup_1120	GCF_000017885.4	WP_012010303.1	orthogroup_1120|GCF_000017885.4|WP_012010303.1	7	7	1
orthogroup_1120	GCF_005671335.1	WP_010899012.1	orthogroup_1120|GCF_005671335.1|WP_010899012.1	7	7	1
orthogroup_1120	GCF_006094295.1	WP_000136889.1	orthogroup_1120|GCF_006094295.1|WP_000136889.1	7	7	1
orthogroup_1120	GCF_034478925.1	WP_003182805.1	orthogroup_1120|GCF_034478925.1|WP_003182805.1	7	7	1
orthogroup_1120	GCF_034479305.1	WP_094426951.1	orthogroup_1120|GCF_034479305.1|WP_094426951.1	7	7	1
orthogroup_1125	GCA_000015785.2	ABS74381.1	orthogroup_1125|GCA_000015785.2|ABS74381.1	5	5	1
orthogroup_1125	GCA_000025805.1	ADF38299.1	orthogroup_1125|GCA_000025805.1|ADF38299.1	5	5	1
orthogroup_1125	GCF_000009045.1	NP_390086.1	orthogroup_1125|GCF_000009045.1|NP_390086.1	5	5	1
orthogroup_1125	GCF_000009785.1	WP_025039382.1	orthogroup_1125|GCF_000009785.1|WP_025039382.1	5	5	1
orthogroup_1125	GCF_000011245.1	WP_011066146.1	orthogroup_1125|GCF_000011245.1|WP_011066146.1	5	5	1
orthogroup_1125	GCF_000017885.4	WP_012010326.1	orthogroup_1125|GCF_000017885.4|WP_012010326.1	5	5	1
orthogroup_1125	GCF_005671335.1	WP_053432405.1	orthogroup_1125|GCF_005671335.1|WP_053432405.1	5	5	1
orthogroup_1125	GCF_034478925.1	WP_003182859.1	orthogroup_1125|GCF_034478925.1|WP_003182859.1	5	5	1
orthogroup_1125	GCF_034479305.1	WP_094423572.1	orthogroup_1125|GCF_034479305.1|WP_094423572.1	5	5	1
orthogroup_1140	GCA_000015785.2	ABS74463.1	orthogroup_1140|GCA_000015785.2|ABS74463.1	7	7	1
orthogroup_1140	GCA_000025805.1	ADF41156.1	orthogroup_1140|GCA_000025805.1|ADF41156.1	7	7	1
orthogroup_1140	GCF_000009045.1	NP_390167.1	orthogroup_1140|GCF_000009045.1|NP_390167.1	7	7	1
orthogroup_1140	GCF_000009785.1	WP_011231708.1	orthogroup_1140|GCF_000009785.1|WP_011231708.1	7	7	1
orthogroup_1140	GCF_000017885.4	WP_012010395.1	orthogroup_1140|GCF_000017885.4|WP_012010395.1	7	7	1
orthogroup_1140	GCF_005671335.1	WP_053431365.1	orthogroup_1140|GCF_005671335.1|WP_053431365.1	7	7	1
orthogroup_1140	GCF_006094295.1	WP_000349103.1	orthogroup_1140|GCF_006094295.1|WP_000349103.1	7	7	1
orthogroup_1140	GCF_034478925.1	WP_003183023.1	orthogroup_1140|GCF_034478925.1|WP_003183023.1	7	7	1
orthogroup_1140	GCF_034479305.1	WP_094428223.1	orthogroup_1140|GCF_034479305.1|WP_094428223.1	7	7	1
orthogroup_1141	GCA_000015785.2	ABS74470.1	orthogroup_1141|GCA_000015785.2|ABS74470.1	7	7	1
orthogroup_1141	GCA_000025805.1	ADF41167.1	orthogroup_1141|GCA_000025805.1|ADF41167.1	7	7	1
orthogroup_1141	GCF_000009045.1	NP_390175.1	orthogroup_1141|GCF_000009045.1|NP_390175.1	7	7	1
orthogroup_1141	GCF_000009785.1	WP_012820744.1	orthogroup_1141|GCF_000009785.1|WP_012820744.1	7	7	1
orthogroup_1141	GCF_000011245.1	WP_011066205.1	orthogroup_1141|GCF_000011245.1|WP_011066205.1	7	7	1
orthogroup_1141	GCF_000017885.4	WP_012010404.1	orthogroup_1141|GCF_000017885.4|WP_012010404.1	7	7	1
orthogroup_1141	GCF_005671335.1	WP_053431375.1	orthogroup_1141|GCF_005671335.1|WP_053431375.1	7	7	1
orthogroup_1141	GCF_034478925.1	WP_003183040.1	orthogroup_1141|GCF_034478925.1|WP_003183040.1	7	7	1
orthogroup_1141	GCF_034479305.1	WP_094428237.1	orthogroup_1141|GCF_034479305.1|WP_094428237.1	7	7	1
orthogroup_1150	GCA_000015785.2	ABS74638.1	orthogroup_1150|GCA_000015785.2|ABS74638.1	3	3	1
orthogroup_1150	GCA_000025805.1	ADF41287.1	orthogroup_1150|GCA_000025805.1|ADF41287.1	3	3	1
orthogroup_1150	GCF_000009045.1	NP_390324.1	orthogroup_1150|GCF_000009045.1|NP_390324.1	3	3	1
orthogroup_1150	GCF_000009785.1	WP_011231891.1	orthogroup_1150|GCF_000009785.1|WP_011231891.1	3	3	1
orthogroup_1150	GCF_000017885.4	WP_012010540.1	orthogroup_1150|GCF_000017885.4|WP_012010540.1	3	3	1
orthogroup_1150	GCF_005671335.1	WP_010898946.1	orthogroup_1150|GCF_005671335.1|WP_010898946.1	3	3	1
orthogroup_1150	GCF_006094295.1	WP_000816050.1	orthogroup_1150|GCF_006094295.1|WP_000816050.1	3	3	1
orthogroup_1150	GCF_034478925.1	WP_003183412.1	orthogroup_1150|GCF_034478925.1|WP_003183412.1	3	3	1
orthogroup_1150	GCF_034479305.1	WP_094429268.1	orthogroup_1150|GCF_034479305.1|WP_094429268.1	3	3	1
orthogroup_1152	GCA_000015785.2	ABS74665.1	orthogroup_1152|GCA_000015785.2|ABS74665.1	3	3	1
orthogroup_1152	GCA_000025805.1	ADF41309.1	orthogroup_1152|GCA_000025805.1|ADF41309.1	3	3	1
orthogroup_1152	GCF_000009045.1	NP_390352.1	orthogroup_1152|GCF_000009045.1|NP_390352.1	3	3	1
orthogroup_1152	GCF_000009785.1	WP_041467897.1	orthogroup_1152|GCF_000009785.1|WP_041467897.1	3	3	1
orthogroup_1152	GCF_000017885.4	WP_225970031.1	orthogroup_1152|GCF_000017885.4|WP_225970031.1	3	3	1
orthogroup_1152	GCF_005671335.1	WP_053430698.1	orthogroup_1152|GCF_005671335.1|WP_053430698.1	3	3	1
orthogroup_1152	GCF_006094295.1	WP_011110378.1	orthogroup_1152|GCF_006094295.1|WP_011110378.1	3	3	1
orthogroup_1152	GCF_034478925.1	WP_011198115.1	orthogroup_1152|GCF_034478925.1|WP_011198115.1	3	3	1
orthogroup_1152	GCF_034479305.1	WP_094426998.1	orthogroup_1152|GCF_034479305.1|WP_094426998.1	3	3	1
orthogroup_1153	GCA_000015785.2	ABS74695.1	orthogroup_1153|GCA_000015785.2|ABS74695.1	6	6	1
orthogroup_1153	GCA_000025805.1	ADF41332.1	orthogroup_1153|GCA_000025805.1|ADF41332.1	6	6	1
orthogroup_1153	GCF_000009045.1	NP_390382.1	orthogroup_1153|GCF_000009045.1|NP_390382.1	6	6	1
orthogroup_1153	GCF_000011245.1	WP_011064967.1	orthogroup_1153|GCF_000011245.1|WP_011064967.1	6	6	1
orthogroup_1153	GCF_000017885.4	WP_012010587.1	orthogroup_1153|GCF_000017885.4|WP_012010587.1	6	6	1
orthogroup_1153	GCF_005671335.1	WP_010899932.1	orthogroup_1153|GCF_005671335.1|WP_010899932.1	6	6	1
orthogroup_1153	GCF_006094295.1	WP_000217339.1	orthogroup_1153|GCF_006094295.1|WP_000217339.1	6	6	1
orthogroup_1153	GCF_034478925.1	WP_009327884.1	orthogroup_1153|GCF_034478925.1|WP_009327884.1	6	6	1
orthogroup_1153	GCF_034479305.1	WP_094424624.1	orthogroup_1153|GCF_034479305.1|WP_094424624.1	6	6	1
orthogroup_1175	GCA_000015785.2	ABS74978.1	orthogroup_1175|GCA_000015785.2|ABS74978.1	6	6	1
orthogroup_1175	GCA_000025805.1	ADF41580.1	orthogroup_1175|GCA_000025805.1|ADF41580.1	6	6	1
orthogroup_1175	GCF_000009045.1	NP_390793.1	orthogroup_1175|GCF_000009045.1|NP_390793.1	6	6	1
orthogroup_1175	GCF_000009785.1	WP_011232211.1	orthogroup_1175|GCF_000009785.1|WP_011232211.1	6	6	1
orthogroup_1175	GCF_000017885.4	WP_012010861.1	orthogroup_1175|GCF_000017885.4|WP_012010861.1	6	6	1
orthogroup_1175	GCF_005671335.1	WP_010899304.1	orthogroup_1175|GCF_005671335.1|WP_010899304.1	6	6	1
orthogroup_1175	GCF_006094295.1	WP_000625507.1	orthogroup_1175|GCF_006094295.1|WP_000625507.1	6	6	1
orthogroup_1175	GCF_034478925.1	WP_003184322.1	orthogroup_1175|GCF_034478925.1|WP_003184322.1	6	6	1
orthogroup_1175	GCF_034479305.1	WP_011247559.1	orthogroup_1175|GCF_034479305.1|WP_011247559.1	6	6	1
orthogroup_1176	GCA_000015785.2	ABS74980.1	orthogroup_1176|GCA_000015785.2|ABS74980.1	4	4	1
orthogroup_1176	GCA_000025805.1	ADF41582.1	orthogroup_1176|GCA_000025805.1|ADF41582.1	4	4	1
orthogroup_1176	GCF_000009045.1	NP_390795.1	orthogroup_1176|GCF_000009045.1|NP_390795.1	4	4	1
orthogroup_1176	GCF_000011245.1	WP_011066564.1	orthogroup_1176|GCF_000011245.1|WP_011066564.1	4	4	1
orthogroup_1176	GCF_000017885.4	WP_012010863.1	orthogroup_1176|GCF_000017885.4|WP_012010863.1	4	4	1
orthogroup_1176	GCF_005671335.1	WP_053430528.1	orthogroup_1176|GCF_005671335.1|WP_053430528.1	4	4	1
orthogroup_1176	GCF_006094295.1	WP_000871622.1	orthogroup_1176|GCF_006094295.1|WP_000871622.1	4	4	1
orthogroup_1176	GCF_034478925.1	WP_009329366.1	orthogroup_1176|GCF_034478925.1|WP_009329366.1	4	4	1
orthogroup_1176	GCF_034479305.1	WP_062749738.1	orthogroup_1176|GCF_034479305.1|WP_062749738.1	4	4	1
orthogroup_1181	GCA_000015785.2	ABS75035.1	orthogroup_1181|GCA_000015785.2|ABS75035.1	8	8	1
orthogroup_1181	GCA_000025805.1	ADF40074.1	orthogroup_1181|GCA_000025805.1|ADF40074.1	8	8	1
orthogroup_1181	GCF_000009785.1	WP_011230176.1	orthogroup_1181|GCF_000009785.1|WP_011230176.1	8	8	1
orthogroup_1181	GCF_000011245.1	WP_011065520.1	orthogroup_1181|GCF_000011245.1|WP_011065520.1	8	8	1
orthogroup_1181	GCF_000017885.4	WP_012009050.1	orthogroup_1181|GCF_000017885.4|WP_012009050.1	8	8	1
orthogroup_1181	GCF_005671335.1	WP_053430653.1	orthogroup_1181|GCF_005671335.1|WP_053430653.1	8	8	1
orthogroup_1181	GCF_006094295.1	WP_000029975.1	orthogroup_1181|GCF_006094295.1|WP_000029975.1	8	8	1
orthogroup_1181	GCF_034478925.1	WP_011197726.1	orthogroup_1181|GCF_034478925.1|WP_011197726.1	8	8	1
orthogroup_1181	GCF_034479305.1	WP_094424570.1	orthogroup_1181|GCF_034479305.1|WP_094424570.1	8	8	1
orthogroup_1188	GCA_000015785.2	ABS75088.1	orthogroup_1188|GCA_000015785.2|ABS75088.1	10	10	1
orthogroup_1188	GCA_000025805.1	ADF40177.1	orthogroup_1188|GCA_000025805.1|ADF40177.1	10	10	1
orthogroup_1188	GCF_000009045.1	NP_390915.1	orthogroup_1188|GCF_000009045.1|NP_390915.1	10	10	1
orthogroup_1188	GCF_000009785.1	WP_011231825.1	orthogroup_1188|GCF_000009785.1|WP_011231825.1	10	10	1
orthogroup_1188	GCF_000011245.1	WP_011065240.1	orthogroup_1188|GCF_000011245.1|WP_011065240.1	10	10	1
orthogroup_1188	GCF_000017885.4	WP_012010890.1	orthogroup_1188|GCF_000017885.4|WP_012010890.1	10	10	1
orthogroup_1188	GCF_005671335.1	WP_053430049.1	orthogroup_1188|GCF_005671335.1|WP_053430049.1	10	10	1
orthogroup_1188	GCF_034478925.1	WP_003177730.1	orthogroup_1188|GCF_034478925.1|WP_003177730.1	10	10	1
orthogroup_1188	GCF_034479305.1	WP_094425386.1	orthogroup_1188|GCF_034479305.1|WP_094425386.1	10	10	1
orthogroup_1191	GCA_000015785.2	ABS75121.1	orthogroup_1191|GCA_000015785.2|ABS75121.1	6	6	1
orthogroup_1191	GCA_000025805.1	ADF41676.1	orthogroup_1191|GCA_000025805.1|ADF41676.1	6	6	1
orthogroup_1191	GCF_000009045.1	NP_390940.1	orthogroup_1191|GCF_000009045.1|NP_390940.1	6	6	1
orthogroup_1191	GCF_000009785.1	WP_011232329.1	orthogroup_1191|GCF_000009785.1|WP_011232329.1	6	6	1
orthogroup_1191	GCF_000011245.1	WP_011066711.1	orthogroup_1191|GCF_000011245.1|WP_011066711.1	6	6	1
orthogroup_1191	GCF_000017885.4	WP_390624540.1	orthogroup_1191|GCF_000017885.4|WP_390624540.1	6	6	1
orthogroup_1191	GCF_006094295.1	WP_000368771.1	orthogroup_1191|GCF_006094295.1|WP_000368771.1	6	6	1
orthogroup_1191	GCF_034478925.1	WP_009329424.1	orthogroup_1191|GCF_034478925.1|WP_009329424.1	6	6	1
orthogroup_1191	GCF_034479305.1	WP_094429259.1	orthogroup_1191|GCF_034479305.1|WP_094429259.1	6	6	1
orthogroup_1192	GCA_000015785.2	ABS75123.2	orthogroup_1192|GCA_000015785.2|ABS75123.2	4	4	1
orthogroup_1192	GCA_000025805.1	ADF41679.1	orthogroup_1192|GCA_000025805.1|ADF41679.1	4	4	1
orthogroup_1192	GCF_000009045.1	NP_390942.1	orthogroup_1192|GCF_000009045.1|NP_390942.1	4	4	1
orthogroup_1192	GCF_000009785.1	WP_011232332.1	orthogroup_1192|GCF_000009785.1|WP_011232332.1	4	4	1
orthogroup_1192	GCF_000017885.4	WP_012010991.1	orthogroup_1192|GCF_000017885.4|WP_012010991.1	4	4	1
orthogroup_1192	GCF_005671335.1	WP_010897137.1	orthogroup_1192|GCF_005671335.1|WP_010897137.1	4	4	1
orthogroup_1192	GCF_006094295.1	WP_000439566.1	orthogroup_1192|GCF_006094295.1|WP_000439566.1	4	4	1
orthogroup_1192	GCF_034478925.1	WP_003184607.1	orthogroup_1192|GCF_034478925.1|WP_003184607.1	4	4	1
orthogroup_1192	GCF_034479305.1	WP_245850033.1	orthogroup_1192|GCF_034479305.1|WP_245850033.1	3	4	0
orthogroup_1238	GCA_000015785.2	ABS75869.1	orthogroup_1238|GCA_000015785.2|ABS75869.1	3	3	1
orthogroup_1238	GCA_000025805.1	ADF39993.1	orthogroup_1238|GCA_000025805.1|ADF39993.1	3	3	1
orthogroup_1238	GCF_000009045.1	NP_391693.1	orthogroup_1238|GCF_000009045.1|NP_391693.1	3	3	1
orthogroup_1238	GCF_000009785.1	WP_011232920.1	orthogroup_1238|GCF_000009785.1|WP_011232920.1	3	3	1
orthogroup_1238	GCF_000011245.1	WP_011066648.1	orthogroup_1238|GCF_000011245.1|WP_011066648.1	3	3	1
orthogroup_1238	GCF_000017885.4	WP_012011667.1	orthogroup_1238|GCF_000017885.4|WP_012011667.1	3	3	1
orthogroup_1238	GCF_006094295.1	WP_000068425.1	orthogroup_1238|GCF_006094295.1|WP_000068425.1	3	3	1
orthogroup_1238	GCF_034478925.1	WP_003186195.1	orthogroup_1238|GCF_034478925.1|WP_003186195.1	3	3	1
orthogroup_1238	GCF_034479305.1	WP_094427756.1	orthogroup_1238|GCF_034479305.1|WP_094427756.1	3	3	1
orthogroup_1241	GCA_000015785.2	ABS76085.1	orthogroup_1241|GCA_000015785.2|ABS76085.1	10	10	1
orthogroup_1241	GCA_000025805.1	ADF42049.1	orthogroup_1241|GCA_000025805.1|ADF42049.1	10	10	1
orthogroup_1241	GCF_000009045.1	NP_391932.1	orthogroup_1241|GCF_000009045.1|NP_391932.1	10	10	1
orthogroup_1241	GCF_000009785.1	WP_011232943.1	orthogroup_1241|GCF_000009785.1|WP_011232943.1	10	10	1
orthogroup_1241	GCF_000011245.1	WP_011067861.1	orthogroup_1241|GCF_000011245.1|WP_011067861.1	10	10	1
orthogroup_1241	GCF_000017885.4	WP_041816396.1	orthogroup_1241|GCF_000017885.4|WP_041816396.1	10	10	1
orthogroup_1241	GCF_005671335.1	WP_053432369.1	orthogroup_1241|GCF_005671335.1|WP_053432369.1	10	10	1
orthogroup_1241	GCF_006094295.1	WP_000814840.1	orthogroup_1241|GCF_006094295.1|WP_000814840.1	10	10	1
orthogroup_1241	GCF_034478925.1	WP_009330028.1	orthogroup_1241|GCF_034478925.1|WP_009330028.1	10	10	1
orthogroup_1244	GCA_000025805.1	ADF39231.1	orthogroup_1244|GCA_000025805.1|ADF39231.1	8	8	1
orthogroup_1244	GCF_000009045.1	NP_389756.1	orthogroup_1244|GCF_000009045.1|NP_389756.1	8	8	1
orthogroup_1244	GCF_000009785.1	WP_011229692.1	orthogroup_1244|GCF_000009785.1|WP_011229692.1	8	8	1
orthogroup_1244	GCF_000011245.1	WP_011064824.1	orthogroup_1244|GCF_000011245.1|WP_011064824.1	8	8	1
orthogroup_1244	GCF_000017885.4	WP_012009251.1	orthogroup_1244|GCF_000017885.4|WP_012009251.1	8	8	1
orthogroup_1244	GCF_005671335.1	WP_053430558.1	orthogroup_1244|GCF_005671335.1|WP_053430558.1	8	8	1
orthogroup_1244	GCF_006094295.1	WP_000499399.1	orthogroup_1244|GCF_006094295.1|WP_000499399.1	8	8	1
orthogroup_1244	GCF_034478925.1	WP_003181208.1	orthogroup_1244|GCF_034478925.1|WP_003181208.1	8	8	1
orthogroup_1244	GCF_034479305.1	WP_094429217.1	orthogroup_1244|GCF_034479305.1|WP_094429217.1	8	8	1
orthogroup_1253	GCA_000015785.2	ABS72611.2	orthogroup_1253|GCA_000015785.2|ABS72611.2	14	14	1
orthogroup_1253	GCA_000025805.1	ADF40840.1	orthogroup_1253|GCA_000025805.1|ADF40840.1	14	14	1
orthogroup_1253	GCF_000009045.1	NP_388039.1	orthogroup_1253|GCF_000009045.1|NP_388039.1	14	14	1
orthogroup_1253	GCF_000011245.1	WP_011064769.1	orthogroup_1253|GCF_000011245.1|WP_011064769.1	14	14	1
orthogroup_1253	GCF_000017885.4	WP_012008730.1	orthogroup_1253|GCF_000017885.4|WP_012008730.1	14	14	1
orthogroup_1253	GCF_005671335.1	WP_010896592.1	orthogroup_1253|GCF_005671335.1|WP_010896592.1	14	14	1
orthogroup_1253	GCF_006094295.1	WP_000487894.1	orthogroup_1253|GCF_006094295.1|WP_000487894.1	14	14	1
orthogroup_1253	GCF_034478925.1	WP_003178015.1	orthogroup_1253|GCF_034478925.1|WP_003178015.1	14	14	1
orthogroup_1254	GCA_000015785.2	ABS72612.2	orthogroup_1254|GCA_000015785.2|ABS72612.2	10	10	1
orthogroup_1254	GCA_000025805.1	ADF40800.1	orthogroup_1254|GCA_000025805.1|ADF40800.1	10	10	1
orthogroup_1254	GCF_000009045.1	NP_388040.2	orthogroup_1254|GCF_000009045.1|NP_388040.2	10	10	1
orthogroup_1254	GCF_000009785.1	WP_011231474.1	orthogroup_1254|GCF_000009785.1|WP_011231474.1	10	10	1
orthogroup_1254	GCF_000017885.4	WP_012008731.1	orthogroup_1254|GCF_000017885.4|WP_012008731.1	10	10	1
orthogroup_1254	GCF_005671335.1	WP_053432203.1	orthogroup_1254|GCF_005671335.1|WP_053432203.1	10	10	1
orthogroup_1254	GCF_034478925.1	WP_085959545.1	orthogroup_1254|GCF_034478925.1|WP_085959545.1	10	10	1
orthogroup_1254	GCF_034479305.1	WP_094428649.1	orthogroup_1254|GCF_034479305.1|WP_094428649.1	10	10	1
orthogroup_1261	GCA_000015785.2	ABS72893.1	orthogroup_1261|GCA_000015785.2|ABS72893.1	6	6	1
orthogroup_1261	GCF_000009045.1	NP_388341.1	orthogroup_1261|GCF_000009045.1|NP_388341.1	6	6	1
orthogroup_1261	GCF_000009785.1	WP_011231192.1	orthogroup_1261|GCF_000009785.1|WP_011231192.1	6	6	1
orthogroup_1261	GCF_000017885.4	WP_012008990.1	orthogroup_1261|GCF_000017885.4|WP_012008990.1	6	6	1
orthogroup_1261	GCF_005671335.1	WP_138090439.1	orthogroup_1261|GCF_005671335.1|WP_138090439.1	6	6	1
orthogroup_1261	GCF_006094295.1	WP_000278208.1	orthogroup_1261|GCF_006094295.1|WP_000278208.1	6	6	1
orthogroup_1261	GCF_034478925.1	WP_009330132.1	orthogroup_1261|GCF_034478925.1|WP_009330132.1	6	6	1
orthogroup_1261	GCF_034479305.1	WP_169715965.1	orthogroup_1261|GCF_034479305.1|WP_169715965.1	6	6	1
orthogroup_1267	GCA_000015785.2	ABS72952.1	orthogroup_1267|GCA_000015785.2|ABS72952.1	6	6	1
orthogroup_1267	GCA_000025805.1	ADF37289.1	orthogroup_1267|GCA_000025805.1|ADF37289.1	6	6	1
orthogroup_1267	GCF_000009045.1	NP_390542.1	orthogroup_1267|GCF_000009045.1|NP_390542.1	6	6	1
orthogroup_1267	GCF_000009785.1	WP_011230085.1	orthogroup_1267|GCF_000009785.1|WP_011230085.1	6	6	1
orthogroup_1267	GCF_000011245.1	WP_011065805.1	orthogroup_1267|GCF_000011245.1|WP_011065805.1	6	6	1
orthogroup_1267	GCF_006094295.1	WP_000510034.1	orthogroup_1267|GCF_006094295.1|WP_000510034.1	6	6	1
orthogroup_1267	GCF_034478925.1	WP_003185046.1	orthogroup_1267|GCF_034478925.1|WP_003185046.1	6	6	1
orthogroup_1267	GCF_034479305.1	WP_062745797.1	orthogroup_1267|GCF_034479305.1|WP_062745797.1	6	6	1
orthogroup_1274	GCA_000015785.2	ABS73198.1	orthogroup_1274|GCA_000015785.2|ABS73198.1	12	12	1
orthogroup_1274	GCA_000025805.1	ADF37290.1	orthogroup_1274|GCA_000025805.1|ADF37290.1	12	12	1
orthogroup_1274	GCF_000009045.1	NP_388672.1	orthogroup_1274|GCF_000009045.1|NP_388672.1	12	12	1
orthogroup_1274	GCF_000009785.1	WP_011229926.1	orthogroup_1274|GCF_000009785.1|WP_011229926.1	12	12	1
orthogroup_1274	GCF_000017885.4	WP_012009266.1	orthogroup_1274|GCF_000017885.4|WP_012009266.1	12	12	1
orthogroup_1274	GCF_005671335.1	WP_010897057.1	orthogroup_1274|GCF_005671335.1|WP_010897057.1	12	12	1
orthogroup_1274	GCF_006094295.1	WP_000062798.1	orthogroup_1274|GCF_006094295.1|WP_000062798.1	12	12	1
orthogroup_1274	GCF_034478925.1	WP_003179795.1	orthogroup_1274|GCF_034478925.1|WP_003179795.1	12	12	1
orthogroup_1279	GCA_000015785.2	ABS73263.1	orthogroup_1279|GCA_000015785.2|ABS73263.1	6	6	1
orthogroup_1279	GCA_000025805.1	ADF37320.1	orthogroup_1279|GCA_000025805.1|ADF37320.1	6	6	1
orthogroup_1279	GCF_000009045.1	NP_388750.1	orthogroup_1279|GCF_000009045.1|NP_388750.1	6	6	1
orthogroup_1279	GCF_000017885.4	WP_012009344.1	orthogroup_1279|GCF_000017885.4|WP_012009344.1	6	6	1
orthogroup_1279	GCF_005671335.1	WP_010897114.1	orthogroup_1279|GCF_005671335.1|WP_010897114.1	6	6	1
orthogroup_1279	GCF_006094295.1	WP_000765787.1	orthogroup_1279|GCF_006094295.1|WP_000765787.1	6	6	1
orthogroup_1279	GCF_034478925.1	WP_003179957.1	orthogroup_1279|GCF_034478925.1|WP_003179957.1	6	6	1
orthogroup_1279	GCF_034479305.1	WP_322500139.1	orthogroup_1279|GCF_034479305.1|WP_322500139.1	6	6	1
orthogroup_1299	GCA_000015785.2	ABS73461.1	orthogroup_1299|GCA_000015785.2|ABS73461.1	12	12	1
orthogroup_1299	GCA_000025805.1	ADF39518.1	orthogroup_1299|GCA_000025805.1|ADF39518.1	12	12	1
orthogroup_1299	GCF_000009045.1	NP_388962.1	orthogroup_1299|GCF_000009045.1|NP_388962.1	12	12	1
orthogroup_1299	GCF_000009785.1	WP_011230204.1	orthogroup_1299|GCF_000009785.1|WP_011230204.1	12	12	1
orthogroup_1299	GCF_000017885.4	WP_012009512.1	orthogroup_1299|GCF_000017885.4|WP_012009512.1	12	12	1
orthogroup_1299	GCF_005671335.1	WP_053430636.1	orthogroup_1299|GCF_005671335.1|WP_053430636.1	12	12	1
orthogroup_1299	GCF_006094295.1	WP_002182545.1	orthogroup_1299|GCF_006094295.1|WP_002182545.1	12	12	1
orthogroup_1299	GCF_034478925.1	WP_003180465.1	orthogroup_1299|GCF_034478925.1|WP_003180465.1	12	12	1
orthogroup_1336	GCA_000015785.2	ABS74253.1	orthogroup_1336|GCA_000015785.2|ABS74253.1	5	5	1
orthogroup_1336	GCA_000025805.1	ADF41485.1	orthogroup_1336|GCA_000025805.1|ADF41485.1	5	5	1
orthogroup_1336	GCF_000009045.1	NP_389795.1	orthogroup_1336|GCF_000009045.1|NP_389795.1	5	5	1
orthogroup_1336	GCF_000017885.4	WP_012010243.1	orthogroup_1336|GCF_000017885.4|WP_012010243.1	5	5	1
orthogroup_1336	GCF_005671335.1	WP_053430878.1	orthogroup_1336|GCF_005671335.1|WP_053430878.1	5	5	1
orthogroup_1336	GCF_006094295.1	WP_000228315.1	orthogroup_1336|GCF_006094295.1|WP_000228315.1	5	5	1
orthogroup_1336	GCF_034478925.1	WP_003182577.1	orthogroup_1336|GCF_034478925.1|WP_003182577.1	5	5	1
orthogroup_1336	GCF_034479305.1	WP_094427315.1	orthogroup_1336|GCF_034479305.1|WP_094427315.1	5	5	1
orthogroup_1339	GCA_000015785.2	ABS74272.1	orthogroup_1339|GCA_000015785.2|ABS74272.1	10	10	1
orthogroup_1339	GCA_000025805.1	ADF37916.1	orthogroup_1339|GCA_000025805.1|ADF37916.1	10	10	1
orthogroup_1339	GCF_000009045.1	NP_389817.1	orthogroup_1339|GCF_000009045.1|NP_389817.1	10	10	1
orthogroup_1339	GCF_000011245.1	WP_011065397.1	orthogroup_1339|GCF_000011245.1|WP_011065397.1	10	10	1
orthogroup_1339	GCF_000017885.4	WP_012010254.1	orthogroup_1339|GCF_000017885.4|WP_012010254.1	10	10	1
orthogroup_1339	GCF_005671335.1	WP_010897031.1	orthogroup_1339|GCF_005671335.1|WP_010897031.1	10	10	1
orthogroup_1339	GCF_034478925.1	WP_003182690.1	orthogroup_1339|GCF_034478925.1|WP_003182690.1	10	10	1
orthogroup_1339	GCF_034479305.1	WP_094429120.1	orthogroup_1339|GCF_034479305.1|WP_094429120.1	10	10	1
orthogroup_1354	GCA_000015785.2	ABS74481.2	orthogroup_1354|GCA_000015785.2|ABS74481.2	6	6	1
orthogroup_1354	GCA_000025805.1	ADF41180.1	orthogroup_1354|GCA_000025805.1|ADF41180.1	6	6	1
orthogroup_1354	GCF_000009045.1	NP_390186.1	orthogroup_1354|GCF_000009045.1|NP_390186.1	6	6	1
orthogroup_1354	GCF_000009785.1	WP_075261450.1	orthogroup_1354|GCF_000009785.1|WP_075261450.1	6	6	1
orthogroup_1354	GCF_000011245.1	WP_011066722.1	orthogroup_1354|GCF_000011245.1|WP_011066722.1	6	6	1
orthogroup_1354	GCF_000017885.4	WP_012010414.1	orthogroup_1354|GCF_000017885.4|WP_012010414.1	6	6	1
orthogroup_1354	GCF_006094295.1	WP_000810855.1	orthogroup_1354|GCF_006094295.1|WP_000810855.1	6	6	1
orthogroup_1354	GCF_034478925.1	WP_003183066.1	orthogroup_1354|GCF_034478925.1|WP_003183066.1	6	6	1
orthogroup_1356	GCA_000015785.2	ABS74515.1	orthogroup_1356|GCA_000015785.2|ABS74515.1	4	4	1
orthogroup_1356	GCA_000025805.1	ADF41205.1	orthogroup_1356|GCA_000025805.1|ADF41205.1	4	4	1
orthogroup_1356	GCF_000009045.1	NP_390224.1	orthogroup_1356|GCF_000009045.1|NP_390224.1	4	4	1
orthogroup_1356	GCF_000009785.1	WP_011231788.1	orthogroup_1356|GCF_000009785.1|WP_011231788.1	4	4	1
orthogroup_1356	GCF_000011245.1	WP_011066233.1	orthogroup_1356|GCF_000011245.1|WP_011066233.1	4	4	1
orthogroup_1356	GCF_000017885.4	WP_012010445.1	orthogroup_1356|GCF_000017885.4|WP_012010445.1	4	4	1
orthogroup_1356	GCF_006094295.1	WP_000572936.1	orthogroup_1356|GCF_006094295.1|WP_000572936.1	4	4	1
orthogroup_1356	GCF_034478925.1	WP_003183156.1	orthogroup_1356|GCF_034478925.1|WP_003183156.1	4	4	1
orthogroup_1366	GCA_000015785.2	ABS74642.1	orthogroup_1366|GCA_000015785.2|ABS74642.1	4	4	1
orthogroup_1366	GCA_000025805.1	ADF41292.1	orthogroup_1366|GCA_000025805.1|ADF41292.1	4	4	1
orthogroup_1366	GCF_000009045.1	NP_390329.2	orthogroup_1366|GCF_000009045.1|NP_390329.2	4	4	1
orthogroup_1366	GCF_000009785.1	WP_011231895.1	orthogroup_1366|GCF_000009785.1|WP_011231895.1	4	4	1
orthogroup_1366	GCF_000017885.4	WP_012010545.1	orthogroup_1366|GCF_000017885.4|WP_012010545.1	4	4	1
orthogroup_1366	GCF_005671335.1	WP_010898951.1	orthogroup_1366|GCF_005671335.1|WP_010898951.1	4	4	1
orthogroup_1366	GCF_006094295.1	WP_000807121.1	orthogroup_1366|GCF_006094295.1|WP_000807121.1	4	4	1
orthogroup_1366	GCF_034478925.1	WP_003183418.1	orthogroup_1366|GCF_034478925.1|WP_003183418.1	4	4	1
orthogroup_1370	GCA_000015785.2	ABS74696.2	orthogroup_1370|GCA_000015785.2|ABS74696.2	4	4	1
orthogroup_1370	GCA_000025805.1	ADF41334.1	orthogroup_1370|GCA_000025805.1|ADF41334.1	4	4	1
orthogroup_1370	GCF_000009045.1	NP_390383.2	orthogroup_1370|GCF_000009045.1|NP_390383.2	4	4	1
orthogroup_1370	GCF_000009785.1	WP_011231940.1	orthogroup_1370|GCF_000009785.1|WP_011231940.1	4	4	1
orthogroup_1370	GCF_000017885.4	WP_012010588.1	orthogroup_1370|GCF_000017885.4|WP_012010588.1	4	4	1
orthogroup_1370	GCF_005671335.1	WP_010897571.1	orthogroup_1370|GCF_005671335.1|WP_010897571.1	4	4	1
orthogroup_1370	GCF_006094295.1	WP_000021897.1	orthogroup_1370|GCF_006094295.1|WP_000021897.1	4	4	1
orthogroup_1370	GCF_034478925.1	WP_003183545.1	orthogroup_1370|GCF_034478925.1|WP_003183545.1	4	4	1
orthogroup_1372	GCA_000015785.2	ABS74729.1	orthogroup_1372|GCA_000015785.2|ABS74729.1	5	5	1
orthogroup_1372	GCA_000025805.1	ADF41368.1	orthogroup_1372|GCA_000025805.1|ADF41368.1	5	5	1
orthogroup_1372	GCF_000009045.1	NP_390417.1	orthogroup_1372|GCF_000009045.1|NP_390417.1	5	5	1
orthogroup_1372	GCF_000011245.1	WP_011066357.1	orthogroup_1372|GCF_000011245.1|WP_011066357.1	5	5	1
orthogroup_1372	GCF_000017885.4	WP_012010622.1	orthogroup_1372|GCF_000017885.4|WP_012010622.1	5	5	1
orthogroup_1372	GCF_005671335.1	WP_010897521.1	orthogroup_1372|GCF_005671335.1|WP_010897521.1	5	5	1
orthogroup_1372	GCF_034478925.1	WP_011198129.1	orthogroup_1372|GCF_034478925.1|WP_011198129.1	5	5	1
orthogroup_1372	GCF_034479305.1	WP_094428557.1	orthogroup_1372|GCF_034479305.1|WP_094428557.1	5	5	1
orthogroup_1379	GCA_000015785.2	ABS74836.1	orthogroup_1379|GCA_000015785.2|ABS74836.1	12	12	1
orthogroup_1379	GCA_000025805.1	ADF41444.1	orthogroup_1379|GCA_000025805.1|ADF41444.1	12	12	1
orthogroup_1379	GCF_000009045.1	NP_390643.1	orthogroup_1379|GCF_000009045.1|NP_390643.1	12	12	1
orthogroup_1379	GCF_000009785.1	WP_011232059.1	orthogroup_1379|GCF_000009785.1|WP_011232059.1	12	12	1
orthogroup_1379	GCF_000011245.1	WP_011066422.1	orthogroup_1379|GCF_000011245.1|WP_011066422.1	12	12	1
orthogroup_1379	GCF_000017885.4	WP_012010735.1	orthogroup_1379|GCF_000017885.4|WP_012010735.1	12	12	1
orthogroup_1379	GCF_006094295.1	WP_001119067.1	orthogroup_1379|GCF_006094295.1|WP_001119067.1	12	12	1
orthogroup_1379	GCF_034478925.1	WP_009327772.1	orthogroup_1379|GCF_034478925.1|WP_009327772.1	12	12	1
orthogroup_1386	GCA_000015785.2	ABS74955.1	orthogroup_1386|GCA_000015785.2|ABS74955.1	7	7	1
orthogroup_1386	GCA_000025805.1	ADF37636.1	orthogroup_1386|GCA_000025805.1|ADF37636.1	7	7	1
orthogroup_1386	GCF_000009045.1	NP_390771.1	orthogroup_1386|GCF_000009045.1|NP_390771.1	7	7	1
orthogroup_1386	GCF_000011245.1	WP_011066042.1	orthogroup_1386|GCF_000011245.1|WP_011066042.1	7	7	1
orthogroup_1386	GCF_000017885.4	WP_012010843.1	orthogroup_1386|GCF_000017885.4|WP_012010843.1	7	7	1
orthogroup_1386	GCF_006094295.1	WP_000933565.1	orthogroup_1386|GCF_006094295.1|WP_000933565.1	7	7	1
orthogroup_1386	GCF_034478925.1	WP_011198186.1	orthogroup_1386|GCF_034478925.1|WP_011198186.1	7	7	1
orthogroup_1386	GCF_034479305.1	WP_094424451.1	orthogroup_1386|GCF_034479305.1|WP_094424451.1	7	7	1
orthogroup_1398	GCA_000015785.2	ABS75086.1	orthogroup_1398|GCA_000015785.2|ABS75086.1	12	12	1
orthogroup_1398	GCA_000025805.1	ADF41660.1	orthogroup_1398|GCA_000025805.1|ADF41660.1	12	12	1
orthogroup_1398	GCF_000009045.1	NP_390913.1	orthogroup_1398|GCF_000009045.1|NP_390913.1	12	12	1
orthogroup_1398	GCF_000009785.1	WP_011232315.1	orthogroup_1398|GCF_000009785.1|WP_011232315.1	12	12	1
orthogroup_1398	GCF_005671335.1	WP_053430467.1	orthogroup_1398|GCF_005671335.1|WP_053430467.1	12	12	1
orthogroup_1398	GCF_006094295.1	WP_001137561.1	orthogroup_1398|GCF_006094295.1|WP_001137561.1	12	12	1
orthogroup_1398	GCF_034478925.1	WP_011198218.1	orthogroup_1398|GCF_034478925.1|WP_011198218.1	12	12	1
orthogroup_1398	GCF_034479305.1	WP_094426480.1	orthogroup_1398|GCF_034479305.1|WP_094426480.1	12	12	1
orthogroup_1407	GCA_000015785.2	ABS75156.1	orthogroup_1407|GCA_000015785.2|ABS75156.1	10	9	0
orthogroup_1407	GCA_000025805.1	ADF37342.1	orthogroup_1407|GCA_000025805.1|ADF37342.1	9	9	1
orthogroup_1407	GCF_000009045.1	NP_390993.1	orthogroup_1407|GCF_000009045.1|NP_390993.1	9	9	1
orthogroup_1407	GCF_000009785.1	WP_011229728.1	orthogroup_1407|GCF_000009785.1|WP_011229728.1	10	9	0
orthogroup_1407	GCF_000017885.4	WP_041816314.1	orthogroup_1407|GCF_000017885.4|WP_041816314.1	9	9	1
orthogroup_1407	GCF_006094295.1	WP_000796255.1	orthogroup_1407|GCF_006094295.1|WP_000796255.1	9	9	1
orthogroup_1407	GCF_034478925.1	WP_011198234.1	orthogroup_1407|GCF_034478925.1|WP_011198234.1	9	9	1
orthogroup_1407	GCF_034479305.1	WP_094425828.1	orthogroup_1407|GCF_034479305.1|WP_094425828.1	9	9	1
orthogroup_1411	GCA_000015785.2	ABS75197.1	orthogroup_1411|GCA_000015785.2|ABS75197.1	9	9	1
orthogroup_1411	GCA_000025805.1	ADF40946.1	orthogroup_1411|GCA_000025805.1|ADF40946.1	9	9	1
orthogroup_1411	GCF_000009045.1	NP_391034.1	orthogroup_1411|GCF_000009045.1|NP_391034.1	9	9	1
orthogroup_1411	GCF_000009785.1	WP_013145711.1	orthogroup_1411|GCF_000009785.1|WP_013145711.1	10	9	0
orthogroup_1411	GCF_000011245.1	WP_011067784.1	orthogroup_1411|GCF_000011245.1|WP_011067784.1	10	9	0
orthogroup_1411	GCF_000017885.4	WP_003212654.1	orthogroup_1411|GCF_000017885.4|WP_003212654.1	9	9	1
orthogroup_1411	GCF_006094295.1	WP_001085254.1	orthogroup_1411|GCF_006094295.1|WP_001085254.1	10	9	0
orthogroup_1411	GCF_034479305.1	WP_406550712.1	orthogroup_1411|GCF_034479305.1|WP_406550712.1	10	9	0
orthogroup_1412	GCA_000015785.2	ABS75198.1	orthogroup_1412|GCA_000015785.2|ABS75198.1	9	9	1
orthogroup_1412	GCA_000025805.1	ADF40945.1	orthogroup_1412|GCA_000025805.1|ADF40945.1	9	9	1
orthogroup_1412	GCF_000009045.1	NP_391035.1	orthogroup_1412|GCF_000009045.1|NP_391035.1	9	9	1
orthogroup_1412	GCF_000009785.1	WP_011230786.1	orthogroup_1412|GCF_000009785.1|WP_011230786.1	9	9	1
orthogroup_1412	GCF_000011245.1	WP_011067783.1	orthogroup_1412|GCF_000011245.1|WP_011067783.1	9	9	1
orthogroup_1412	GCF_000017885.4	WP_003213713.1	orthogroup_1412|GCF_000017885.4|WP_003213713.1	9	9	1
orthogroup_1412	GCF_006094295.1	WP_000008856.1	orthogroup_1412|GCF_006094295.1|WP_000008856.1	9	9	1
orthogroup_1412	GCF_034479305.1	WP_094423504.1	orthogroup_1412|GCF_034479305.1|WP_094423504.1	9	9	1
orthogroup_1416	GCA_000015785.2	ABS75278.1	orthogroup_1416|GCA_000015785.2|ABS75278.1	10	9	0
orthogroup_1416	GCF_000009045.1	NP_391118.1	orthogroup_1416|GCF_000009045.1|NP_391118.1	9	9	1
orthogroup_1416	GCF_000009785.1	WP_011232454.1	orthogroup_1416|GCF_000009785.1|WP_011232454.1	9	9	1
orthogroup_1416	GCF_000011245.1	WP_041544261.1	orthogroup_1416|GCF_000011245.1|WP_041544261.1	10	9	0
orthogroup_1416	GCF_005671335.1	WP_138090776.1	orthogroup_1416|GCF_005671335.1|WP_138090776.1	9	9	1
orthogroup_1416	GCF_006094295.1	WP_000455762.1	orthogroup_1416|GCF_006094295.1|WP_000455762.1	9	9	1
orthogroup_1416	GCF_034478925.1	WP_003184996.1	orthogroup_1416|GCF_034478925.1|WP_003184996.1	9	9	1
orthogroup_1416	GCF_034479305.1	WP_322500133.1	orthogroup_1416|GCF_034479305.1|WP_322500133.1	10	9	0
orthogroup_1420	GCA_000015785.2	ABS75361.1	orthogroup_1420|GCA_000015785.2|ABS75361.1	10	10	1
orthogroup_1420	GCA_000025805.1	ADF39803.1	orthogroup_1420|GCA_000025805.1|ADF39803.1	10	10	1
orthogroup_1420	GCF_000009045.1	NP_391197.1	orthogroup_1420|GCF_000009045.1|NP_391197.1	10	10	1
orthogroup_1420	GCF_000009785.1	WP_011231748.1	orthogroup_1420|GCF_000009785.1|WP_011231748.1	10	10	1
orthogroup_1420	GCF_000017885.4	WP_012011230.1	orthogroup_1420|GCF_000017885.4|WP_012011230.1	10	10	1
orthogroup_1420	GCF_005671335.1	WP_053431405.1	orthogroup_1420|GCF_005671335.1|WP_053431405.1	10	10	1
orthogroup_1420	GCF_034478925.1	WP_011198279.1	orthogroup_1420|GCF_034478925.1|WP_011198279.1	10	10	1
orthogroup_1420	GCF_034479305.1	WP_094428291.1	orthogroup_1420|GCF_034479305.1|WP_094428291.1	10	10	1
orthogroup_1423	GCA_000015785.2	ABS75378.1	orthogroup_1423|GCA_000015785.2|ABS75378.1	5	5	1
orthogroup_1423	GCA_000025805.1	ADF40889.1	orthogroup_1423|GCA_000025805.1|ADF40889.1	5	5	1
orthogroup_1423	GCF_000009045.1	NP_391215.1	orthogroup_1423|GCF_000009045.1|NP_391215.1	5	5	1
orthogroup_1423	GCF_000009785.1	WP_011231316.1	orthogroup_1423|GCF_000009785.1|WP_011231316.1	5	5	1
orthogroup_1423	GCF_000011245.1	WP_011064720.1	orthogroup_1423|GCF_000011245.1|WP_011064720.1	5	5	1
orthogroup_1423	GCF_005671335.1	WP_053431092.1	orthogroup_1423|GCF_005671335.1|WP_053431092.1	5	5	1
orthogroup_1423	GCF_034478925.1	WP_009329575.1	orthogroup_1423|GCF_034478925.1|WP_009329575.1	5	5	1
orthogroup_1423	GCF_034479305.1	WP_094428348.1	orthogroup_1423|GCF_034479305.1|WP_094428348.1	5	5	1
orthogroup_1424	GCA_000015785.2	ABS75394.1	orthogroup_1424|GCA_000015785.2|ABS75394.1	7	7	1
orthogroup_1424	GCA_000025805.1	ADF40920.1	orthogroup_1424|GCA_000025805.1|ADF40920.1	7	7	1
orthogroup_1424	GCF_000009045.1	NP_391226.1	orthogroup_1424|GCF_000009045.1|NP_391226.1	7	7	1
orthogroup_1424	GCF_000009785.1	WP_011230822.1	orthogroup_1424|GCF_000009785.1|WP_011230822.1	7	7	1
orthogroup_1424	GCF_000017885.4	WP_012011256.1	orthogroup_1424|GCF_000017885.4|WP_012011256.1	7	7	1
orthogroup_1424	GCF_005671335.1	WP_010897870.1	orthogroup_1424|GCF_005671335.1|WP_010897870.1	7	7	1
orthogroup_1424	GCF_006094295.1	WP_000312258.1	orthogroup_1424|GCF_006094295.1|WP_000312258.1	7	7	1
orthogroup_1424	GCF_034478925.1	WP_003185205.1	orthogroup_1424|GCF_034478925.1|WP_003185205.1	7	7	1
orthogroup_1427	GCA_000015785.2	ABS75496.1	orthogroup_1427|GCA_000015785.2|ABS75496.1	4	4	1
orthogroup_1427	GCF_000009045.1	NP_391315.1	orthogroup_1427|GCF_000009045.1|NP_391315.1	4	4	1
orthogroup_1427	GCF_000011245.1	WP_011067293.1	orthogroup_1427|GCF_000011245.1|WP_011067293.1	4	4	1
orthogroup_1427	GCF_000017885.4	WP_012011327.1	orthogroup_1427|GCF_000017885.4|WP_012011327.1	4	4	1
orthogroup_1427	GCF_005671335.1	WP_053430184.1	orthogroup_1427|GCF_005671335.1|WP_053430184.1	4	4	1
orthogroup_1427	GCF_006094295.1	WP_033685340.1	orthogroup_1427|GCF_006094295.1|WP_033685340.1	4	4	1
orthogroup_1427	GCF_034478925.1	WP_003185518.1	orthogroup_1427|GCF_034478925.1|WP_003185518.1	4	4	1
orthogroup_1427	GCF_034479305.1	WP_094424956.1	orthogroup_1427|GCF_034479305.1|WP_094424956.1	4	4	1
orthogroup_1428	GCA_000015785.2	ABS75573.1	orthogroup_1428|GCA_000015785.2|ABS75573.1	8	6	0
orthogroup_1428	GCF_000009045.1	NP_391408.2	orthogroup_1428|GCF_000009045.1|NP_391408.2	6	6	1
orthogroup_1428	GCF_000009785.1	WP_011232573.1	orthogroup_1428|GCF_000009785.1|WP_011232573.1	6	6	1
orthogroup_1428	GCF_000011245.1	WP_041544297.1	orthogroup_1428|GCF_000011245.1|WP_041544297.1	8	6	0
orthogroup_1428	GCF_000017885.4	WP_003212797.1	orthogroup_1428|GCF_000017885.4|WP_003212797.1	8	6	0
orthogroup_1428	GCF_005671335.1	WP_053431917.1	orthogroup_1428|GCF_005671335.1|WP_053431917.1	6	6	1
orthogroup_1428	GCF_034478925.1	WP_003185675.1	orthogroup_1428|GCF_034478925.1|WP_003185675.1	6	6	1
orthogroup_1428	GCF_034479305.1	WP_094426136.1	orthogroup_1428|GCF_034479305.1|WP_094426136.1	8	6	0
orthogroup_1433	GCA_000015785.2	ABS75766.1	orthogroup_1433|GCA_000015785.2|ABS75766.1	6	6	1
orthogroup_1433	GCF_000009045.1	NP_391604.1	orthogroup_1433|GCF_000009045.1|NP_391604.1	6	6	1
orthogroup_1433	GCF_000011245.1	WP_011067841.1	orthogroup_1433|GCF_000011245.1|WP_011067841.1	6	6	1
orthogroup_1433	GCF_000017885.4	WP_012011589.1	orthogroup_1433|GCF_000017885.4|WP_012011589.1	6	6	1
orthogroup_1433	GCF_005671335.1	WP_053430034.1	orthogroup_1433|GCF_005671335.1|WP_053430034.1	6	6	1
orthogroup_1433	GCF_006094295.1	WP_000944620.1	orthogroup_1433|GCF_006094295.1|WP_000944620.1	6	6	1
orthogroup_1433	GCF_034478925.1	WP_011198425.1	orthogroup_1433|GCF_034478925.1|WP_011198425.1	6	6	1
orthogroup_1433	GCF_034479305.1	WP_094424537.1	orthogroup_1433|GCF_034479305.1|WP_094424537.1	6	6	1
orthogroup_1434	GCA_000015785.2	ABS75776.1	orthogroup_1434|GCA_000015785.2|ABS75776.1	12	12	1
orthogroup_1434	GCA_000025805.1	ADF37642.1	orthogroup_1434|GCA_000025805.1|ADF37642.1	12	12	1
orthogroup_1434	GCF_000009045.1	NP_391613.2	orthogroup_1434|GCF_000009045.1|NP_391613.2	12	12	1
orthogroup_1434	GCF_000009785.1	WP_041467833.1	orthogroup_1434|GCF_000009785.1|WP_041467833.1	12	12	1
orthogroup_1434	GCF_005671335.1	WP_053432078.1	orthogroup_1434|GCF_005671335.1|WP_053432078.1	12	12	1
orthogroup_1434	GCF_006094295.1	WP_000841841.1	orthogroup_1434|GCF_006094295.1|WP_000841841.1	12	12	1
orthogroup_1434	GCF_034478925.1	WP_009328179.1	orthogroup_1434|GCF_034478925.1|WP_009328179.1	12	12	1
orthogroup_1434	GCF_034479305.1	WP_094423828.1	orthogroup_1434|GCF_034479305.1|WP_094423828.1	12	12	1
orthogroup_1441	GCA_000015785.2	ABS75927.1	orthogroup_1441|GCA_000015785.2|ABS75927.1	6	6	1
orthogroup_1441	GCA_000025805.1	ADF42013.1	orthogroup_1441|GCA_000025805.1|ADF42013.1	6	6	1
orthogroup_1441	GCF_000009045.1	NP_391752.1	orthogroup_1441|GCF_000009045.1|NP_391752.1	6	6	1
orthogroup_1441	GCF_000011245.1	WP_011065450.1	orthogroup_1441|GCF_000011245.1|WP_011065450.1	6	6	1
orthogroup_1441	GCF_000017885.4	WP_012011717.1	orthogroup_1441|GCF_000017885.4|WP_012011717.1	6	6	1
orthogroup_1441	GCF_005671335.1	WP_053430090.1	orthogroup_1441|GCF_005671335.1|WP_053430090.1	6	6	1
orthogroup_1441	GCF_006094295.1	WP_000073646.1	orthogroup_1441|GCF_006094295.1|WP_000073646.1	6	6	1
orthogroup_1441	GCF_034478925.1	WP_003186390.1	orthogroup_1441|GCF_034478925.1|WP_003186390.1	6	6	1
orthogroup_1442	GCA_000015785.2	ABS75928.1	orthogroup_1442|GCA_000015785.2|ABS75928.1	6	6	1
orthogroup_1442	GCA_000025805.1	ADF42014.1	orthogroup_1442|GCA_000025805.1|ADF42014.1	6	6	1
orthogroup_1442	GCF_000009045.1	NP_391753.1	orthogroup_1442|GCF_000009045.1|NP_391753.1	6	6	1
orthogroup_1442	GCF_000011245.1	WP_011065449.1	orthogroup_1442|GCF_000011245.1|WP_011065449.1	6	6	1
orthogroup_1442	GCF_000017885.4	WP_012011718.1	orthogroup_1442|GCF_000017885.4|WP_012011718.1	6	6	1
orthogroup_1442	GCF_005671335.1	WP_276403786.1	orthogroup_1442|GCF_005671335.1|WP_276403786.1	6	6	1
orthogroup_1442	GCF_006094295.1	WP_000824039.1	orthogroup_1442|GCF_006094295.1|WP_000824039.1	6	6	1
orthogroup_1442	GCF_034478925.1	WP_009329862.1	orthogroup_1442|GCF_034478925.1|WP_009329862.1	6	6	1
orthogroup_1444	GCA_000015785.2	ABS75950.2	orthogroup_1444|GCA_000015785.2|ABS75950.2	12	12	1
orthogroup_1444	GCF_000009045.1	NP_391789.1	orthogroup_1444|GCF_000009045.1|NP_391789.1	12	12	1
orthogroup_1444	GCF_000011245.1	WP_011065527.1	orthogroup_1444|GCF_000011245.1|WP_011065527.1	12	12	1
orthogroup_1444	GCF_000017885.4	WP_012009772.1	orthogroup_1444|GCF_000017885.4|WP_012009772.1	12	12	1
orthogroup_1444	GCF_005671335.1	WP_053430641.1	orthogroup_1444|GCF_005671335.1|WP_053430641.1	12	12	1
orthogroup_1444	GCF_006094295.1	WP_000738812.1	orthogroup_1444|GCF_006094295.1|WP_000738812.1	12	12	1
orthogroup_1444	GCF_034478925.1	WP_003181282.1	orthogroup_1444|GCF_034478925.1|WP_003181282.1	12	12	1
orthogroup_1444	GCF_034479305.1	WP_094425830.1	orthogroup_1444|GCF_034479305.1|WP_094425830.1	12	12	1
orthogroup_1446	GCA_000015785.2	ABS76129.2	orthogroup_1446|GCA_000015785.2|ABS76129.2	10	10	1
orthogroup_1446	GCA_000025805.1	ADF42056.1	orthogroup_1446|GCA_000025805.1|ADF42056.1	10	10	1
orthogroup_1446	GCF_000009045.1	NP_391974.1	orthogroup_1446|GCF_000009045.1|NP_391974.1	10	10	1
orthogroup_1446	GCF_000011245.1	WP_011067881.1	orthogroup_1446|GCF_000011245.1|WP_011067881.1	10	10	1
orthogroup_1446	GCF_000017885.4	WP_081112347.1	orthogroup_1446|GCF_000017885.4|WP_081112347.1	10	10	1
orthogroup_1446	GCF_005671335.1	WP_010900177.1	orthogroup_1446|GCF_005671335.1|WP_010900177.1	10	10	1
orthogroup_1446	GCF_034478925.1	WP_003178030.1	orthogroup_1446|GCF_034478925.1|WP_003178030.1	10	10	1
orthogroup_1446	GCF_034479305.1	WP_094424417.1	orthogroup_1446|GCF_034479305.1|WP_094424417.1	10	10	1
orthogroup_1450	GCA_000025805.1	ADF37736.1	orthogroup_1450|GCA_000025805.1|ADF37736.1	10	10	1
orthogroup_1450	GCF_000009045.1	NP_388631.1	orthogroup_1450|GCF_000009045.1|NP_388631.1	10	10	1
orthogroup_1450	GCF_000009785.1	WP_011232371.1	orthogroup_1450|GCF_000009785.1|WP_011232371.1	10	10	1
orthogroup_1450	GCF_000017885.4	WP_012011722.1	orthogroup_1450|GCF_000017885.4|WP_012011722.1	10	10	1
orthogroup_1450	GCF_005671335.1	WP_010899432.1	orthogroup_1450|GCF_005671335.1|WP_010899432.1	10	10	1
orthogroup_1450	GCF_006094295.1	WP_002041831.1	orthogroup_1450|GCF_006094295.1|WP_002041831.1	10	10	1
orthogroup_1450	GCF_034478925.1	WP_003180345.1	orthogroup_1450|GCF_034478925.1|WP_003180345.1	10	10	1
orthogroup_1450	GCF_034479305.1	WP_094425512.1	orthogroup_1450|GCF_034479305.1|WP_094425512.1	10	10	1
orthogroup_1451	GCA_000025805.1	ADF37769.1	orthogroup_1451|GCA_000025805.1|ADF37769.1	13	13	1
orthogroup_1451	GCF_000009045.1	NP_391703.2	orthogroup_1451|GCF_000009045.1|NP_391703.2	13	13	1
orthogroup_1451	GCF_000009785.1	WP_011230429.1	orthogroup_1451|GCF_000009785.1|WP_011230429.1	13	13	1
orthogroup_1451	GCF_000011245.1	WP_011066833.1	orthogroup_1451|GCF_000011245.1|WP_011066833.1	13	13	1
orthogroup_1451	GCF_000017885.4	WP_012011684.1	orthogroup_1451|GCF_000017885.4|WP_012011684.1	13	13	1
orthogroup_1451	GCF_006094295.1	WP_001098240.1	orthogroup_1451|GCF_006094295.1|WP_001098240.1	13	13	1
orthogroup_1451	GCF_034478925.1	WP_003186218.1	orthogroup_1451|GCF_034478925.1|WP_003186218.1	13	13	1
orthogroup_1451	GCF_034479305.1	WP_094426673.1	orthogroup_1451|GCF_034479305.1|WP_094426673.1	13	13	1
orthogroup_1455	GCA_000025805.1	ADF41318.1	orthogroup_1455|GCA_000025805.1|ADF41318.1	7	7	1
orthogroup_1455	GCF_000009045.1	NP_390367.2	orthogroup_1455|GCF_000009045.1|NP_390367.2	7	7	1
orthogroup_1455	GCF_000009785.1	WP_014196348.1	orthogroup_1455|GCF_000009785.1|WP_014196348.1	7	7	1
orthogroup_1455	GCF_000011245.1	WP_011066320.1	orthogroup_1455|GCF_000011245.1|WP_011066320.1	8	7	0
orthogroup_1455	GCF_000017885.4	WP_012010577.1	orthogroup_1455|GCF_000017885.4|WP_012010577.1	7	7	1
orthogroup_1455	GCF_005671335.1	WP_053431490.1	orthogroup_1455|GCF_005671335.1|WP_053431490.1	7	7	1
orthogroup_1455	GCF_034478925.1	WP_009327891.1	orthogroup_1455|GCF_034478925.1|WP_009327891.1	7	7	1
orthogroup_1455	GCF_034479305.1	WP_094428462.1	orthogroup_1455|GCF_034479305.1|WP_094428462.1	7	7	1
