anchor_type	orthogroup	cluster_index	modal_species_support_n	modal_species	represented_ge8_species	segment_positive_species_n	segment_positive_species	median_anchor_relative_position	sample_variance	qualifying_unit
start	orthogroup_1009	1	9	GCA_000015785.2;GCA_000025805.1;GCF_000009045.1;GCF_000011245.1;GCF_000017885.4;GCF_005671335.1;GCF_006094295.1;GCF_034478925.1;GCF_034479305.1	1	0				0
start	orthogroup_1009	2	9	GCA_000015785.2;GCA_000025805.1;GCF_000009045.1;GCF_000011245.1;GCF_000017885.4;GCF_005671335.1;GCF_006094295.1;GCF_034478925.1;GCF_034479305.1	1	0				0
start	orthogroup_1009	3	9	GCA_000015785.2;GCA_000025805.1;GCF_000009045.1;GCF_000011245.1;GCF_000017885.4;GCF_005671335.1;GCF_006094295.1;GCF_034478925.1;GCF_034479305.1	1	1	GCF_000017885.4	-0.5		0
start	orthogroup_1009	4	9	GCA_000015785.2;GCA_000025805.1;GCF_000009045.1;GCF_000011245.1;GCF_000017885.4;GCF_005671335.1;GCF_006094295.1;GCF_034478925.1;GCF_034479305.1	1	1	GCF_034478925.1	-1.0		0
start	orthogroup_1009	5	9	GCA_000015785.2;GCA_000025805.1;GCF_000009045.1;GCF_000011245.1;GCF_000017885.4;GCF_005671335.1;GCF_006094295.1;GCF_034478925.1;GCF_034479305.1	1	1	GCA_000025805.1	18.0		0
start	orthogroup_1009	6	9	GCA_000015785.2;GCA_000025805.1;GCF_000009045.1;GCF_000011245.1;GCF_000017885.4;GCF_005671335.1;GCF_006094295.1;GCF_034478925.1;GCF_034479305.1	1	2	GCF_000011245.1;GCF_005671335.1	-20.5	0.5	0
start	orthogroup_1009	7	9	GCA_000015785.2;GCA_000025805.1;GCF_000009045.1;GCF_000011245.1;GCF_000017885.4;GCF_005671335.1;GCF_006094295.1;GCF_034478925.1;GCF_034479305.1	1	0				0
start	orthogroup_1009	8	9	GCA_000015785.2;GCA_000025805.1;GCF_000009045.1;GCF_000011245.1;GCF_000017885.4;GCF_005671335.1;GCF_006094295.1;GCF_034478925.1;GCF_034479305.1	1	0				0
start	orthogroup_1009	9	9	GCA_000015785.2;GCA_000025805.1;GCF_000009045.1;GCF_000011245.1;GCF_000017885.4;GCF_005671335.1;GCF_006094295.1;GCF_034478925.1;GCF_034479305.1	1	0				0
start	orthogroup_1009	10	9	GCA_000015785.2;GCA_000025805.1;GCF_000009045.1;GCF_000011245.1;GCF_000017885.4;GCF_005671335.1;GCF_006094295.1;GCF_034478925.1;GCF_034479305.1	1	2	GCA_000025805.1;GCF_006094295.1	21.5	24.5	0
start	orthogroup_1010	1	8	GCA_000015785.2;GCA_000025805.1;GCF_000009045.1;GCF_000011245.1;GCF_005671335.1;GCF_006094295.1;GCF_034478925.1;GCF_034479305.1	1	0				0
start	orthogroup_1010	2	8	GCA_000015785.2;GCA_000025805.1;GCF_000009045.1;GCF_000011245.1;GCF_005671335.1;GCF_006094295.1;GCF_034478925.1;GCF_034479305.1	1	0				0
start	orthogroup_1010	3	8	GCA_000015785.2;GCA_000025805.1;GCF_000009045.1;GCF_000011245.1;GCF_005671335.1;GCF_006094295.1;GCF_034478925.1;GCF_034479305.1	1	0				0
start	orthogroup_1010	4	8	GCA_000015785.2;GCA_000025805.1;GCF_000009045.1;GCF_000011245.1;GCF_005671335.1;GCF_006094295.1;GCF_034478925.1;GCF_034479305.1	1	0				0
start	orthogroup_1010	5	8	GCA_000015785.2;GCA_000025805.1;GCF_000009045.1;GCF_000011245.1;GCF_005671335.1;GCF_006094295.1;GCF_034478925.1;GCF_034479305.1	1	0				0
start	orthogroup_1010	6	8	GCA_000015785.2;GCA_000025805.1;GCF_000009045.1;GCF_000011245.1;GCF_005671335.1;GCF_006094295.1;GCF_034478925.1;GCF_034479305.1	1	0				0
start	orthogroup_1010	8	8	GCA_000015785.2;GCA_000025805.1;GCF_000009045.1;GCF_000011245.1;GCF_005671335.1;GCF_006094295.1;GCF_034478925.1;GCF_034479305.1	1	1	GCA_000025805.1	-11.0		0
start	orthogroup_1010	9	8	GCA_000015785.2;GCA_000025805.1;GCF_000009045.1;GCF_000011245.1;GCF_005671335.1;GCF_006094295.1;GCF_034478925.1;GCF_034479305.1	1	2	GCA_000025805.1;GCF_034478925.1	7.5	264.5	0
start	orthogroup_1012	1	8	GCA_000015785.2;GCA_000025805.1;GCF_000009045.1;GCF_000009785.1;GCF_000011245.1;GCF_000017885.4;GCF_005671335.1;GCF_034479305.1	1	0				0
start	orthogroup_1012	2	8	GCA_000015785.2;GCA_000025805.1;GCF_000009045.1;GCF_000009785.1;GCF_000011245.1;GCF_000017885.4;GCF_005671335.1;GCF_034479305.1	1	0				0
start	orthogroup_1012	3	8	GCA_000015785.2;GCA_000025805.1;GCF_000009045.1;GCF_000009785.1;GCF_000011245.1;GCF_000017885.4;GCF_005671335.1;GCF_034479305.1	1	0				0
start	orthogroup_1012	4	8	GCA_000015785.2;GCA_000025805.1;GCF_000009045.1;GCF_000009785.1;GCF_000011245.1;GCF_000017885.4;GCF_005671335.1;GCF_034479305.1	1	1	GCA_000015785.2	8.0		0
start	orthogroup_1012	5	8	GCA_000015785.2;GCA_000025805.1;GCF_000009045.1;GCF_000009785.1;GCF_000011245.1;GCF_000017885.4;GCF_005671335.1;GCF_034479305.1	1	0				0
start	orthogroup_1012	7	8	GCA_000015785.2;GCA_000025805.1;GCF_000009045.1;GCF_000009785.1;GCF_000011245.1;GCF_000017885.4;GCF_005671335.1;GCF_034479305.1	1	0				0
start	orthogroup_1012	9	8	GCA_000015785.2;GCA_000025805.1;GCF_000009045.1;GCF_000009785.1;GCF_000011245.1;GCF_000017885.4;GCF_005671335.1;GCF_034479305.1	1	0				0
start	orthogroup_1012	11	8	GCA_000015785.2;GCA_000025805.1;GCF_000009045.1;GCF_000009785.1;GCF_000011245.1;GCF_000017885.4;GCF_005671335.1;GCF_034479305.1	1	1	GCF_005671335.1	56.0		0
start	orthogroup_1023	1	8	GCA_000015785.2;GCF_000009045.1;GCF_000011245.1;GCF_000017885.4;GCF_005671335.1;GCF_006094295.1;GCF_034478925.1;GCF_034479305.1	1	1	GCA_000015785.2	-3.0		0
start	orthogroup_1023	2	8	GCA_000015785.2;GCF_000009045.1;GCF_000011245.1;GCF_000017885.4;GCF_005671335.1;GCF_006094295.1;GCF_034478925.1;GCF_034479305.1	1	0				0
start	orthogroup_1023	3	8	GCA_000015785.2;GCF_000009045.1;GCF_000011245.1;GCF_000017885.4;GCF_005671335.1;GCF_006094295.1;GCF_034478925.1;GCF_034479305.1	1	4	GCA_000015785.2;GCF_000009045.1;GCF_000011245.1;GCF_034479305.1	93.75	2891.0625	1
start	orthogroup_1027	2	7	GCA_000015785.2;GCA_000025805.1;GCF_000009045.1;GCF_000017885.4;GCF_006094295.1;GCF_034478925.1;GCF_034479305.1	0	0				0
start	orthogroup_1027	3	7	GCA_000015785.2;GCA_000025805.1;GCF_000009045.1;GCF_000017885.4;GCF_006094295.1;GCF_034478925.1;GCF_034479305.1	0	0				0
start	orthogroup_1027	4	7	GCA_000015785.2;GCA_000025805.1;GCF_000009045.1;GCF_000017885.4;GCF_006094295.1;GCF_034478925.1;GCF_034479305.1	0	0				0
start	orthogroup_1027	5	7	GCA_000015785.2;GCA_000025805.1;GCF_000009045.1;GCF_000017885.4;GCF_006094295.1;GCF_034478925.1;GCF_034479305.1	0	0				0
start	orthogroup_1027	7	7	GCA_000015785.2;GCA_000025805.1;GCF_000009045.1;GCF_000017885.4;GCF_006094295.1;GCF_034478925.1;GCF_034479305.1	0	0				0
start	orthogroup_1027	8	7	GCA_000015785.2;GCA_000025805.1;GCF_000009045.1;GCF_000017885.4;GCF_006094295.1;GCF_034478925.1;GCF_034479305.1	0	0				0
start	orthogroup_1027	9	7	GCA_000015785.2;GCA_000025805.1;GCF_000009045.1;GCF_000017885.4;GCF_006094295.1;GCF_034478925.1;GCF_034479305.1	0	1	GCF_000017885.4	-2.0		0
start	orthogroup_1027	10	7	GCA_000015785.2;GCA_000025805.1;GCF_000009045.1;GCF_000017885.4;GCF_006094295.1;GCF_034478925.1;GCF_034479305.1	0	0				0
start	orthogroup_1027	11	7	GCA_000015785.2;GCA_000025805.1;GCF_000009045.1;GCF_000017885.4;GCF_006094295.1;GCF_034478925.1;GCF_034479305.1	0	0				0
start	orthogroup_1027	12	7	GCA_000015785.2;GCA_000025805.1;GCF_000009045.1;GCF_000017885.4;GCF_006094295.1;GCF_034478925.1;GCF_034479305.1	0	0				0
start	orthogroup_1032	1	9	GCA_000015785.2;GCA_000025805.1;GCF_000009045.1;GCF_000009785.1;GCF_000017885.4;GCF_005671335.1;GCF_006094295.1;GCF_034478925.1;GCF_034479305.1	1	0				0
start	orthogroup_1032	2	9	GCA_000015785.2;GCA_000025805.1;GCF_000009045.1;GCF_000009785.1;GCF_000017885.4;GCF_005671335.1;GCF_006094295.1;GCF_034478925.1;GCF_034479305.1	1	0				0
start	orthogroup_1032	3	9	GCA_000015785.2;GCA_000025805.1;GCF_000009045.1;GCF_000009785.1;GCF_000017885.4;GCF_005671335.1;GCF_006094295.1;GCF_034478925.1;GCF_034479305.1	1	0				0
start	orthogroup_1032	4	9	GCA_000015785.2;GCA_000025805.1;GCF_000009045.1;GCF_000009785.1;GCF_000017885.4;GCF_005671335.1;GCF_006094295.1;GCF_034478925.1;GCF_034479305.1	1	2	GCF_000009045.1;GCF_034478925.1	28.0	242.0	0
start	orthogroup_1038	1	9	GCA_000015785.2;GCA_000025805.1;GCF_000009045.1;GCF_000011245.1;GCF_000017885.4;GCF_005671335.1;GCF_006094295.1;GCF_034478925.1;GCF_034479305.1	1	0				0
start	orthogroup_1038	2	9	GCA_000015785.2;GCA_000025805.1;GCF_000009045.1;GCF_000011245.1;GCF_000017885.4;GCF_005671335.1;GCF_006094295.1;GCF_034478925.1;GCF_034479305.1	1	0				0
start	orthogroup_1038	3	9	GCA_000015785.2;GCA_000025805.1;GCF_000009045.1;GCF_000011245.1;GCF_000017885.4;GCF_005671335.1;GCF_006094295.1;GCF_034478925.1;GCF_034479305.1	1	0				0
start	orthogroup_1038	4	9	GCA_000015785.2;GCA_000025805.1;GCF_000009045.1;GCF_000011245.1;GCF_000017885.4;GCF_005671335.1;GCF_006094295.1;GCF_034478925.1;GCF_034479305.1	1	1	GCF_000017885.4	0.0		0
start	orthogroup_1038	5	9	GCA_000015785.2;GCA_000025805.1;GCF_000009045.1;GCF_000011245.1;GCF_000017885.4;GCF_005671335.1;GCF_006094295.1;GCF_034478925.1;GCF_034479305.1	1	0				0
start	orthogroup_1038	6	9	GCA_000015785.2;GCA_000025805.1;GCF_000009045.1;GCF_000011245.1;GCF_000017885.4;GCF_005671335.1;GCF_006094295.1;GCF_034478925.1;GCF_034479305.1	1	3	GCF_000011245.1;GCF_000017885.4;GCF_005671335.1	185.0	5334.333333333333	1
start	orthogroup_1043	1	8	GCA_000015785.2;GCA_000025805.1;GCF_000009045.1;GCF_000009785.1;GCF_000011245.1;GCF_005671335.1;GCF_006094295.1;GCF_034478925.1	1	1	GCF_005671335.1	10.5		0
start	orthogroup_1043	2	8	GCA_000015785.2;GCA_000025805.1;GCF_000009045.1;GCF_000009785.1;GCF_000011245.1;GCF_005671335.1;GCF_006094295.1;GCF_034478925.1	1	0				0
start	orthogroup_1043	3	8	GCA_000015785.2;GCA_000025805.1;GCF_000009045.1;GCF_000009785.1;GCF_000011245.1;GCF_005671335.1;GCF_006094295.1;GCF_034478925.1	1	0				0
start	orthogroup_1043	4	8	GCA_000015785.2;GCA_000025805.1;GCF_000009045.1;GCF_000009785.1;GCF_000011245.1;GCF_005671335.1;GCF_006094295.1;GCF_034478925.1	1	1	GCF_034478925.1	-3.0		0
start	orthogroup_1043	5	8	GCA_000015785.2;GCA_000025805.1;GCF_000009045.1;GCF_000009785.1;GCF_000011245.1;GCF_005671335.1;GCF_006094295.1;GCF_034478925.1	1	0				0
start	orthogroup_1043	8	8	GCA_000015785.2;GCA_000025805.1;GCF_000009045.1;GCF_000009785.1;GCF_000011245.1;GCF_005671335.1;GCF_006094295.1;GCF_034478925.1	1	0				0
start	orthogroup_1047	1	9	GCA_000015785.2;GCA_000025805.1;GCF_000009045.1;GCF_000009785.1;GCF_000011245.1;GCF_005671335.1;GCF_006094295.1;GCF_034478925.1;GCF_034479305.1	1	0				0
start	orthogroup_1047	2	9	GCA_000015785.2;GCA_000025805.1;GCF_000009045.1;GCF_000009785.1;GCF_000011245.1;GCF_005671335.1;GCF_006094295.1;GCF_034478925.1;GCF_034479305.1	1	1	GCF_000009045.1	11.0		0
start	orthogroup_1047	3	9	GCA_000015785.2;GCA_000025805.1;GCF_000009045.1;GCF_000009785.1;GCF_000011245.1;GCF_005671335.1;GCF_006094295.1;GCF_034478925.1;GCF_034479305.1	1	2	GCF_000011245.1;GCF_034478925.1	1.0	200.0	0
start	orthogroup_1047	4	9	GCA_000015785.2;GCA_000025805.1;GCF_000009045.1;GCF_000009785.1;GCF_000011245.1;GCF_005671335.1;GCF_006094295.1;GCF_034478925.1;GCF_034479305.1	1	1	GCF_006094295.1	-1.0		0
start	orthogroup_1047	5	9	GCA_000015785.2;GCA_000025805.1;GCF_000009045.1;GCF_000009785.1;GCF_000011245.1;GCF_005671335.1;GCF_006094295.1;GCF_034478925.1;GCF_034479305.1	1	2	GCA_000025805.1;GCF_000009045.1	-6.5	4.5	0
start	orthogroup_1047	6	9	GCA_000015785.2;GCA_000025805.1;GCF_000009045.1;GCF_000009785.1;GCF_000011245.1;GCF_005671335.1;GCF_006094295.1;GCF_034478925.1;GCF_034479305.1	1	0				0
start	orthogroup_1047	7	9	GCA_000015785.2;GCA_000025805.1;GCF_000009045.1;GCF_000009785.1;GCF_000011245.1;GCF_005671335.1;GCF_006094295.1;GCF_034478925.1;GCF_034479305.1	1	0				0
start	orthogroup_1047	8	9	GCA_000015785.2;GCA_000025805.1;GCF_000009045.1;GCF_000009785.1;GCF_000011245.1;GCF_005671335.1;GCF_006094295.1;GCF_034478925.1;GCF_034479305.1	1	2	GCF_000011245.1;GCF_034478925.1	-12.75	1.125	0
start	orthogroup_1047	9	9	GCA_000015785.2;GCA_000025805.1;GCF_000009045.1;GCF_000009785.1;GCF_000011245.1;GCF_005671335.1;GCF_006094295.1;GCF_034478925.1;GCF_034479305.1	1	1	GCF_006094295.1	18.0		0
start	orthogroup_1047	11	9	GCA_000015785.2;GCA_000025805.1;GCF_000009045.1;GCF_000009785.1;GCF_000011245.1;GCF_005671335.1;GCF_006094295.1;GCF_034478925.1;GCF_034479305.1	1	0				0
start	orthogroup_1047	12	9	GCA_000015785.2;GCA_000025805.1;GCF_000009045.1;GCF_000009785.1;GCF_000011245.1;GCF_005671335.1;GCF_006094295.1;GCF_034478925.1;GCF_034479305.1	1	1	GCF_000011245.1	5.0		0
start	orthogroup_1047	13	9	GCA_000015785.2;GCA_000025805.1;GCF_000009045.1;GCF_000009785.1;GCF_000011245.1;GCF_005671335.1;GCF_006094295.1;GCF_034478925.1;GCF_034479305.1	1	1	GCF_000011245.1	8.0		0
start	orthogroup_1047	14	9	GCA_000015785.2;GCA_000025805.1;GCF_000009045.1;GCF_000009785.1;GCF_000011245.1;GCF_005671335.1;GCF_006094295.1;GCF_034478925.1;GCF_034479305.1	1	0				0
start	orthogroup_1052	1	5	GCA_000015785.2;GCF_000009045.1;GCF_000017885.4;GCF_005671335.1;GCF_034478925.1	0	0				0
start	orthogroup_1052	3	5	GCA_000015785.2;GCF_000009045.1;GCF_000017885.4;GCF_005671335.1;GCF_034478925.1	0	1	GCF_000009045.1	11.0		0
start	orthogroup_1052	4	5	GCA_000015785.2;GCF_000009045.1;GCF_000017885.4;GCF_005671335.1;GCF_034478925.1	0	0				0
start	orthogroup_1052	5	5	GCA_000015785.2;GCF_000009045.1;GCF_000017885.4;GCF_005671335.1;GCF_034478925.1	0	0				0
start	orthogroup_1052	6	5	GCA_000015785.2;GCF_000009045.1;GCF_000017885.4;GCF_005671335.1;GCF_034478925.1	0	0				0
start	orthogroup_1074	1	9	GCA_000015785.2;GCA_000025805.1;GCF_000009045.1;GCF_000011245.1;GCF_000017885.4;GCF_005671335.1;GCF_006094295.1;GCF_034478925.1;GCF_034479305.1	1	0				0
start	orthogroup_1074	2	9	GCA_000015785.2;GCA_000025805.1;GCF_000009045.1;GCF_000011245.1;GCF_000017885.4;GCF_005671335.1;GCF_006094295.1;GCF_034478925.1;GCF_034479305.1	1	0				0
start	orthogroup_1074	3	9	GCA_000015785.2;GCA_000025805.1;GCF_000009045.1;GCF_000011245.1;GCF_000017885.4;GCF_005671335.1;GCF_006094295.1;GCF_034478925.1;GCF_034479305.1	1	0				0
start	orthogroup_1074	4	9	GCA_000015785.2;GCA_000025805.1;GCF_000009045.1;GCF_000011245.1;GCF_000017885.4;GCF_005671335.1;GCF_006094295.1;GCF_034478925.1;GCF_034479305.1	1	0				0
start	orthogroup_109	1	10	GCA_000015785.2;GCA_000025805.1;GCF_000009045.1;GCF_000009785.1;GCF_000011245.1;GCF_000017885.4;GCF_005671335.1;GCF_006094295.1;GCF_034478925.1;GCF_034479305.1	1	3	GCF_000009045.1;GCF_005671335.1;GCF_034479305.1	3.5	59.083333333333336	1
start	orthogroup_109	2	10	GCA_000015785.2;GCA_000025805.1;GCF_000009045.1;GCF_000009785.1;GCF_000011245.1;GCF_000017885.4;GCF_005671335.1;GCF_006094295.1;GCF_034478925.1;GCF_034479305.1	1	3	GCA_000025805.1;GCF_000011245.1;GCF_006094295.1	15.0	5.333333333333333	1
start	orthogroup_109	3	10	GCA_000015785.2;GCA_000025805.1;GCF_000009045.1;GCF_000009785.1;GCF_000011245.1;GCF_000017885.4;GCF_005671335.1;GCF_006094295.1;GCF_034478925.1;GCF_034479305.1	1	0				0
start	orthogroup_109	4	10	GCA_000015785.2;GCA_000025805.1;GCF_000009045.1;GCF_000009785.1;GCF_000011245.1;GCF_000017885.4;GCF_005671335.1;GCF_006094295.1;GCF_034478925.1;GCF_034479305.1	1	1	GCF_034478925.1	6.0		0
start	orthogroup_109	5	10	GCA_000015785.2;GCA_000025805.1;GCF_000009045.1;GCF_000009785.1;GCF_000011245.1;GCF_000017885.4;GCF_005671335.1;GCF_006094295.1;GCF_034478925.1;GCF_034479305.1	1	0				0
start	orthogroup_109	6	10	GCA_000015785.2;GCA_000025805.1;GCF_000009045.1;GCF_000009785.1;GCF_000011245.1;GCF_000017885.4;GCF_005671335.1;GCF_006094295.1;GCF_034478925.1;GCF_034479305.1	1	0				0
start	orthogroup_109	7	10	GCA_000015785.2;GCA_000025805.1;GCF_000009045.1;GCF_000009785.1;GCF_000011245.1;GCF_000017885.4;GCF_005671335.1;GCF_006094295.1;GCF_034478925.1;GCF_034479305.1	1	0				0
start	orthogroup_109	8	10	GCA_000015785.2;GCA_000025805.1;GCF_000009045.1;GCF_000009785.1;GCF_000011245.1;GCF_000017885.4;GCF_005671335.1;GCF_006094295.1;GCF_034478925.1;GCF_034479305.1	1	0				0
start	orthogroup_109	9	10	GCA_000015785.2;GCA_000025805.1;GCF_000009045.1;GCF_000009785.1;GCF_000011245.1;GCF_000017885.4;GCF_005671335.1;GCF_006094295.1;GCF_034478925.1;GCF_034479305.1	1	0				0
start	orthogroup_109	10	10	GCA_000015785.2;GCA_000025805.1;GCF_000009045.1;GCF_000009785.1;GCF_000011245.1;GCF_000017885.4;GCF_005671335.1;GCF_006094295.1;GCF_034478925.1;GCF_034479305.1	1	1	GCA_000025805.1	-8.0		0
start	orthogroup_1117	1	9	GCA_000015785.2;GCA_000025805.1;GCF_000009045.1;GCF_000009785.1;GCF_000011245.1;GCF_000017885.4;GCF_005671335.1;GCF_006094295.1;GCF_034478925.1	1	0				0
start	orthogroup_1117	2	9	GCA_000015785.2;GCA_000025805.1;GCF_000009045.1;GCF_000009785.1;GCF_000011245.1;GCF_000017885.4;GCF_005671335.1;GCF_006094295.1;GCF_034478925.1	1	0				0
start	orthogroup_1117	3	9	GCA_000015785.2;GCA_000025805.1;GCF_000009045.1;GCF_000009785.1;GCF_000011245.1;GCF_000017885.4;GCF_005671335.1;GCF_006094295.1;GCF_034478925.1	1	1	GCF_006094295.1	12.0		0
start	orthogroup_1117	4	9	GCA_000015785.2;GCA_000025805.1;GCF_000009045.1;GCF_000009785.1;GCF_000011245.1;GCF_000017885.4;GCF_005671335.1;GCF_006094295.1;GCF_034478925.1	1	0				0
start	orthogroup_1117	5	9	GCA_000015785.2;GCA_000025805.1;GCF_000009045.1;GCF_000009785.1;GCF_000011245.1;GCF_000017885.4;GCF_005671335.1;GCF_006094295.1;GCF_034478925.1	1	0				0
start	orthogroup_1117	6	9	GCA_000015785.2;GCA_000025805.1;GCF_000009045.1;GCF_000009785.1;GCF_000011245.1;GCF_000017885.4;GCF_005671335.1;GCF_006094295.1;GCF_034478925.1	1	0				0
start	orthogroup_1117	7	9	GCA_000015785.2;GCA_000025805.1;GCF_000009045.1;GCF_000009785.1;GCF_000011245.1;GCF_000017885.4;GCF_005671335.1;GCF_006094295.1;GCF_034478925.1	1	0				0
start	orthogroup_1117	8	9	GCA_000015785.2;GCA_000025805.1;GCF_000009045.1;GCF_000009785.1;GCF_000011245.1;GCF_000017885.4;GCF_005671335.1;GCF_006094295.1;GCF_034478925.1	1	0				0
start	orthogroup_1117	9	9	GCA_000015785.2;GCA_000025805.1;GCF_000009045.1;GCF_000009785.1;GCF_000011245.1;GCF_000017885.4;GCF_005671335.1;GCF_006094295.1;GCF_034478925.1	1	0				0
start	orthogroup_1117	10	9	GCA_000015785.2;GCA_000025805.1;GCF_000009045.1;GCF_000009785.1;GCF_000011245.1;GCF_000017885.4;GCF_005671335.1;GCF_006094295.1;GCF_034478925.1	1	0				0
start	orthogroup_1117	11	9	GCA_000015785.2;GCA_000025805.1;GCF_000009045.1;GCF_000009785.1;GCF_000011245.1;GCF_000017885.4;GCF_005671335.1;GCF_006094295.1;GCF_034478925.1	1	0				0
start	orthogroup_1117	12	9	GCA_000015785.2;GCA_000025805.1;GCF_000009045.1;GCF_000009785.1;GCF_000011245.1;GCF_000017885.4;GCF_005671335.1;GCF_006094295.1;GCF_034478925.1	1	1	GCA_000025805.1	30.5		0
start	orthogroup_1120	1	9	GCA_000015785.2;GCA_000025805.1;GCF_000009045.1;GCF_000011245.1;GCF_000017885.4;GCF_005671335.1;GCF_006094295.1;GCF_034478925.1;GCF_034479305.1	1	2	GCF_005671335.1;GCF_034479305.1	-1.0	128.0	0
start	orthogroup_1120	2	9	GCA_000015785.2;GCA_000025805.1;GCF_000009045.1;GCF_000011245.1;GCF_000017885.4;GCF_005671335.1;GCF_006094295.1;GCF_034478925.1;GCF_034479305.1	1	0				0
start	orthogroup_1120	3	9	GCA_000015785.2;GCA_000025805.1;GCF_000009045.1;GCF_000011245.1;GCF_000017885.4;GCF_005671335.1;GCF_006094295.1;GCF_034478925.1;GCF_034479305.1	1	1	GCF_000017885.4	4.5		0
start	orthogroup_1120	4	9	GCA_000015785.2;GCA_000025805.1;GCF_000009045.1;GCF_000011245.1;GCF_000017885.4;GCF_005671335.1;GCF_006094295.1;GCF_034478925.1;GCF_034479305.1	1	0				0
start	orthogroup_1120	5	9	GCA_000015785.2;GCA_000025805.1;GCF_000009045.1;GCF_000011245.1;GCF_000017885.4;GCF_005671335.1;GCF_006094295.1;GCF_034478925.1;GCF_034479305.1	1	0				0
start	orthogroup_1120	6	9	GCA_000015785.2;GCA_000025805.1;GCF_000009045.1;GCF_000011245.1;GCF_000017885.4;GCF_005671335.1;GCF_006094295.1;GCF_034478925.1;GCF_034479305.1	1	0				0
start	orthogroup_1120	7	9	GCA_000015785.2;GCA_000025805.1;GCF_000009045.1;GCF_000011245.1;GCF_000017885.4;GCF_005671335.1;GCF_006094295.1;GCF_034478925.1;GCF_034479305.1	1	0				0
start	orthogroup_1125	1	9	GCA_000015785.2;GCA_000025805.1;GCF_000009045.1;GCF_000009785.1;GCF_000011245.1;GCF_000017885.4;GCF_005671335.1;GCF_034478925.1;GCF_034479305.1	1	0				0
start	orthogroup_1125	2	9	GCA_000015785.2;GCA_000025805.1;GCF_000009045.1;GCF_000009785.1;GCF_000011245.1;GCF_000017885.4;GCF_005671335.1;GCF_034478925.1;GCF_034479305.1	1	0				0
start	orthogroup_1125	3	9	GCA_000015785.2;GCA_000025805.1;GCF_000009045.1;GCF_000009785.1;GCF_000011245.1;GCF_000017885.4;GCF_005671335.1;GCF_034478925.1;GCF_034479305.1	1	0				0
start	orthogroup_1125	4	9	GCA_000015785.2;GCA_000025805.1;GCF_000009045.1;GCF_000009785.1;GCF_000011245.1;GCF_000017885.4;GCF_005671335.1;GCF_034478925.1;GCF_034479305.1	1	1	GCF_034478925.1	-7.5		0
start	orthogroup_1125	5	9	GCA_000015785.2;GCA_000025805.1;GCF_000009045.1;GCF_000009785.1;GCF_000011245.1;GCF_000017885.4;GCF_005671335.1;GCF_034478925.1;GCF_034479305.1	1	1	GCF_034479305.1	36.5		0
start	orthogroup_1140	1	9	GCA_000015785.2;GCA_000025805.1;GCF_000009045.1;GCF_000009785.1;GCF_000017885.4;GCF_005671335.1;GCF_006094295.1;GCF_034478925.1;GCF_034479305.1	1	0				0
start	orthogroup_1140	2	9	GCA_000015785.2;GCA_000025805.1;GCF_000009045.1;GCF_000009785.1;GCF_000017885.4;GCF_005671335.1;GCF_006094295.1;GCF_034478925.1;GCF_034479305.1	1	1	GCA_000025805.1	11.0		0
start	orthogroup_1140	3	9	GCA_000015785.2;GCA_000025805.1;GCF_000009045.1;GCF_000009785.1;GCF_000017885.4;GCF_005671335.1;GCF_006094295.1;GCF_034478925.1;GCF_034479305.1	1	0				0
start	orthogroup_1140	4	9	GCA_000015785.2;GCA_000025805.1;GCF_000009045.1;GCF_000009785.1;GCF_000017885.4;GCF_005671335.1;GCF_006094295.1;GCF_034478925.1;GCF_034479305.1	1	1	GCF_034479305.1	-10.0		0
start	orthogroup_1140	5	9	GCA_000015785.2;GCA_000025805.1;GCF_000009045.1;GCF_000009785.1;GCF_000017885.4;GCF_005671335.1;GCF_006094295.1;GCF_034478925.1;GCF_034479305.1	1	1	GCF_034478925.1	4.0		0
start	orthogroup_1140	6	9	GCA_000015785.2;GCA_000025805.1;GCF_000009045.1;GCF_000009785.1;GCF_000017885.4;GCF_005671335.1;GCF_006094295.1;GCF_034478925.1;GCF_034479305.1	1	1	GCA_000015785.2	-1.0		0
start	orthogroup_1140	7	9	GCA_000015785.2;GCA_000025805.1;GCF_000009045.1;GCF_000009785.1;GCF_000017885.4;GCF_005671335.1;GCF_006094295.1;GCF_034478925.1;GCF_034479305.1	1	2	GCF_000009785.1;GCF_006094295.1	5.5	12.5	0
start	orthogroup_1141	1	9	GCA_000015785.2;GCA_000025805.1;GCF_000009045.1;GCF_000009785.1;GCF_000011245.1;GCF_000017885.4;GCF_005671335.1;GCF_034478925.1;GCF_034479305.1	1	0				0
start	orthogroup_1141	2	9	GCA_000015785.2;GCA_000025805.1;GCF_000009045.1;GCF_000009785.1;GCF_000011245.1;GCF_000017885.4;GCF_005671335.1;GCF_034478925.1;GCF_034479305.1	1	0				0
start	orthogroup_1141	3	9	GCA_000015785.2;GCA_000025805.1;GCF_000009045.1;GCF_000009785.1;GCF_000011245.1;GCF_000017885.4;GCF_005671335.1;GCF_034478925.1;GCF_034479305.1	1	0				0
start	orthogroup_1141	4	9	GCA_000015785.2;GCA_000025805.1;GCF_000009045.1;GCF_000009785.1;GCF_000011245.1;GCF_000017885.4;GCF_005671335.1;GCF_034478925.1;GCF_034479305.1	1	0				0
start	orthogroup_1141	5	9	GCA_000015785.2;GCA_000025805.1;GCF_000009045.1;GCF_000009785.1;GCF_000011245.1;GCF_000017885.4;GCF_005671335.1;GCF_034478925.1;GCF_034479305.1	1	0				0
start	orthogroup_1141	6	9	GCA_000015785.2;GCA_000025805.1;GCF_000009045.1;GCF_000009785.1;GCF_000011245.1;GCF_000017885.4;GCF_005671335.1;GCF_034478925.1;GCF_034479305.1	1	0				0
start	orthogroup_1141	7	9	GCA_000015785.2;GCA_000025805.1;GCF_000009045.1;GCF_000009785.1;GCF_000011245.1;GCF_000017885.4;GCF_005671335.1;GCF_034478925.1;GCF_034479305.1	1	0				0
start	orthogroup_1150	1	9	GCA_000015785.2;GCA_000025805.1;GCF_000009045.1;GCF_000009785.1;GCF_000017885.4;GCF_005671335.1;GCF_006094295.1;GCF_034478925.1;GCF_034479305.1	1	0				0
start	orthogroup_1150	2	9	GCA_000015785.2;GCA_000025805.1;GCF_000009045.1;GCF_000009785.1;GCF_000017885.4;GCF_005671335.1;GCF_006094295.1;GCF_034478925.1;GCF_034479305.1	1	1	GCF_000009785.1	6.0		0
start	orthogroup_1150	3	9	GCA_000015785.2;GCA_000025805.1;GCF_000009045.1;GCF_000009785.1;GCF_000017885.4;GCF_005671335.1;GCF_006094295.1;GCF_034478925.1;GCF_034479305.1	1	1	GCF_000017885.4	3.0		0
start	orthogroup_1152	1	9	GCA_000015785.2;GCA_000025805.1;GCF_000009045.1;GCF_000009785.1;GCF_000017885.4;GCF_005671335.1;GCF_006094295.1;GCF_034478925.1;GCF_034479305.1	1	6	GCA_000015785.2;GCA_000025805.1;GCF_000009045.1;GCF_000009785.1;GCF_005671335.1;GCF_006094295.1	-19.5	2412.6666666666665	1
start	orthogroup_1152	2	9	GCA_000015785.2;GCA_000025805.1;GCF_000009045.1;GCF_000009785.1;GCF_000017885.4;GCF_005671335.1;GCF_006094295.1;GCF_034478925.1;GCF_034479305.1	1	4	GCA_000015785.2;GCF_000017885.4;GCF_006094295.1;GCF_034479305.1	25.0	888.0	1
start	orthogroup_1152	3	9	GCA_000015785.2;GCA_000025805.1;GCF_000009045.1;GCF_000009785.1;GCF_000017885.4;GCF_005671335.1;GCF_006094295.1;GCF_034478925.1;GCF_034479305.1	1	2	GCF_000017885.4;GCF_034478925.1	-18.5	2244.5	0
start	orthogroup_1153	1	9	GCA_000015785.2;GCA_000025805.1;GCF_000009045.1;GCF_000011245.1;GCF_000017885.4;GCF_005671335.1;GCF_006094295.1;GCF_034478925.1;GCF_034479305.1	1	0				0
start	orthogroup_1153	2	9	GCA_000015785.2;GCA_000025805.1;GCF_000009045.1;GCF_000011245.1;GCF_000017885.4;GCF_005671335.1;GCF_006094295.1;GCF_034478925.1;GCF_034479305.1	1	1	GCA_000025805.1	-1.0		0
start	orthogroup_1153	3	9	GCA_000015785.2;GCA_000025805.1;GCF_000009045.1;GCF_000011245.1;GCF_000017885.4;GCF_005671335.1;GCF_006094295.1;GCF_034478925.1;GCF_034479305.1	1	0				0
start	orthogroup_1153	4	9	GCA_000015785.2;GCA_000025805.1;GCF_000009045.1;GCF_000011245.1;GCF_000017885.4;GCF_005671335.1;GCF_006094295.1;GCF_034478925.1;GCF_034479305.1	1	0				0
start	orthogroup_1153	5	9	GCA_000015785.2;GCA_000025805.1;GCF_000009045.1;GCF_000011245.1;GCF_000017885.4;GCF_005671335.1;GCF_006094295.1;GCF_034478925.1;GCF_034479305.1	1	0				0
start	orthogroup_1153	6	9	GCA_000015785.2;GCA_000025805.1;GCF_000009045.1;GCF_000011245.1;GCF_000017885.4;GCF_005671335.1;GCF_006094295.1;GCF_034478925.1;GCF_034479305.1	1	1	GCF_000011245.1	16.5		0
start	orthogroup_1175	1	9	GCA_000015785.2;GCA_000025805.1;GCF_000009045.1;GCF_000009785.1;GCF_000017885.4;GCF_005671335.1;GCF_006094295.1;GCF_034478925.1;GCF_034479305.1	1	0				0
start	orthogroup_1175	2	9	GCA_000015785.2;GCA_000025805.1;GCF_000009045.1;GCF_000009785.1;GCF_000017885.4;GCF_005671335.1;GCF_006094295.1;GCF_034478925.1;GCF_034479305.1	1	0				0
start	orthogroup_1175	3	9	GCA_000015785.2;GCA_000025805.1;GCF_000009045.1;GCF_000009785.1;GCF_000017885.4;GCF_005671335.1;GCF_006094295.1;GCF_034478925.1;GCF_034479305.1	1	0				0
start	orthogroup_1175	4	9	GCA_000015785.2;GCA_000025805.1;GCF_000009045.1;GCF_000009785.1;GCF_000017885.4;GCF_005671335.1;GCF_006094295.1;GCF_034478925.1;GCF_034479305.1	1	0				0
start	orthogroup_1175	5	9	GCA_000015785.2;GCA_000025805.1;GCF_000009045.1;GCF_000009785.1;GCF_000017885.4;GCF_005671335.1;GCF_006094295.1;GCF_034478925.1;GCF_034479305.1	1	0				0
start	orthogroup_1175	6	9	GCA_000015785.2;GCA_000025805.1;GCF_000009045.1;GCF_000009785.1;GCF_000017885.4;GCF_005671335.1;GCF_006094295.1;GCF_034478925.1;GCF_034479305.1	1	0				0
start	orthogroup_1176	1	9	GCA_000015785.2;GCA_000025805.1;GCF_000009045.1;GCF_000011245.1;GCF_000017885.4;GCF_005671335.1;GCF_006094295.1;GCF_034478925.1;GCF_034479305.1	1	0				0
start	orthogroup_1176	2	9	GCA_000015785.2;GCA_000025805.1;GCF_000009045.1;GCF_000011245.1;GCF_000017885.4;GCF_005671335.1;GCF_006094295.1;GCF_034478925.1;GCF_034479305.1	1	1	GCF_000009045.1	-10.0		0
start	orthogroup_1176	3	9	GCA_000015785.2;GCA_000025805.1;GCF_000009045.1;GCF_000011245.1;GCF_000017885.4;GCF_005671335.1;GCF_006094295.1;GCF_034478925.1;GCF_034479305.1	1	0				0
start	orthogroup_1176	4	9	GCA_000015785.2;GCA_000025805.1;GCF_000009045.1;GCF_000011245.1;GCF_000017885.4;GCF_005671335.1;GCF_006094295.1;GCF_034478925.1;GCF_034479305.1	1	0				0
start	orthogroup_1181	1	9	GCA_000015785.2;GCA_000025805.1;GCF_000009785.1;GCF_000011245.1;GCF_000017885.4;GCF_005671335.1;GCF_006094295.1;GCF_034478925.1;GCF_034479305.1	1	0				0
start	orthogroup_1181	2	9	GCA_000015785.2;GCA_000025805.1;GCF_000009785.1;GCF_000011245.1;GCF_000017885.4;GCF_005671335.1;GCF_006094295.1;GCF_034478925.1;GCF_034479305.1	1	0				0
start	orthogroup_1181	3	9	GCA_000015785.2;GCA_000025805.1;GCF_000009785.1;GCF_000011245.1;GCF_000017885.4;GCF_005671335.1;GCF_006094295.1;GCF_034478925.1;GCF_034479305.1	1	0				0
start	orthogroup_1181	4	9	GCA_000015785.2;GCA_000025805.1;GCF_000009785.1;GCF_000011245.1;GCF_000017885.4;GCF_005671335.1;GCF_006094295.1;GCF_034478925.1;GCF_034479305.1	1	1	GCF_005671335.1	9.0		0
start	orthogroup_1181	5	9	GCA_000015785.2;GCA_000025805.1;GCF_000009785.1;GCF_000011245.1;GCF_000017885.4;GCF_005671335.1;GCF_006094295.1;GCF_034478925.1;GCF_034479305.1	1	0				0
start	orthogroup_1181	6	9	GCA_000015785.2;GCA_000025805.1;GCF_000009785.1;GCF_000011245.1;GCF_000017885.4;GCF_005671335.1;GCF_006094295.1;GCF_034478925.1;GCF_034479305.1	1	0				0
start	orthogroup_1181	7	9	GCA_000015785.2;GCA_000025805.1;GCF_000009785.1;GCF_000011245.1;GCF_000017885.4;GCF_005671335.1;GCF_006094295.1;GCF_034478925.1;GCF_034479305.1	1	0				0
start	orthogroup_1181	8	9	GCA_000015785.2;GCA_000025805.1;GCF_000009785.1;GCF_000011245.1;GCF_000017885.4;GCF_005671335.1;GCF_006094295.1;GCF_034478925.1;GCF_034479305.1	1	1	GCF_034478925.1	23.0		0
start	orthogroup_1188	1	9	GCA_000015785.2;GCA_000025805.1;GCF_000009045.1;GCF_000009785.1;GCF_000011245.1;GCF_000017885.4;GCF_005671335.1;GCF_034478925.1;GCF_034479305.1	1	0				0
start	orthogroup_1188	2	9	GCA_000015785.2;GCA_000025805.1;GCF_000009045.1;GCF_000009785.1;GCF_000011245.1;GCF_000017885.4;GCF_005671335.1;GCF_034478925.1;GCF_034479305.1	1	0				0
start	orthogroup_1188	3	9	GCA_000015785.2;GCA_000025805.1;GCF_000009045.1;GCF_000009785.1;GCF_000011245.1;GCF_000017885.4;GCF_005671335.1;GCF_034478925.1;GCF_034479305.1	1	1	GCF_000009045.1	23.5		0
start	orthogroup_1188	4	9	GCA_000015785.2;GCA_000025805.1;GCF_000009045.1;GCF_000009785.1;GCF_000011245.1;GCF_000017885.4;GCF_005671335.1;GCF_034478925.1;GCF_034479305.1	1	1	GCF_000009785.1	1.0		0
start	orthogroup_1188	5	9	GCA_000015785.2;GCA_000025805.1;GCF_000009045.1;GCF_000009785.1;GCF_000011245.1;GCF_000017885.4;GCF_005671335.1;GCF_034478925.1;GCF_034479305.1	1	1	GCF_034478925.1	-6.0		0
start	orthogroup_1188	6	9	GCA_000015785.2;GCA_000025805.1;GCF_000009045.1;GCF_000009785.1;GCF_000011245.1;GCF_000017885.4;GCF_005671335.1;GCF_034478925.1;GCF_034479305.1	1	0				0
start	orthogroup_1188	7	9	GCA_000015785.2;GCA_000025805.1;GCF_000009045.1;GCF_000009785.1;GCF_000011245.1;GCF_000017885.4;GCF_005671335.1;GCF_034478925.1;GCF_034479305.1	1	3	GCA_000015785.2;GCF_000009785.1;GCF_005671335.1	50.0	2564.3333333333335	1
start	orthogroup_1188	8	9	GCA_000015785.2;GCA_000025805.1;GCF_000009045.1;GCF_000009785.1;GCF_000011245.1;GCF_000017885.4;GCF_005671335.1;GCF_034478925.1;GCF_034479305.1	1	2	GCF_005671335.1;GCF_034478925.1	-51.25	6216.125	0
start	orthogroup_1188	9	9	GCA_000015785.2;GCA_000025805.1;GCF_000009045.1;GCF_000009785.1;GCF_000011245.1;GCF_000017885.4;GCF_005671335.1;GCF_034478925.1;GCF_034479305.1	1	2	GCF_000011245.1;GCF_034478925.1	-3.25	6.125	0
start	orthogroup_1188	10	9	GCA_000015785.2;GCA_000025805.1;GCF_000009045.1;GCF_000009785.1;GCF_000011245.1;GCF_000017885.4;GCF_005671335.1;GCF_034478925.1;GCF_034479305.1	1	1	GCF_034479305.1	27.0		0
start	orthogroup_1191	1	9	GCA_000015785.2;GCA_000025805.1;GCF_000009045.1;GCF_000009785.1;GCF_000011245.1;GCF_000017885.4;GCF_006094295.1;GCF_034478925.1;GCF_034479305.1	1	0				0
start	orthogroup_1191	2	9	GCA_000015785.2;GCA_000025805.1;GCF_000009045.1;GCF_000009785.1;GCF_000011245.1;GCF_000017885.4;GCF_006094295.1;GCF_034478925.1;GCF_034479305.1	1	0				0
start	orthogroup_1191	3	9	GCA_000015785.2;GCA_000025805.1;GCF_000009045.1;GCF_000009785.1;GCF_000011245.1;GCF_000017885.4;GCF_006094295.1;GCF_034478925.1;GCF_034479305.1	1	1	GCF_006094295.1	-3.0		0
start	orthogroup_1191	4	9	GCA_000015785.2;GCA_000025805.1;GCF_000009045.1;GCF_000009785.1;GCF_000011245.1;GCF_000017885.4;GCF_006094295.1;GCF_034478925.1;GCF_034479305.1	1	1	GCF_006094295.1	8.0		0
start	orthogroup_1191	5	9	GCA_000015785.2;GCA_000025805.1;GCF_000009045.1;GCF_000009785.1;GCF_000011245.1;GCF_000017885.4;GCF_006094295.1;GCF_034478925.1;GCF_034479305.1	1	0				0
start	orthogroup_1191	6	9	GCA_000015785.2;GCA_000025805.1;GCF_000009045.1;GCF_000009785.1;GCF_000011245.1;GCF_000017885.4;GCF_006094295.1;GCF_034478925.1;GCF_034479305.1	1	1	GCF_034479305.1	25.0		0
start	orthogroup_1192	1	8	GCA_000015785.2;GCA_000025805.1;GCF_000009045.1;GCF_000009785.1;GCF_000017885.4;GCF_005671335.1;GCF_006094295.1;GCF_034478925.1	1	0				0
start	orthogroup_1192	2	8	GCA_000015785.2;GCA_000025805.1;GCF_000009045.1;GCF_000009785.1;GCF_000017885.4;GCF_005671335.1;GCF_006094295.1;GCF_034478925.1	1	0				0
start	orthogroup_1192	3	8	GCA_000015785.2;GCA_000025805.1;GCF_000009045.1;GCF_000009785.1;GCF_000017885.4;GCF_005671335.1;GCF_006094295.1;GCF_034478925.1	1	1	GCF_000009785.1	-6.0		0
start	orthogroup_1192	4	8	GCA_000015785.2;GCA_000025805.1;GCF_000009045.1;GCF_000009785.1;GCF_000017885.4;GCF_005671335.1;GCF_006094295.1;GCF_034478925.1	1	0				0
start	orthogroup_1238	1	9	GCA_000015785.2;GCA_000025805.1;GCF_000009045.1;GCF_000009785.1;GCF_000011245.1;GCF_000017885.4;GCF_006094295.1;GCF_034478925.1;GCF_034479305.1	1	1	GCF_000011245.1	8.0		0
start	orthogroup_1238	2	9	GCA_000015785.2;GCA_000025805.1;GCF_000009045.1;GCF_000009785.1;GCF_000011245.1;GCF_000017885.4;GCF_006094295.1;GCF_034478925.1;GCF_034479305.1	1	0				0
start	orthogroup_1238	3	9	GCA_000015785.2;GCA_000025805.1;GCF_000009045.1;GCF_000009785.1;GCF_000011245.1;GCF_000017885.4;GCF_006094295.1;GCF_034478925.1;GCF_034479305.1	1	1	GCF_034478925.1	-12.0		0
start	orthogroup_124	1	10	GCA_000015785.2;GCA_000025805.1;GCF_000009045.1;GCF_000009785.1;GCF_000011245.1;GCF_000017885.4;GCF_005671335.1;GCF_006094295.1;GCF_034478925.1;GCF_034479305.1	1	0				0
start	orthogroup_124	2	10	GCA_000015785.2;GCA_000025805.1;GCF_000009045.1;GCF_000009785.1;GCF_000011245.1;GCF_000017885.4;GCF_005671335.1;GCF_006094295.1;GCF_034478925.1;GCF_034479305.1	1	0				0
start	orthogroup_124	3	10	GCA_000015785.2;GCA_000025805.1;GCF_000009045.1;GCF_000009785.1;GCF_000011245.1;GCF_000017885.4;GCF_005671335.1;GCF_006094295.1;GCF_034478925.1;GCF_034479305.1	1	1	GCF_006094295.1	5.0		0
start	orthogroup_124	4	10	GCA_000015785.2;GCA_000025805.1;GCF_000009045.1;GCF_000009785.1;GCF_000011245.1;GCF_000017885.4;GCF_005671335.1;GCF_006094295.1;GCF_034478925.1;GCF_034479305.1	1	0				0
start	orthogroup_124	5	10	GCA_000015785.2;GCA_000025805.1;GCF_000009045.1;GCF_000009785.1;GCF_000011245.1;GCF_000017885.4;GCF_005671335.1;GCF_006094295.1;GCF_034478925.1;GCF_034479305.1	1	0				0
start	orthogroup_124	6	10	GCA_000015785.2;GCA_000025805.1;GCF_000009045.1;GCF_000009785.1;GCF_000011245.1;GCF_000017885.4;GCF_005671335.1;GCF_006094295.1;GCF_034478925.1;GCF_034479305.1	1	1	GCF_000009785.1	7.5		0
start	orthogroup_1241	1	9	GCA_000015785.2;GCA_000025805.1;GCF_000009045.1;GCF_000009785.1;GCF_000011245.1;GCF_000017885.4;GCF_005671335.1;GCF_006094295.1;GCF_034478925.1	1	0				0
start	orthogroup_1241	2	9	GCA_000015785.2;GCA_000025805.1;GCF_000009045.1;GCF_000009785.1;GCF_000011245.1;GCF_000017885.4;GCF_005671335.1;GCF_006094295.1;GCF_034478925.1	1	0				0
start	orthogroup_1241	3	9	GCA_000015785.2;GCA_000025805.1;GCF_000009045.1;GCF_000009785.1;GCF_000011245.1;GCF_000017885.4;GCF_005671335.1;GCF_006094295.1;GCF_034478925.1	1	1	GCF_034478925.1	-3.0		0
start	orthogroup_1241	4	9	GCA_000015785.2;GCA_000025805.1;GCF_000009045.1;GCF_000009785.1;GCF_000011245.1;GCF_000017885.4;GCF_005671335.1;GCF_006094295.1;GCF_034478925.1	1	1	GCF_034478925.1	8.0		0
start	orthogroup_1241	5	9	GCA_000015785.2;GCA_000025805.1;GCF_000009045.1;GCF_000009785.1;GCF_000011245.1;GCF_000017885.4;GCF_005671335.1;GCF_006094295.1;GCF_034478925.1	1	0				0
start	orthogroup_1241	6	9	GCA_000015785.2;GCA_000025805.1;GCF_000009045.1;GCF_000009785.1;GCF_000011245.1;GCF_000017885.4;GCF_005671335.1;GCF_006094295.1;GCF_034478925.1	1	1	GCF_000009045.1	14.0		0
start	orthogroup_1241	7	9	GCA_000015785.2;GCA_000025805.1;GCF_000009045.1;GCF_000009785.1;GCF_000011245.1;GCF_000017885.4;GCF_005671335.1;GCF_006094295.1;GCF_034478925.1	1	1	GCF_000009045.1	-19.0		0
start	orthogroup_1241	8	9	GCA_000015785.2;GCA_000025805.1;GCF_000009045.1;GCF_000009785.1;GCF_000011245.1;GCF_000017885.4;GCF_005671335.1;GCF_006094295.1;GCF_034478925.1	1	0				0
start	orthogroup_1241	9	9	GCA_000015785.2;GCA_000025805.1;GCF_000009045.1;GCF_000009785.1;GCF_000011245.1;GCF_000017885.4;GCF_005671335.1;GCF_006094295.1;GCF_034478925.1	1	1	GCF_005671335.1	-7.0		0
start	orthogroup_1241	10	9	GCA_000015785.2;GCA_000025805.1;GCF_000009045.1;GCF_000009785.1;GCF_000011245.1;GCF_000017885.4;GCF_005671335.1;GCF_006094295.1;GCF_034478925.1	1	0				0
start	orthogroup_1244	1	9	GCA_000025805.1;GCF_000009045.1;GCF_000009785.1;GCF_000011245.1;GCF_000017885.4;GCF_005671335.1;GCF_006094295.1;GCF_034478925.1;GCF_034479305.1	1	0				0
start	orthogroup_1244	2	9	GCA_000025805.1;GCF_000009045.1;GCF_000009785.1;GCF_000011245.1;GCF_000017885.4;GCF_005671335.1;GCF_006094295.1;GCF_034478925.1;GCF_034479305.1	1	2	GCF_005671335.1;GCF_006094295.1	-7.5	12.5	0
start	orthogroup_1244	3	9	GCA_000025805.1;GCF_000009045.1;GCF_000009785.1;GCF_000011245.1;GCF_000017885.4;GCF_005671335.1;GCF_006094295.1;GCF_034478925.1;GCF_034479305.1	1	1	GCF_006094295.1	8.0		0
start	orthogroup_1244	4	9	GCA_000025805.1;GCF_000009045.1;GCF_000009785.1;GCF_000011245.1;GCF_000017885.4;GCF_005671335.1;GCF_006094295.1;GCF_034478925.1;GCF_034479305.1	1	0				0
start	orthogroup_1244	5	9	GCA_000025805.1;GCF_000009045.1;GCF_000009785.1;GCF_000011245.1;GCF_000017885.4;GCF_005671335.1;GCF_006094295.1;GCF_034478925.1;GCF_034479305.1	1	0				0
start	orthogroup_1244	6	9	GCA_000025805.1;GCF_000009045.1;GCF_000009785.1;GCF_000011245.1;GCF_000017885.4;GCF_005671335.1;GCF_006094295.1;GCF_034478925.1;GCF_034479305.1	1	0				0
start	orthogroup_1244	7	9	GCA_000025805.1;GCF_000009045.1;GCF_000009785.1;GCF_000011245.1;GCF_000017885.4;GCF_005671335.1;GCF_006094295.1;GCF_034478925.1;GCF_034479305.1	1	0				0
start	orthogroup_1244	8	9	GCA_000025805.1;GCF_000009045.1;GCF_000009785.1;GCF_000011245.1;GCF_000017885.4;GCF_005671335.1;GCF_006094295.1;GCF_034478925.1;GCF_034479305.1	1	0				0
start	orthogroup_1253	1	8	GCA_000015785.2;GCA_000025805.1;GCF_000009045.1;GCF_000011245.1;GCF_000017885.4;GCF_005671335.1;GCF_006094295.1;GCF_034478925.1	1	0				0
start	orthogroup_1253	2	8	GCA_000015785.2;GCA_000025805.1;GCF_000009045.1;GCF_000011245.1;GCF_000017885.4;GCF_005671335.1;GCF_006094295.1;GCF_034478925.1	1	0				0
start	orthogroup_1253	3	8	GCA_000015785.2;GCA_000025805.1;GCF_000009045.1;GCF_000011245.1;GCF_000017885.4;GCF_005671335.1;GCF_006094295.1;GCF_034478925.1	1	0				0
start	orthogroup_1253	4	8	GCA_000015785.2;GCA_000025805.1;GCF_000009045.1;GCF_000011245.1;GCF_000017885.4;GCF_005671335.1;GCF_006094295.1;GCF_034478925.1	1	0				0
start	orthogroup_1253	5	8	GCA_000015785.2;GCA_000025805.1;GCF_000009045.1;GCF_000011245.1;GCF_000017885.4;GCF_005671335.1;GCF_006094295.1;GCF_034478925.1	1	0				0
start	orthogroup_1253	6	8	GCA_000015785.2;GCA_000025805.1;GCF_000009045.1;GCF_000011245.1;GCF_000017885.4;GCF_005671335.1;GCF_006094295.1;GCF_034478925.1	1	1	GCA_000025805.1	10.0		0
start	orthogroup_1253	7	8	GCA_000015785.2;GCA_000025805.1;GCF_000009045.1;GCF_000011245.1;GCF_000017885.4;GCF_005671335.1;GCF_006094295.1;GCF_034478925.1	1	1	GCF_000017885.4	3.0		0
start	orthogroup_1253	8	8	GCA_000015785.2;GCA_000025805.1;GCF_000009045.1;GCF_000011245.1;GCF_000017885.4;GCF_005671335.1;GCF_006094295.1;GCF_034478925.1	1	2	GCF_000011245.1;GCF_005671335.1	0.5	364.5	0
start	orthogroup_1253	9	8	GCA_000015785.2;GCA_000025805.1;GCF_000009045.1;GCF_000011245.1;GCF_000017885.4;GCF_005671335.1;GCF_006094295.1;GCF_034478925.1	1	0				0
start	orthogroup_1253	10	8	GCA_000015785.2;GCA_000025805.1;GCF_000009045.1;GCF_000011245.1;GCF_000017885.4;GCF_005671335.1;GCF_006094295.1;GCF_034478925.1	1	0				0
start	orthogroup_1253	11	8	GCA_000015785.2;GCA_000025805.1;GCF_000009045.1;GCF_000011245.1;GCF_000017885.4;GCF_005671335.1;GCF_006094295.1;GCF_034478925.1	1	0				0
start	orthogroup_1253	12	8	GCA_000015785.2;GCA_000025805.1;GCF_000009045.1;GCF_000011245.1;GCF_000017885.4;GCF_005671335.1;GCF_006094295.1;GCF_034478925.1	1	0				0
start	orthogroup_1253	13	8	GCA_000015785.2;GCA_000025805.1;GCF_000009045.1;GCF_000011245.1;GCF_000017885.4;GCF_005671335.1;GCF_006094295.1;GCF_034478925.1	1	0				0
start	orthogroup_1253	14	8	GCA_000015785.2;GCA_000025805.1;GCF_000009045.1;GCF_000011245.1;GCF_000017885.4;GCF_005671335.1;GCF_006094295.1;GCF_034478925.1	1	1	GCF_000017885.4	17.0		0
start	orthogroup_1254	1	8	GCA_000015785.2;GCA_000025805.1;GCF_000009045.1;GCF_000009785.1;GCF_000017885.4;GCF_005671335.1;GCF_034478925.1;GCF_034479305.1	1	0				0
start	orthogroup_1254	2	8	GCA_000015785.2;GCA_000025805.1;GCF_000009045.1;GCF_000009785.1;GCF_000017885.4;GCF_005671335.1;GCF_034478925.1;GCF_034479305.1	1	0				0
start	orthogroup_1254	3	8	GCA_000015785.2;GCA_000025805.1;GCF_000009045.1;GCF_000009785.1;GCF_000017885.4;GCF_005671335.1;GCF_034478925.1;GCF_034479305.1	1	0				0
start	orthogroup_1254	4	8	GCA_000015785.2;GCA_000025805.1;GCF_000009045.1;GCF_000009785.1;GCF_000017885.4;GCF_005671335.1;GCF_034478925.1;GCF_034479305.1	1	0				0
start	orthogroup_1254	5	8	GCA_000015785.2;GCA_000025805.1;GCF_000009045.1;GCF_000009785.1;GCF_000017885.4;GCF_005671335.1;GCF_034478925.1;GCF_034479305.1	1	1	GCA_000025805.1	0.0		0
start	orthogroup_1254	6	8	GCA_000015785.2;GCA_000025805.1;GCF_000009045.1;GCF_000009785.1;GCF_000017885.4;GCF_005671335.1;GCF_034478925.1;GCF_034479305.1	1	0				0
start	orthogroup_1254	7	8	GCA_000015785.2;GCA_000025805.1;GCF_000009045.1;GCF_000009785.1;GCF_000017885.4;GCF_005671335.1;GCF_034478925.1;GCF_034479305.1	1	0				0
start	orthogroup_1254	8	8	GCA_000015785.2;GCA_000025805.1;GCF_000009045.1;GCF_000009785.1;GCF_000017885.4;GCF_005671335.1;GCF_034478925.1;GCF_034479305.1	1	0				0
start	orthogroup_1254	9	8	GCA_000015785.2;GCA_000025805.1;GCF_000009045.1;GCF_000009785.1;GCF_000017885.4;GCF_005671335.1;GCF_034478925.1;GCF_034479305.1	1	0				0
start	orthogroup_1254	10	8	GCA_000015785.2;GCA_000025805.1;GCF_000009045.1;GCF_000009785.1;GCF_000017885.4;GCF_005671335.1;GCF_034478925.1;GCF_034479305.1	1	1	GCF_005671335.1	27.0		0
start	orthogroup_126	1	10	GCA_000015785.2;GCA_000025805.1;GCF_000009045.1;GCF_000009785.1;GCF_000011245.1;GCF_000017885.4;GCF_005671335.1;GCF_006094295.1;GCF_034478925.1;GCF_034479305.1	1	1	GCF_005671335.1	4.0		0
start	orthogroup_126	2	10	GCA_000015785.2;GCA_000025805.1;GCF_000009045.1;GCF_000009785.1;GCF_000011245.1;GCF_000017885.4;GCF_005671335.1;GCF_006094295.1;GCF_034478925.1;GCF_034479305.1	1	0				0
start	orthogroup_126	3	10	GCA_000015785.2;GCA_000025805.1;GCF_000009045.1;GCF_000009785.1;GCF_000011245.1;GCF_000017885.4;GCF_005671335.1;GCF_006094295.1;GCF_034478925.1;GCF_034479305.1	1	5	GCF_000009045.1;GCF_000009785.1;GCF_000011245.1;GCF_000017885.4;GCF_005671335.1	178.0	2614.3	1
start	orthogroup_1261	1	8	GCA_000015785.2;GCF_000009045.1;GCF_000009785.1;GCF_000017885.4;GCF_005671335.1;GCF_006094295.1;GCF_034478925.1;GCF_034479305.1	1	1	GCF_034479305.1	-6.0		0
start	orthogroup_1261	2	8	GCA_000015785.2;GCF_000009045.1;GCF_000009785.1;GCF_000017885.4;GCF_005671335.1;GCF_006094295.1;GCF_034478925.1;GCF_034479305.1	1	2	GCF_000017885.4;GCF_034478925.1	29.0	50.0	0
start	orthogroup_1261	3	8	GCA_000015785.2;GCF_000009045.1;GCF_000009785.1;GCF_000017885.4;GCF_005671335.1;GCF_006094295.1;GCF_034478925.1;GCF_034479305.1	1	2	GCA_000015785.2;GCF_000017885.4	-19.0	98.0	0
start	orthogroup_1261	4	8	GCA_000015785.2;GCF_000009045.1;GCF_000009785.1;GCF_000017885.4;GCF_005671335.1;GCF_006094295.1;GCF_034478925.1;GCF_034479305.1	1	0				0
start	orthogroup_1261	5	8	GCA_000015785.2;GCF_000009045.1;GCF_000009785.1;GCF_000017885.4;GCF_005671335.1;GCF_006094295.1;GCF_034478925.1;GCF_034479305.1	1	2	GCF_005671335.1;GCF_006094295.1	-19.5	544.5	0
start	orthogroup_1261	6	8	GCA_000015785.2;GCF_000009045.1;GCF_000009785.1;GCF_000017885.4;GCF_005671335.1;GCF_006094295.1;GCF_034478925.1;GCF_034479305.1	1	1	GCF_005671335.1	-4.0		0
start	orthogroup_1267	1	8	GCA_000015785.2;GCA_000025805.1;GCF_000009045.1;GCF_000009785.1;GCF_000011245.1;GCF_006094295.1;GCF_034478925.1;GCF_034479305.1	1	0				0
start	orthogroup_1267	2	8	GCA_000015785.2;GCA_000025805.1;GCF_000009045.1;GCF_000009785.1;GCF_000011245.1;GCF_006094295.1;GCF_034478925.1;GCF_034479305.1	1	1	GCF_000009785.1	13.0		0
start	orthogroup_1267	3	8	GCA_000015785.2;GCA_000025805.1;GCF_000009045.1;GCF_000009785.1;GCF_000011245.1;GCF_006094295.1;GCF_034478925.1;GCF_034479305.1	1	0				0
start	orthogroup_1267	4	8	GCA_000015785.2;GCA_000025805.1;GCF_000009045.1;GCF_000009785.1;GCF_000011245.1;GCF_006094295.1;GCF_034478925.1;GCF_034479305.1	1	1	GCF_000009785.1	-9.0		0
start	orthogroup_1267	5	8	GCA_000015785.2;GCA_000025805.1;GCF_000009045.1;GCF_000009785.1;GCF_000011245.1;GCF_006094295.1;GCF_034478925.1;GCF_034479305.1	1	2	GCF_000009785.1;GCF_000011245.1	8.5	112.5	0
start	orthogroup_1267	6	8	GCA_000015785.2;GCA_000025805.1;GCF_000009045.1;GCF_000009785.1;GCF_000011245.1;GCF_006094295.1;GCF_034478925.1;GCF_034479305.1	1	1	GCF_000009785.1	67.0		0
start	orthogroup_1274	1	8	GCA_000015785.2;GCA_000025805.1;GCF_000009045.1;GCF_000009785.1;GCF_000017885.4;GCF_005671335.1;GCF_006094295.1;GCF_034478925.1	1	0				0
start	orthogroup_1274	2	8	GCA_000015785.2;GCA_000025805.1;GCF_000009045.1;GCF_000009785.1;GCF_000017885.4;GCF_005671335.1;GCF_006094295.1;GCF_034478925.1	1	0				0
start	orthogroup_1274	3	8	GCA_000015785.2;GCA_000025805.1;GCF_000009045.1;GCF_000009785.1;GCF_000017885.4;GCF_005671335.1;GCF_006094295.1;GCF_034478925.1	1	0				0
start	orthogroup_1274	4	8	GCA_000015785.2;GCA_000025805.1;GCF_000009045.1;GCF_000009785.1;GCF_000017885.4;GCF_005671335.1;GCF_006094295.1;GCF_034478925.1	1	0				0
start	orthogroup_1274	5	8	GCA_000015785.2;GCA_000025805.1;GCF_000009045.1;GCF_000009785.1;GCF_000017885.4;GCF_005671335.1;GCF_006094295.1;GCF_034478925.1	1	0				0
start	orthogroup_1274	6	8	GCA_000015785.2;GCA_000025805.1;GCF_000009045.1;GCF_000009785.1;GCF_000017885.4;GCF_005671335.1;GCF_006094295.1;GCF_034478925.1	1	2	GCF_000009785.1;GCF_005671335.1	-0.5	40.5	0
start	orthogroup_1274	7	8	GCA_000015785.2;GCA_000025805.1;GCF_000009045.1;GCF_000009785.1;GCF_000017885.4;GCF_005671335.1;GCF_006094295.1;GCF_034478925.1	1	1	GCF_000009045.1	-11.5		0
start	orthogroup_1274	8	8	GCA_000015785.2;GCA_000025805.1;GCF_000009045.1;GCF_000009785.1;GCF_000017885.4;GCF_005671335.1;GCF_006094295.1;GCF_034478925.1	1	2	GCA_000015785.2;GCA_000025805.1	2.5	0.5	0
start	orthogroup_1274	9	8	GCA_000015785.2;GCA_000025805.1;GCF_000009045.1;GCF_000009785.1;GCF_000017885.4;GCF_005671335.1;GCF_006094295.1;GCF_034478925.1	1	1	GCF_000009785.1	3.0		0
start	orthogroup_1274	10	8	GCA_000015785.2;GCA_000025805.1;GCF_000009045.1;GCF_000009785.1;GCF_000017885.4;GCF_005671335.1;GCF_006094295.1;GCF_034478925.1	1	0				0
start	orthogroup_1274	11	8	GCA_000015785.2;GCA_000025805.1;GCF_000009045.1;GCF_000009785.1;GCF_000017885.4;GCF_005671335.1;GCF_006094295.1;GCF_034478925.1	1	1	GCF_000009045.1	8.0		0
start	orthogroup_1274	12	8	GCA_000015785.2;GCA_000025805.1;GCF_000009045.1;GCF_000009785.1;GCF_000017885.4;GCF_005671335.1;GCF_006094295.1;GCF_034478925.1	1	0				0
start	orthogroup_1279	1	8	GCA_000015785.2;GCA_000025805.1;GCF_000009045.1;GCF_000017885.4;GCF_005671335.1;GCF_006094295.1;GCF_034478925.1;GCF_034479305.1	1	0				0
start	orthogroup_1279	2	8	GCA_000015785.2;GCA_000025805.1;GCF_000009045.1;GCF_000017885.4;GCF_005671335.1;GCF_006094295.1;GCF_034478925.1;GCF_034479305.1	1	1	GCF_005671335.1	-5.0		0
start	orthogroup_1279	3	8	GCA_000015785.2;GCA_000025805.1;GCF_000009045.1;GCF_000017885.4;GCF_005671335.1;GCF_006094295.1;GCF_034478925.1;GCF_034479305.1	1	0				0
start	orthogroup_1279	4	8	GCA_000015785.2;GCA_000025805.1;GCF_000009045.1;GCF_000017885.4;GCF_005671335.1;GCF_006094295.1;GCF_034478925.1;GCF_034479305.1	1	0				0
start	orthogroup_1279	5	8	GCA_000015785.2;GCA_000025805.1;GCF_000009045.1;GCF_000017885.4;GCF_005671335.1;GCF_006094295.1;GCF_034478925.1;GCF_034479305.1	1	0				0
start	orthogroup_1279	6	8	GCA_000015785.2;GCA_000025805.1;GCF_000009045.1;GCF_000017885.4;GCF_005671335.1;GCF_006094295.1;GCF_034478925.1;GCF_034479305.1	1	2	GCF_005671335.1;GCF_034479305.1	107.5	20604.5	0
start	orthogroup_1299	1	8	GCA_000015785.2;GCA_000025805.1;GCF_000009045.1;GCF_000009785.1;GCF_000017885.4;GCF_005671335.1;GCF_006094295.1;GCF_034478925.1	1	1	GCF_005671335.1	-6.0		0
start	orthogroup_1299	2	8	GCA_000015785.2;GCA_000025805.1;GCF_000009045.1;GCF_000009785.1;GCF_000017885.4;GCF_005671335.1;GCF_006094295.1;GCF_034478925.1	1	0				0
start	orthogroup_1299	3	8	GCA_000015785.2;GCA_000025805.1;GCF_000009045.1;GCF_000009785.1;GCF_000017885.4;GCF_005671335.1;GCF_006094295.1;GCF_034478925.1	1	0				0
start	orthogroup_1299	4	8	GCA_000015785.2;GCA_000025805.1;GCF_000009045.1;GCF_000009785.1;GCF_000017885.4;GCF_005671335.1;GCF_006094295.1;GCF_034478925.1	1	0				0
start	orthogroup_1299	5	8	GCA_000015785.2;GCA_000025805.1;GCF_000009045.1;GCF_000009785.1;GCF_000017885.4;GCF_005671335.1;GCF_006094295.1;GCF_034478925.1	1	0				0
start	orthogroup_1299	6	8	GCA_000015785.2;GCA_000025805.1;GCF_000009045.1;GCF_000009785.1;GCF_000017885.4;GCF_005671335.1;GCF_006094295.1;GCF_034478925.1	1	1	GCF_000009785.1	1.0		0
start	orthogroup_1299	7	8	GCA_000015785.2;GCA_000025805.1;GCF_000009045.1;GCF_000009785.1;GCF_000017885.4;GCF_005671335.1;GCF_006094295.1;GCF_034478925.1	1	1	GCF_000009785.1	-19.0		0
start	orthogroup_1299	8	8	GCA_000015785.2;GCA_000025805.1;GCF_000009045.1;GCF_000009785.1;GCF_000017885.4;GCF_005671335.1;GCF_006094295.1;GCF_034478925.1	1	0				0
start	orthogroup_1299	9	8	GCA_000015785.2;GCA_000025805.1;GCF_000009045.1;GCF_000009785.1;GCF_000017885.4;GCF_005671335.1;GCF_006094295.1;GCF_034478925.1	1	0				0
start	orthogroup_1299	10	8	GCA_000015785.2;GCA_000025805.1;GCF_000009045.1;GCF_000009785.1;GCF_000017885.4;GCF_005671335.1;GCF_006094295.1;GCF_034478925.1	1	1	GCF_005671335.1	-13.0		0
start	orthogroup_1299	11	8	GCA_000015785.2;GCA_000025805.1;GCF_000009045.1;GCF_000009785.1;GCF_000017885.4;GCF_005671335.1;GCF_006094295.1;GCF_034478925.1	1	1	GCF_006094295.1	-14.0		0
start	orthogroup_1299	12	8	GCA_000015785.2;GCA_000025805.1;GCF_000009045.1;GCF_000009785.1;GCF_000017885.4;GCF_005671335.1;GCF_006094295.1;GCF_034478925.1	1	2	GCF_005671335.1;GCF_006094295.1	-0.25	91.125	0
start	orthogroup_1336	1	8	GCA_000015785.2;GCA_000025805.1;GCF_000009045.1;GCF_000017885.4;GCF_005671335.1;GCF_006094295.1;GCF_034478925.1;GCF_034479305.1	1	1	GCA_000025805.1	18.0		0
start	orthogroup_1336	2	8	GCA_000015785.2;GCA_000025805.1;GCF_000009045.1;GCF_000017885.4;GCF_005671335.1;GCF_006094295.1;GCF_034478925.1;GCF_034479305.1	1	0				0
start	orthogroup_1336	3	8	GCA_000015785.2;GCA_000025805.1;GCF_000009045.1;GCF_000017885.4;GCF_005671335.1;GCF_006094295.1;GCF_034478925.1;GCF_034479305.1	1	0				0
start	orthogroup_1336	4	8	GCA_000015785.2;GCA_000025805.1;GCF_000009045.1;GCF_000017885.4;GCF_005671335.1;GCF_006094295.1;GCF_034478925.1;GCF_034479305.1	1	0				0
start	orthogroup_1336	5	8	GCA_000015785.2;GCA_000025805.1;GCF_000009045.1;GCF_000017885.4;GCF_005671335.1;GCF_006094295.1;GCF_034478925.1;GCF_034479305.1	1	0				0
start	orthogroup_1339	1	8	GCA_000015785.2;GCA_000025805.1;GCF_000009045.1;GCF_000011245.1;GCF_000017885.4;GCF_005671335.1;GCF_034478925.1;GCF_034479305.1	1	0				0
start	orthogroup_1339	2	8	GCA_000015785.2;GCA_000025805.1;GCF_000009045.1;GCF_000011245.1;GCF_000017885.4;GCF_005671335.1;GCF_034478925.1;GCF_034479305.1	1	0				0
start	orthogroup_1339	3	8	GCA_000015785.2;GCA_000025805.1;GCF_000009045.1;GCF_000011245.1;GCF_000017885.4;GCF_005671335.1;GCF_034478925.1;GCF_034479305.1	1	0				0
start	orthogroup_1339	4	8	GCA_000015785.2;GCA_000025805.1;GCF_000009045.1;GCF_000011245.1;GCF_000017885.4;GCF_005671335.1;GCF_034478925.1;GCF_034479305.1	1	0				0
start	orthogroup_1339	5	8	GCA_000015785.2;GCA_000025805.1;GCF_000009045.1;GCF_000011245.1;GCF_000017885.4;GCF_005671335.1;GCF_034478925.1;GCF_034479305.1	1	1	GCF_000017885.4	2.0		0
start	orthogroup_1339	6	8	GCA_000015785.2;GCA_000025805.1;GCF_000009045.1;GCF_000011245.1;GCF_000017885.4;GCF_005671335.1;GCF_034478925.1;GCF_034479305.1	1	0				0
start	orthogroup_1339	7	8	GCA_000015785.2;GCA_000025805.1;GCF_000009045.1;GCF_000011245.1;GCF_000017885.4;GCF_005671335.1;GCF_034478925.1;GCF_034479305.1	1	0				0
start	orthogroup_1339	8	8	GCA_000015785.2;GCA_000025805.1;GCF_000009045.1;GCF_000011245.1;GCF_000017885.4;GCF_005671335.1;GCF_034478925.1;GCF_034479305.1	1	0				0
start	orthogroup_1339	9	8	GCA_000015785.2;GCA_000025805.1;GCF_000009045.1;GCF_000011245.1;GCF_000017885.4;GCF_005671335.1;GCF_034478925.1;GCF_034479305.1	1	0				0
start	orthogroup_1339	10	8	GCA_000015785.2;GCA_000025805.1;GCF_000009045.1;GCF_000011245.1;GCF_000017885.4;GCF_005671335.1;GCF_034478925.1;GCF_034479305.1	1	1	GCF_000009045.1	7.0		0
start	orthogroup_1354	1	8	GCA_000015785.2;GCA_000025805.1;GCF_000009045.1;GCF_000009785.1;GCF_000011245.1;GCF_000017885.4;GCF_006094295.1;GCF_034478925.1	1	1	GCF_000009785.1	-15.0		0
start	orthogroup_1354	2	8	GCA_000015785.2;GCA_000025805.1;GCF_000009045.1;GCF_000009785.1;GCF_000011245.1;GCF_000017885.4;GCF_006094295.1;GCF_034478925.1	1	0				0
start	orthogroup_1354	3	8	GCA_000015785.2;GCA_000025805.1;GCF_000009045.1;GCF_000009785.1;GCF_000011245.1;GCF_000017885.4;GCF_006094295.1;GCF_034478925.1	1	0				0
start	orthogroup_1354	4	8	GCA_000015785.2;GCA_000025805.1;GCF_000009045.1;GCF_000009785.1;GCF_000011245.1;GCF_000017885.4;GCF_006094295.1;GCF_034478925.1	1	0				0
start	orthogroup_1354	5	8	GCA_000015785.2;GCA_000025805.1;GCF_000009045.1;GCF_000009785.1;GCF_000011245.1;GCF_000017885.4;GCF_006094295.1;GCF_034478925.1	1	0				0
start	orthogroup_1354	6	8	GCA_000015785.2;GCA_000025805.1;GCF_000009045.1;GCF_000009785.1;GCF_000011245.1;GCF_000017885.4;GCF_006094295.1;GCF_034478925.1	1	0				0
start	orthogroup_1356	1	8	GCA_000015785.2;GCA_000025805.1;GCF_000009045.1;GCF_000009785.1;GCF_000011245.1;GCF_000017885.4;GCF_006094295.1;GCF_034478925.1	1	0				0
start	orthogroup_1356	2	8	GCA_000015785.2;GCA_000025805.1;GCF_000009045.1;GCF_000009785.1;GCF_000011245.1;GCF_000017885.4;GCF_006094295.1;GCF_034478925.1	1	0				0
start	orthogroup_1356	3	8	GCA_000015785.2;GCA_000025805.1;GCF_000009045.1;GCF_000009785.1;GCF_000011245.1;GCF_000017885.4;GCF_006094295.1;GCF_034478925.1	1	1	GCF_000009785.1	19.0		0
start	orthogroup_1356	4	8	GCA_000015785.2;GCA_000025805.1;GCF_000009045.1;GCF_000009785.1;GCF_000011245.1;GCF_000017885.4;GCF_006094295.1;GCF_034478925.1	1	0				0
start	orthogroup_136	1	7	GCA_000015785.2;GCA_000025805.1;GCF_000009045.1;GCF_000009785.1;GCF_000017885.4;GCF_006094295.1;GCF_034478925.1	0	0				0
start	orthogroup_136	2	7	GCA_000015785.2;GCA_000025805.1;GCF_000009045.1;GCF_000009785.1;GCF_000017885.4;GCF_006094295.1;GCF_034478925.1	0	0				0
start	orthogroup_136	3	7	GCA_000015785.2;GCA_000025805.1;GCF_000009045.1;GCF_000009785.1;GCF_000017885.4;GCF_006094295.1;GCF_034478925.1	0	0				0
start	orthogroup_136	4	7	GCA_000015785.2;GCA_000025805.1;GCF_000009045.1;GCF_000009785.1;GCF_000017885.4;GCF_006094295.1;GCF_034478925.1	0	0				0
start	orthogroup_136	5	7	GCA_000015785.2;GCA_000025805.1;GCF_000009045.1;GCF_000009785.1;GCF_000017885.4;GCF_006094295.1;GCF_034478925.1	0	0				0
start	orthogroup_136	6	7	GCA_000015785.2;GCA_000025805.1;GCF_000009045.1;GCF_000009785.1;GCF_000017885.4;GCF_006094295.1;GCF_034478925.1	0	0				0
start	orthogroup_1366	1	8	GCA_000015785.2;GCA_000025805.1;GCF_000009045.1;GCF_000009785.1;GCF_000017885.4;GCF_005671335.1;GCF_006094295.1;GCF_034478925.1	1	3	GCA_000015785.2;GCF_000017885.4;GCF_006094295.1	-22.0	865.75	1
start	orthogroup_1366	2	8	GCA_000015785.2;GCA_000025805.1;GCF_000009045.1;GCF_000009785.1;GCF_000017885.4;GCF_005671335.1;GCF_006094295.1;GCF_034478925.1	1	0				0
start	orthogroup_1366	3	8	GCA_000015785.2;GCA_000025805.1;GCF_000009045.1;GCF_000009785.1;GCF_000017885.4;GCF_005671335.1;GCF_006094295.1;GCF_034478925.1	1	0				0
start	orthogroup_1366	4	8	GCA_000015785.2;GCA_000025805.1;GCF_000009045.1;GCF_000009785.1;GCF_000017885.4;GCF_005671335.1;GCF_006094295.1;GCF_034478925.1	1	0				0
start	orthogroup_1370	1	8	GCA_000015785.2;GCA_000025805.1;GCF_000009045.1;GCF_000009785.1;GCF_000017885.4;GCF_005671335.1;GCF_006094295.1;GCF_034478925.1	1	0				0
start	orthogroup_1370	2	8	GCA_000015785.2;GCA_000025805.1;GCF_000009045.1;GCF_000009785.1;GCF_000017885.4;GCF_005671335.1;GCF_006094295.1;GCF_034478925.1	1	0				0
start	orthogroup_1370	3	8	GCA_000015785.2;GCA_000025805.1;GCF_000009045.1;GCF_000009785.1;GCF_000017885.4;GCF_005671335.1;GCF_006094295.1;GCF_034478925.1	1	0				0
start	orthogroup_1370	4	8	GCA_000015785.2;GCA_000025805.1;GCF_000009045.1;GCF_000009785.1;GCF_000017885.4;GCF_005671335.1;GCF_006094295.1;GCF_034478925.1	1	1	GCF_005671335.1	3.0		0
start	orthogroup_1372	1	8	GCA_000015785.2;GCA_000025805.1;GCF_000009045.1;GCF_000011245.1;GCF_000017885.4;GCF_005671335.1;GCF_034478925.1;GCF_034479305.1	1	0				0
start	orthogroup_1372	2	8	GCA_000015785.2;GCA_000025805.1;GCF_000009045.1;GCF_000011245.1;GCF_000017885.4;GCF_005671335.1;GCF_034478925.1;GCF_034479305.1	1	1	GCF_034479305.1	13.0		0
start	orthogroup_1372	3	8	GCA_000015785.2;GCA_000025805.1;GCF_000009045.1;GCF_000011245.1;GCF_000017885.4;GCF_005671335.1;GCF_034478925.1;GCF_034479305.1	1	0				0
start	orthogroup_1372	4	8	GCA_000015785.2;GCA_000025805.1;GCF_000009045.1;GCF_000011245.1;GCF_000017885.4;GCF_005671335.1;GCF_034478925.1;GCF_034479305.1	1	0				0
start	orthogroup_1372	5	8	GCA_000015785.2;GCA_000025805.1;GCF_000009045.1;GCF_000011245.1;GCF_000017885.4;GCF_005671335.1;GCF_034478925.1;GCF_034479305.1	1	2	GCF_034478925.1;GCF_034479305.1	69.25	4095.125	0
start	orthogroup_1379	1	8	GCA_000015785.2;GCA_000025805.1;GCF_000009045.1;GCF_000009785.1;GCF_000011245.1;GCF_000017885.4;GCF_006094295.1;GCF_034478925.1	1	1	GCF_006094295.1	5.0		0
start	orthogroup_1379	2	8	GCA_000015785.2;GCA_000025805.1;GCF_000009045.1;GCF_000009785.1;GCF_000011245.1;GCF_000017885.4;GCF_006094295.1;GCF_034478925.1	1	2	GCF_000009045.1;GCF_000017885.4	-56.0	3200.0	0
start	orthogroup_1379	3	8	GCA_000015785.2;GCA_000025805.1;GCF_000009045.1;GCF_000009785.1;GCF_000011245.1;GCF_000017885.4;GCF_006094295.1;GCF_034478925.1	1	0				0
start	orthogroup_1379	4	8	GCA_000015785.2;GCA_000025805.1;GCF_000009045.1;GCF_000009785.1;GCF_000011245.1;GCF_000017885.4;GCF_006094295.1;GCF_034478925.1	1	0				0
start	orthogroup_1379	5	8	GCA_000015785.2;GCA_000025805.1;GCF_000009045.1;GCF_000009785.1;GCF_000011245.1;GCF_000017885.4;GCF_006094295.1;GCF_034478925.1	1	1	GCF_000009045.1	-18.0		0
start	orthogroup_1379	6	8	GCA_000015785.2;GCA_000025805.1;GCF_000009045.1;GCF_000009785.1;GCF_000011245.1;GCF_000017885.4;GCF_006094295.1;GCF_034478925.1	1	0				0
start	orthogroup_1379	7	8	GCA_000015785.2;GCA_000025805.1;GCF_000009045.1;GCF_000009785.1;GCF_000011245.1;GCF_000017885.4;GCF_006094295.1;GCF_034478925.1	1	1	GCF_006094295.1	33.0		0
start	orthogroup_1379	8	8	GCA_000015785.2;GCA_000025805.1;GCF_000009045.1;GCF_000009785.1;GCF_000011245.1;GCF_000017885.4;GCF_006094295.1;GCF_034478925.1	1	0				0
start	orthogroup_1379	9	8	GCA_000015785.2;GCA_000025805.1;GCF_000009045.1;GCF_000009785.1;GCF_000011245.1;GCF_000017885.4;GCF_006094295.1;GCF_034478925.1	1	1	GCA_000025805.1	-5.0		0
start	orthogroup_1379	10	8	GCA_000015785.2;GCA_000025805.1;GCF_000009045.1;GCF_000009785.1;GCF_000011245.1;GCF_000017885.4;GCF_006094295.1;GCF_034478925.1	1	1	GCF_000009045.1	-12.0		0
start	orthogroup_1379	11	8	GCA_000015785.2;GCA_000025805.1;GCF_000009045.1;GCF_000009785.1;GCF_000011245.1;GCF_000017885.4;GCF_006094295.1;GCF_034478925.1	1	0				0
start	orthogroup_1379	12	8	GCA_000015785.2;GCA_000025805.1;GCF_000009045.1;GCF_000009785.1;GCF_000011245.1;GCF_000017885.4;GCF_006094295.1;GCF_034478925.1	1	0				0
start	orthogroup_1386	1	8	GCA_000015785.2;GCA_000025805.1;GCF_000009045.1;GCF_000011245.1;GCF_000017885.4;GCF_006094295.1;GCF_034478925.1;GCF_034479305.1	1	0				0
start	orthogroup_1386	2	8	GCA_000015785.2;GCA_000025805.1;GCF_000009045.1;GCF_000011245.1;GCF_000017885.4;GCF_006094295.1;GCF_034478925.1;GCF_034479305.1	1	0				0
start	orthogroup_1386	3	8	GCA_000015785.2;GCA_000025805.1;GCF_000009045.1;GCF_000011245.1;GCF_000017885.4;GCF_006094295.1;GCF_034478925.1;GCF_034479305.1	1	0				0
start	orthogroup_1386	4	8	GCA_000015785.2;GCA_000025805.1;GCF_000009045.1;GCF_000011245.1;GCF_000017885.4;GCF_006094295.1;GCF_034478925.1;GCF_034479305.1	1	0				0
start	orthogroup_1386	5	8	GCA_000015785.2;GCA_000025805.1;GCF_000009045.1;GCF_000011245.1;GCF_000017885.4;GCF_006094295.1;GCF_034478925.1;GCF_034479305.1	1	0				0
start	orthogroup_1386	6	8	GCA_000015785.2;GCA_000025805.1;GCF_000009045.1;GCF_000011245.1;GCF_000017885.4;GCF_006094295.1;GCF_034478925.1;GCF_034479305.1	1	1	GCF_000017885.4	-8.0		0
start	orthogroup_1386	7	8	GCA_000015785.2;GCA_000025805.1;GCF_000009045.1;GCF_000011245.1;GCF_000017885.4;GCF_006094295.1;GCF_034478925.1;GCF_034479305.1	1	5	GCA_000015785.2;GCA_000025805.1;GCF_000009045.1;GCF_000011245.1;GCF_000017885.4	230.0	4276.7	1
start	orthogroup_1398	1	8	GCA_000015785.2;GCA_000025805.1;GCF_000009045.1;GCF_000009785.1;GCF_005671335.1;GCF_006094295.1;GCF_034478925.1;GCF_034479305.1	1	1	GCA_000015785.2	-4.0		0
start	orthogroup_1398	2	8	GCA_000015785.2;GCA_000025805.1;GCF_000009045.1;GCF_000009785.1;GCF_005671335.1;GCF_006094295.1;GCF_034478925.1;GCF_034479305.1	1	0				0
start	orthogroup_1398	3	8	GCA_000015785.2;GCA_000025805.1;GCF_000009045.1;GCF_000009785.1;GCF_005671335.1;GCF_006094295.1;GCF_034478925.1;GCF_034479305.1	1	0				0
start	orthogroup_1398	4	8	GCA_000015785.2;GCA_000025805.1;GCF_000009045.1;GCF_000009785.1;GCF_005671335.1;GCF_006094295.1;GCF_034478925.1;GCF_034479305.1	1	0				0
start	orthogroup_1398	5	8	GCA_000015785.2;GCA_000025805.1;GCF_000009045.1;GCF_000009785.1;GCF_005671335.1;GCF_006094295.1;GCF_034478925.1;GCF_034479305.1	1	0				0
start	orthogroup_1398	6	8	GCA_000015785.2;GCA_000025805.1;GCF_000009045.1;GCF_000009785.1;GCF_005671335.1;GCF_006094295.1;GCF_034478925.1;GCF_034479305.1	1	0				0
start	orthogroup_1398	7	8	GCA_000015785.2;GCA_000025805.1;GCF_000009045.1;GCF_000009785.1;GCF_005671335.1;GCF_006094295.1;GCF_034478925.1;GCF_034479305.1	1	0				0
start	orthogroup_1398	8	8	GCA_000015785.2;GCA_000025805.1;GCF_000009045.1;GCF_000009785.1;GCF_005671335.1;GCF_006094295.1;GCF_034478925.1;GCF_034479305.1	1	0				0
start	orthogroup_1398	9	8	GCA_000015785.2;GCA_000025805.1;GCF_000009045.1;GCF_000009785.1;GCF_005671335.1;GCF_006094295.1;GCF_034478925.1;GCF_034479305.1	1	0				0
start	orthogroup_1398	10	8	GCA_000015785.2;GCA_000025805.1;GCF_000009045.1;GCF_000009785.1;GCF_005671335.1;GCF_006094295.1;GCF_034478925.1;GCF_034479305.1	1	0				0
start	orthogroup_1398	11	8	GCA_000015785.2;GCA_000025805.1;GCF_000009045.1;GCF_000009785.1;GCF_005671335.1;GCF_006094295.1;GCF_034478925.1;GCF_034479305.1	1	1	GCA_000015785.2	-8.0		0
start	orthogroup_1398	12	8	GCA_000015785.2;GCA_000025805.1;GCF_000009045.1;GCF_000009785.1;GCF_005671335.1;GCF_006094295.1;GCF_034478925.1;GCF_034479305.1	1	0				0
start	orthogroup_1407	2	6	GCA_000025805.1;GCF_000009045.1;GCF_000017885.4;GCF_006094295.1;GCF_034478925.1;GCF_034479305.1	0	0				0
start	orthogroup_1407	3	6	GCA_000025805.1;GCF_000009045.1;GCF_000017885.4;GCF_006094295.1;GCF_034478925.1;GCF_034479305.1	0	0				0
start	orthogroup_1407	4	6	GCA_000025805.1;GCF_000009045.1;GCF_000017885.4;GCF_006094295.1;GCF_034478925.1;GCF_034479305.1	0	0				0
start	orthogroup_1407	5	6	GCA_000025805.1;GCF_000009045.1;GCF_000017885.4;GCF_006094295.1;GCF_034478925.1;GCF_034479305.1	0	0				0
start	orthogroup_1407	6	6	GCA_000025805.1;GCF_000009045.1;GCF_000017885.4;GCF_006094295.1;GCF_034478925.1;GCF_034479305.1	0	0				0
start	orthogroup_1407	7	6	GCA_000025805.1;GCF_000009045.1;GCF_000017885.4;GCF_006094295.1;GCF_034478925.1;GCF_034479305.1	0	0				0
start	orthogroup_1407	8	6	GCA_000025805.1;GCF_000009045.1;GCF_000017885.4;GCF_006094295.1;GCF_034478925.1;GCF_034479305.1	0	0				0
start	orthogroup_1407	9	6	GCA_000025805.1;GCF_000009045.1;GCF_000017885.4;GCF_006094295.1;GCF_034478925.1;GCF_034479305.1	0	0				0
start	orthogroup_1411	1	4	GCA_000015785.2;GCA_000025805.1;GCF_000009045.1;GCF_000017885.4	0	0				0
start	orthogroup_1411	2	4	GCA_000015785.2;GCA_000025805.1;GCF_000009045.1;GCF_000017885.4	0	0				0
start	orthogroup_1411	3	4	GCA_000015785.2;GCA_000025805.1;GCF_000009045.1;GCF_000017885.4	0	1	GCF_000009045.1	-8.0		0
start	orthogroup_1411	4	4	GCA_000015785.2;GCA_000025805.1;GCF_000009045.1;GCF_000017885.4	0	0				0
start	orthogroup_1411	5	4	GCA_000015785.2;GCA_000025805.1;GCF_000009045.1;GCF_000017885.4	0	0				0
start	orthogroup_1411	6	4	GCA_000015785.2;GCA_000025805.1;GCF_000009045.1;GCF_000017885.4	0	0				0
start	orthogroup_1411	7	4	GCA_000015785.2;GCA_000025805.1;GCF_000009045.1;GCF_000017885.4	0	1	GCA_000025805.1	-23.0		0
start	orthogroup_1411	9	4	GCA_000015785.2;GCA_000025805.1;GCF_000009045.1;GCF_000017885.4	0	0				0
start	orthogroup_1411	10	4	GCA_000015785.2;GCA_000025805.1;GCF_000009045.1;GCF_000017885.4	0	0				0
start	orthogroup_1412	1	8	GCA_000015785.2;GCA_000025805.1;GCF_000009045.1;GCF_000009785.1;GCF_000011245.1;GCF_000017885.4;GCF_006094295.1;GCF_034479305.1	1	0				0
start	orthogroup_1412	2	8	GCA_000015785.2;GCA_000025805.1;GCF_000009045.1;GCF_000009785.1;GCF_000011245.1;GCF_000017885.4;GCF_006094295.1;GCF_034479305.1	1	0				0
start	orthogroup_1412	3	8	GCA_000015785.2;GCA_000025805.1;GCF_000009045.1;GCF_000009785.1;GCF_000011245.1;GCF_000017885.4;GCF_006094295.1;GCF_034479305.1	1	0				0
start	orthogroup_1412	4	8	GCA_000015785.2;GCA_000025805.1;GCF_000009045.1;GCF_000009785.1;GCF_000011245.1;GCF_000017885.4;GCF_006094295.1;GCF_034479305.1	1	0				0
start	orthogroup_1412	5	8	GCA_000015785.2;GCA_000025805.1;GCF_000009045.1;GCF_000009785.1;GCF_000011245.1;GCF_000017885.4;GCF_006094295.1;GCF_034479305.1	1	2	GCF_000011245.1;GCF_000017885.4	12.5	180.5	0
start	orthogroup_1412	6	8	GCA_000015785.2;GCA_000025805.1;GCF_000009045.1;GCF_000009785.1;GCF_000011245.1;GCF_000017885.4;GCF_006094295.1;GCF_034479305.1	1	0				0
start	orthogroup_1412	7	8	GCA_000015785.2;GCA_000025805.1;GCF_000009045.1;GCF_000009785.1;GCF_000011245.1;GCF_000017885.4;GCF_006094295.1;GCF_034479305.1	1	0				0
start	orthogroup_1412	8	8	GCA_000015785.2;GCA_000025805.1;GCF_000009045.1;GCF_000009785.1;GCF_000011245.1;GCF_000017885.4;GCF_006094295.1;GCF_034479305.1	1	0				0
start	orthogroup_1412	9	8	GCA_000015785.2;GCA_000025805.1;GCF_000009045.1;GCF_000009785.1;GCF_000011245.1;GCF_000017885.4;GCF_006094295.1;GCF_034479305.1	1	0				0
start	orthogroup_1416	2	5	GCF_000009045.1;GCF_000009785.1;GCF_005671335.1;GCF_006094295.1;GCF_034478925.1	0	0				0
start	orthogroup_1416	3	5	GCF_000009045.1;GCF_000009785.1;GCF_005671335.1;GCF_006094295.1;GCF_034478925.1	0	0				0
start	orthogroup_1416	4	5	GCF_000009045.1;GCF_000009785.1;GCF_005671335.1;GCF_006094295.1;GCF_034478925.1	0	0				0
start	orthogroup_1416	5	5	GCF_000009045.1;GCF_000009785.1;GCF_005671335.1;GCF_006094295.1;GCF_034478925.1	0	0				0
start	orthogroup_1416	6	5	GCF_000009045.1;GCF_000009785.1;GCF_005671335.1;GCF_006094295.1;GCF_034478925.1	0	0				0
start	orthogroup_1416	7	5	GCF_000009045.1;GCF_000009785.1;GCF_005671335.1;GCF_006094295.1;GCF_034478925.1	0	0				0
start	orthogroup_1416	8	5	GCF_000009045.1;GCF_000009785.1;GCF_005671335.1;GCF_006094295.1;GCF_034478925.1	0	0				0
start	orthogroup_1416	9	5	GCF_000009045.1;GCF_000009785.1;GCF_005671335.1;GCF_006094295.1;GCF_034478925.1	0	0				0
start	orthogroup_1420	1	8	GCA_000015785.2;GCA_000025805.1;GCF_000009045.1;GCF_000009785.1;GCF_000017885.4;GCF_005671335.1;GCF_034478925.1;GCF_034479305.1	1	0				0
start	orthogroup_1420	2	8	GCA_000015785.2;GCA_000025805.1;GCF_000009045.1;GCF_000009785.1;GCF_000017885.4;GCF_005671335.1;GCF_034478925.1;GCF_034479305.1	1	0				0
start	orthogroup_1420	3	8	GCA_000015785.2;GCA_000025805.1;GCF_000009045.1;GCF_000009785.1;GCF_000017885.4;GCF_005671335.1;GCF_034478925.1;GCF_034479305.1	1	0				0
start	orthogroup_1420	4	8	GCA_000015785.2;GCA_000025805.1;GCF_000009045.1;GCF_000009785.1;GCF_000017885.4;GCF_005671335.1;GCF_034478925.1;GCF_034479305.1	1	0				0
start	orthogroup_1420	5	8	GCA_000015785.2;GCA_000025805.1;GCF_000009045.1;GCF_000009785.1;GCF_000017885.4;GCF_005671335.1;GCF_034478925.1;GCF_034479305.1	1	1	GCA_000025805.1	-2.0		0
start	orthogroup_1420	6	8	GCA_000015785.2;GCA_000025805.1;GCF_000009045.1;GCF_000009785.1;GCF_000017885.4;GCF_005671335.1;GCF_034478925.1;GCF_034479305.1	1	0				0
start	orthogroup_1420	7	8	GCA_000015785.2;GCA_000025805.1;GCF_000009045.1;GCF_000009785.1;GCF_000017885.4;GCF_005671335.1;GCF_034478925.1;GCF_034479305.1	1	0				0
start	orthogroup_1420	8	8	GCA_000015785.2;GCA_000025805.1;GCF_000009045.1;GCF_000009785.1;GCF_000017885.4;GCF_005671335.1;GCF_034478925.1;GCF_034479305.1	1	0				0
start	orthogroup_1420	9	8	GCA_000015785.2;GCA_000025805.1;GCF_000009045.1;GCF_000009785.1;GCF_000017885.4;GCF_005671335.1;GCF_034478925.1;GCF_034479305.1	1	2	GCF_000017885.4;GCF_005671335.1	-5.5	4.5	0
start	orthogroup_1420	10	8	GCA_000015785.2;GCA_000025805.1;GCF_000009045.1;GCF_000009785.1;GCF_000017885.4;GCF_005671335.1;GCF_034478925.1;GCF_034479305.1	1	1	GCA_000025805.1	16.0		0
start	orthogroup_1423	1	8	GCA_000015785.2;GCA_000025805.1;GCF_000009045.1;GCF_000009785.1;GCF_000011245.1;GCF_005671335.1;GCF_034478925.1;GCF_034479305.1	1	0				0
start	orthogroup_1423	2	8	GCA_000015785.2;GCA_000025805.1;GCF_000009045.1;GCF_000009785.1;GCF_000011245.1;GCF_005671335.1;GCF_034478925.1;GCF_034479305.1	1	0				0
start	orthogroup_1423	3	8	GCA_000015785.2;GCA_000025805.1;GCF_000009045.1;GCF_000009785.1;GCF_000011245.1;GCF_005671335.1;GCF_034478925.1;GCF_034479305.1	1	2	GCF_005671335.1;GCF_034479305.1	-8.0	162.0	0
start	orthogroup_1423	4	8	GCA_000015785.2;GCA_000025805.1;GCF_000009045.1;GCF_000009785.1;GCF_000011245.1;GCF_005671335.1;GCF_034478925.1;GCF_034479305.1	1	1	GCF_034478925.1	18.0		0
start	orthogroup_1423	5	8	GCA_000015785.2;GCA_000025805.1;GCF_000009045.1;GCF_000009785.1;GCF_000011245.1;GCF_005671335.1;GCF_034478925.1;GCF_034479305.1	1	0				0
start	orthogroup_1424	1	8	GCA_000015785.2;GCA_000025805.1;GCF_000009045.1;GCF_000009785.1;GCF_000017885.4;GCF_005671335.1;GCF_006094295.1;GCF_034478925.1	1	0				0
start	orthogroup_1424	2	8	GCA_000015785.2;GCA_000025805.1;GCF_000009045.1;GCF_000009785.1;GCF_000017885.4;GCF_005671335.1;GCF_006094295.1;GCF_034478925.1	1	0				0
start	orthogroup_1424	3	8	GCA_000015785.2;GCA_000025805.1;GCF_000009045.1;GCF_000009785.1;GCF_000017885.4;GCF_005671335.1;GCF_006094295.1;GCF_034478925.1	1	1	GCF_005671335.1	14.0		0
start	orthogroup_1424	4	8	GCA_000015785.2;GCA_000025805.1;GCF_000009045.1;GCF_000009785.1;GCF_000017885.4;GCF_005671335.1;GCF_006094295.1;GCF_034478925.1	1	1	GCF_000017885.4	-8.0		0
start	orthogroup_1424	5	8	GCA_000015785.2;GCA_000025805.1;GCF_000009045.1;GCF_000009785.1;GCF_000017885.4;GCF_005671335.1;GCF_006094295.1;GCF_034478925.1	1	0				0
start	orthogroup_1424	6	8	GCA_000015785.2;GCA_000025805.1;GCF_000009045.1;GCF_000009785.1;GCF_000017885.4;GCF_005671335.1;GCF_006094295.1;GCF_034478925.1	1	0				0
start	orthogroup_1424	7	8	GCA_000015785.2;GCA_000025805.1;GCF_000009045.1;GCF_000009785.1;GCF_000017885.4;GCF_005671335.1;GCF_006094295.1;GCF_034478925.1	1	1	GCF_000017885.4	16.0		0
start	orthogroup_1427	1	8	GCA_000015785.2;GCF_000009045.1;GCF_000011245.1;GCF_000017885.4;GCF_005671335.1;GCF_006094295.1;GCF_034478925.1;GCF_034479305.1	1	0				0
start	orthogroup_1427	2	8	GCA_000015785.2;GCF_000009045.1;GCF_000011245.1;GCF_000017885.4;GCF_005671335.1;GCF_006094295.1;GCF_034478925.1;GCF_034479305.1	1	0				0
start	orthogroup_1427	3	8	GCA_000015785.2;GCF_000009045.1;GCF_000011245.1;GCF_000017885.4;GCF_005671335.1;GCF_006094295.1;GCF_034478925.1;GCF_034479305.1	1	0				0
start	orthogroup_1427	4	8	GCA_000015785.2;GCF_000009045.1;GCF_000011245.1;GCF_000017885.4;GCF_005671335.1;GCF_006094295.1;GCF_034478925.1;GCF_034479305.1	1	2	GCF_000011245.1;GCF_000017885.4	215.25	75078.125	0
start	orthogroup_1428	1	4	GCF_000009045.1;GCF_000009785.1;GCF_005671335.1;GCF_034478925.1	0	0				0
start	orthogroup_1428	4	4	GCF_000009045.1;GCF_000009785.1;GCF_005671335.1;GCF_034478925.1	0	0				0
start	orthogroup_1428	5	4	GCF_000009045.1;GCF_000009785.1;GCF_005671335.1;GCF_034478925.1	0	0				0
start	orthogroup_1428	7	4	GCF_000009045.1;GCF_000009785.1;GCF_005671335.1;GCF_034478925.1	0	0				0
start	orthogroup_1428	8	4	GCF_000009045.1;GCF_000009785.1;GCF_005671335.1;GCF_034478925.1	0	0				0
start	orthogroup_1433	1	8	GCA_000015785.2;GCF_000009045.1;GCF_000011245.1;GCF_000017885.4;GCF_005671335.1;GCF_006094295.1;GCF_034478925.1;GCF_034479305.1	1	1	GCF_000017885.4	-7.0		0
start	orthogroup_1433	2	8	GCA_000015785.2;GCF_000009045.1;GCF_000011245.1;GCF_000017885.4;GCF_005671335.1;GCF_006094295.1;GCF_034478925.1;GCF_034479305.1	1	0				0
start	orthogroup_1433	3	8	GCA_000015785.2;GCF_000009045.1;GCF_000011245.1;GCF_000017885.4;GCF_005671335.1;GCF_006094295.1;GCF_034478925.1;GCF_034479305.1	1	1	GCF_000009045.1	-16.0		0
start	orthogroup_1433	4	8	GCA_000015785.2;GCF_000009045.1;GCF_000011245.1;GCF_000017885.4;GCF_005671335.1;GCF_006094295.1;GCF_034478925.1;GCF_034479305.1	1	0				0
start	orthogroup_1433	5	8	GCA_000015785.2;GCF_000009045.1;GCF_000011245.1;GCF_000017885.4;GCF_005671335.1;GCF_006094295.1;GCF_034478925.1;GCF_034479305.1	1	1	GCF_005671335.1	17.0		0
start	orthogroup_1433	6	8	GCA_000015785.2;GCF_000009045.1;GCF_000011245.1;GCF_000017885.4;GCF_005671335.1;GCF_006094295.1;GCF_034478925.1;GCF_034479305.1	1	2	GCF_000011245.1;GCF_006094295.1	270.5	144.5	0
start	orthogroup_1434	1	8	GCA_000015785.2;GCA_000025805.1;GCF_000009045.1;GCF_000009785.1;GCF_005671335.1;GCF_006094295.1;GCF_034478925.1;GCF_034479305.1	1	0				0
start	orthogroup_1434	2	8	GCA_000015785.2;GCA_000025805.1;GCF_000009045.1;GCF_000009785.1;GCF_005671335.1;GCF_006094295.1;GCF_034478925.1;GCF_034479305.1	1	1	GCF_005671335.1	-4.0		0
start	orthogroup_1434	3	8	GCA_000015785.2;GCA_000025805.1;GCF_000009045.1;GCF_000009785.1;GCF_005671335.1;GCF_006094295.1;GCF_034478925.1;GCF_034479305.1	1	0				0
start	orthogroup_1434	4	8	GCA_000015785.2;GCA_000025805.1;GCF_000009045.1;GCF_000009785.1;GCF_005671335.1;GCF_006094295.1;GCF_034478925.1;GCF_034479305.1	1	0				0
start	orthogroup_1434	5	8	GCA_000015785.2;GCA_000025805.1;GCF_000009045.1;GCF_000009785.1;GCF_005671335.1;GCF_006094295.1;GCF_034478925.1;GCF_034479305.1	1	0				0
start	orthogroup_1434	6	8	GCA_000015785.2;GCA_000025805.1;GCF_000009045.1;GCF_000009785.1;GCF_005671335.1;GCF_006094295.1;GCF_034478925.1;GCF_034479305.1	1	0				0
start	orthogroup_1434	7	8	GCA_000015785.2;GCA_000025805.1;GCF_000009045.1;GCF_000009785.1;GCF_005671335.1;GCF_006094295.1;GCF_034478925.1;GCF_034479305.1	1	0				0
start	orthogroup_1434	8	8	GCA_000015785.2;GCA_000025805.1;GCF_000009045.1;GCF_000009785.1;GCF_005671335.1;GCF_006094295.1;GCF_034478925.1;GCF_034479305.1	1	0				0
start	orthogroup_1434	9	8	GCA_000015785.2;GCA_000025805.1;GCF_000009045.1;GCF_000009785.1;GCF_005671335.1;GCF_006094295.1;GCF_034478925.1;GCF_034479305.1	1	1	GCA_000025805.1	2.0		0
start	orthogroup_1434	10	8	GCA_000015785.2;GCA_000025805.1;GCF_000009045.1;GCF_000009785.1;GCF_005671335.1;GCF_006094295.1;GCF_034478925.1;GCF_034479305.1	1	2	GCA_000025805.1;GCF_000009045.1	-3.75	15.125	0
start	orthogroup_1434	11	8	GCA_000015785.2;GCA_000025805.1;GCF_000009045.1;GCF_000009785.1;GCF_005671335.1;GCF_006094295.1;GCF_034478925.1;GCF_034479305.1	1	0				0
start	orthogroup_1434	12	8	GCA_000015785.2;GCA_000025805.1;GCF_000009045.1;GCF_000009785.1;GCF_005671335.1;GCF_006094295.1;GCF_034478925.1;GCF_034479305.1	1	1	GCF_000009785.1	-5.0		0
start	orthogroup_1441	1	8	GCA_000015785.2;GCA_000025805.1;GCF_000009045.1;GCF_000011245.1;GCF_000017885.4;GCF_005671335.1;GCF_006094295.1;GCF_034478925.1	1	1	GCF_000011245.1	-0.5		0
start	orthogroup_1441	2	8	GCA_000015785.2;GCA_000025805.1;GCF_000009045.1;GCF_000011245.1;GCF_000017885.4;GCF_005671335.1;GCF_006094295.1;GCF_034478925.1	1	3	GCA_000015785.2;GCF_005671335.1;GCF_006094295.1	-11.0	271.0	1
start	orthogroup_1441	3	8	GCA_000015785.2;GCA_000025805.1;GCF_000009045.1;GCF_000011245.1;GCF_000017885.4;GCF_005671335.1;GCF_006094295.1;GCF_034478925.1	1	0				0
start	orthogroup_1441	4	8	GCA_000015785.2;GCA_000025805.1;GCF_000009045.1;GCF_000011245.1;GCF_000017885.4;GCF_005671335.1;GCF_006094295.1;GCF_034478925.1	1	0				0
start	orthogroup_1441	5	8	GCA_000015785.2;GCA_000025805.1;GCF_000009045.1;GCF_000011245.1;GCF_000017885.4;GCF_005671335.1;GCF_006094295.1;GCF_034478925.1	1	0				0
start	orthogroup_1441	6	8	GCA_000015785.2;GCA_000025805.1;GCF_000009045.1;GCF_000011245.1;GCF_000017885.4;GCF_005671335.1;GCF_006094295.1;GCF_034478925.1	1	4	GCA_000025805.1;GCF_000017885.4;GCF_005671335.1;GCF_034478925.1	125.0	11150.916666666666	1
start	orthogroup_1442	1	8	GCA_000015785.2;GCA_000025805.1;GCF_000009045.1;GCF_000011245.1;GCF_000017885.4;GCF_005671335.1;GCF_006094295.1;GCF_034478925.1	1	1	GCF_005671335.1	5.0		0
start	orthogroup_1442	2	8	GCA_000015785.2;GCA_000025805.1;GCF_000009045.1;GCF_000011245.1;GCF_000017885.4;GCF_005671335.1;GCF_006094295.1;GCF_034478925.1	1	0				0
start	orthogroup_1442	3	8	GCA_000015785.2;GCA_000025805.1;GCF_000009045.1;GCF_000011245.1;GCF_000017885.4;GCF_005671335.1;GCF_006094295.1;GCF_034478925.1	1	1	GCA_000025805.1	-4.0		0
start	orthogroup_1442	4	8	GCA_000015785.2;GCA_000025805.1;GCF_000009045.1;GCF_000011245.1;GCF_000017885.4;GCF_005671335.1;GCF_006094295.1;GCF_034478925.1	1	0				0
start	orthogroup_1442	5	8	GCA_000015785.2;GCA_000025805.1;GCF_000009045.1;GCF_000011245.1;GCF_000017885.4;GCF_005671335.1;GCF_006094295.1;GCF_034478925.1	1	0				0
start	orthogroup_1442	6	8	GCA_000015785.2;GCA_000025805.1;GCF_000009045.1;GCF_000011245.1;GCF_000017885.4;GCF_005671335.1;GCF_006094295.1;GCF_034478925.1	1	5	GCA_000015785.2;GCA_000025805.1;GCF_000017885.4;GCF_005671335.1;GCF_034478925.1	218.0	14910.625	1
start	orthogroup_1444	1	8	GCA_000015785.2;GCF_000009045.1;GCF_000011245.1;GCF_000017885.4;GCF_005671335.1;GCF_006094295.1;GCF_034478925.1;GCF_034479305.1	1	2	GCF_000017885.4;GCF_006094295.1	-3.0	450.0	0
start	orthogroup_1444	2	8	GCA_000015785.2;GCF_000009045.1;GCF_000011245.1;GCF_000017885.4;GCF_005671335.1;GCF_006094295.1;GCF_034478925.1;GCF_034479305.1	1	0				0
start	orthogroup_1444	3	8	GCA_000015785.2;GCF_000009045.1;GCF_000011245.1;GCF_000017885.4;GCF_005671335.1;GCF_006094295.1;GCF_034478925.1;GCF_034479305.1	1	2	GCF_000009045.1;GCF_000017885.4	3.0	18.0	0
start	orthogroup_1444	4	8	GCA_000015785.2;GCF_000009045.1;GCF_000011245.1;GCF_000017885.4;GCF_005671335.1;GCF_006094295.1;GCF_034478925.1;GCF_034479305.1	1	0				0
start	orthogroup_1444	5	8	GCA_000015785.2;GCF_000009045.1;GCF_000011245.1;GCF_000017885.4;GCF_005671335.1;GCF_006094295.1;GCF_034478925.1;GCF_034479305.1	1	0				0
start	orthogroup_1444	6	8	GCA_000015785.2;GCF_000009045.1;GCF_000011245.1;GCF_000017885.4;GCF_005671335.1;GCF_006094295.1;GCF_034478925.1;GCF_034479305.1	1	2	GCA_000015785.2;GCF_000009045.1	15.5	312.5	0
start	orthogroup_1444	7	8	GCA_000015785.2;GCF_000009045.1;GCF_000011245.1;GCF_000017885.4;GCF_005671335.1;GCF_006094295.1;GCF_034478925.1;GCF_034479305.1	1	1	GCF_000009045.1	-3.0		0
start	orthogroup_1444	8	8	GCA_000015785.2;GCF_000009045.1;GCF_000011245.1;GCF_000017885.4;GCF_005671335.1;GCF_006094295.1;GCF_034478925.1;GCF_034479305.1	1	1	GCF_005671335.1	-3.0		0
start	orthogroup_1444	9	8	GCA_000015785.2;GCF_000009045.1;GCF_000011245.1;GCF_000017885.4;GCF_005671335.1;GCF_006094295.1;GCF_034478925.1;GCF_034479305.1	1	0				0
start	orthogroup_1444	10	8	GCA_000015785.2;GCF_000009045.1;GCF_000011245.1;GCF_000017885.4;GCF_005671335.1;GCF_006094295.1;GCF_034478925.1;GCF_034479305.1	1	0				0
start	orthogroup_1444	11	8	GCA_000015785.2;GCF_000009045.1;GCF_000011245.1;GCF_000017885.4;GCF_005671335.1;GCF_006094295.1;GCF_034478925.1;GCF_034479305.1	1	0				0
start	orthogroup_1444	12	8	GCA_000015785.2;GCF_000009045.1;GCF_000011245.1;GCF_000017885.4;GCF_005671335.1;GCF_006094295.1;GCF_034478925.1;GCF_034479305.1	1	1	GCA_000015785.2	20.0		0
start	orthogroup_1446	1	8	GCA_000015785.2;GCA_000025805.1;GCF_000009045.1;GCF_000011245.1;GCF_000017885.4;GCF_005671335.1;GCF_034478925.1;GCF_034479305.1	1	0				0
start	orthogroup_1446	2	8	GCA_000015785.2;GCA_000025805.1;GCF_000009045.1;GCF_000011245.1;GCF_000017885.4;GCF_005671335.1;GCF_034478925.1;GCF_034479305.1	1	0				0
start	orthogroup_1446	3	8	GCA_000015785.2;GCA_000025805.1;GCF_000009045.1;GCF_000011245.1;GCF_000017885.4;GCF_005671335.1;GCF_034478925.1;GCF_034479305.1	1	0				0
start	orthogroup_1446	4	8	GCA_000015785.2;GCA_000025805.1;GCF_000009045.1;GCF_000011245.1;GCF_000017885.4;GCF_005671335.1;GCF_034478925.1;GCF_034479305.1	1	0				0
start	orthogroup_1446	5	8	GCA_000015785.2;GCA_000025805.1;GCF_000009045.1;GCF_000011245.1;GCF_000017885.4;GCF_005671335.1;GCF_034478925.1;GCF_034479305.1	1	0				0
start	orthogroup_1446	6	8	GCA_000015785.2;GCA_000025805.1;GCF_000009045.1;GCF_000011245.1;GCF_000017885.4;GCF_005671335.1;GCF_034478925.1;GCF_034479305.1	1	0				0
start	orthogroup_1446	7	8	GCA_000015785.2;GCA_000025805.1;GCF_000009045.1;GCF_000011245.1;GCF_000017885.4;GCF_005671335.1;GCF_034478925.1;GCF_034479305.1	1	0				0
start	orthogroup_1446	8	8	GCA_000015785.2;GCA_000025805.1;GCF_000009045.1;GCF_000011245.1;GCF_000017885.4;GCF_005671335.1;GCF_034478925.1;GCF_034479305.1	1	0				0
start	orthogroup_1446	9	8	GCA_000015785.2;GCA_000025805.1;GCF_000009045.1;GCF_000011245.1;GCF_000017885.4;GCF_005671335.1;GCF_034478925.1;GCF_034479305.1	1	0				0
start	orthogroup_1446	10	8	GCA_000015785.2;GCA_000025805.1;GCF_000009045.1;GCF_000011245.1;GCF_000017885.4;GCF_005671335.1;GCF_034478925.1;GCF_034479305.1	1	0				0
start	orthogroup_1450	1	8	GCA_000025805.1;GCF_000009045.1;GCF_000009785.1;GCF_000017885.4;GCF_005671335.1;GCF_006094295.1;GCF_034478925.1;GCF_034479305.1	1	2	GCF_000009045.1;GCF_034479305.1	-1.0	18.0	0
start	orthogroup_1450	2	8	GCA_000025805.1;GCF_000009045.1;GCF_000009785.1;GCF_000017885.4;GCF_005671335.1;GCF_006094295.1;GCF_034478925.1;GCF_034479305.1	1	1	GCF_000009785.1	-2.0		0
start	orthogroup_1450	3	8	GCA_000025805.1;GCF_000009045.1;GCF_000009785.1;GCF_000017885.4;GCF_005671335.1;GCF_006094295.1;GCF_034478925.1;GCF_034479305.1	1	0				0
start	orthogroup_1450	4	8	GCA_000025805.1;GCF_000009045.1;GCF_000009785.1;GCF_000017885.4;GCF_005671335.1;GCF_006094295.1;GCF_034478925.1;GCF_034479305.1	1	0				0
start	orthogroup_1450	5	8	GCA_000025805.1;GCF_000009045.1;GCF_000009785.1;GCF_000017885.4;GCF_005671335.1;GCF_006094295.1;GCF_034478925.1;GCF_034479305.1	1	0				0
start	orthogroup_1450	6	8	GCA_000025805.1;GCF_000009045.1;GCF_000009785.1;GCF_000017885.4;GCF_005671335.1;GCF_006094295.1;GCF_034478925.1;GCF_034479305.1	1	1	GCF_000009045.1	17.0		0
start	orthogroup_1450	7	8	GCA_000025805.1;GCF_000009045.1;GCF_000009785.1;GCF_000017885.4;GCF_005671335.1;GCF_006094295.1;GCF_034478925.1;GCF_034479305.1	1	0				0
start	orthogroup_1450	8	8	GCA_000025805.1;GCF_000009045.1;GCF_000009785.1;GCF_000017885.4;GCF_005671335.1;GCF_006094295.1;GCF_034478925.1;GCF_034479305.1	1	1	GCF_000009785.1	-5.0		0
start	orthogroup_1450	9	8	GCA_000025805.1;GCF_000009045.1;GCF_000009785.1;GCF_000017885.4;GCF_005671335.1;GCF_006094295.1;GCF_034478925.1;GCF_034479305.1	1	1	GCF_000017885.4	-5.5		0
start	orthogroup_1450	10	8	GCA_000025805.1;GCF_000009045.1;GCF_000009785.1;GCF_000017885.4;GCF_005671335.1;GCF_006094295.1;GCF_034478925.1;GCF_034479305.1	1	1	GCF_000009785.1	19.0		0
start	orthogroup_1451	1	8	GCA_000025805.1;GCF_000009045.1;GCF_000009785.1;GCF_000011245.1;GCF_000017885.4;GCF_006094295.1;GCF_034478925.1;GCF_034479305.1	1	0				0
start	orthogroup_1451	2	8	GCA_000025805.1;GCF_000009045.1;GCF_000009785.1;GCF_000011245.1;GCF_000017885.4;GCF_006094295.1;GCF_034478925.1;GCF_034479305.1	1	0				0
start	orthogroup_1451	3	8	GCA_000025805.1;GCF_000009045.1;GCF_000009785.1;GCF_000011245.1;GCF_000017885.4;GCF_006094295.1;GCF_034478925.1;GCF_034479305.1	1	0				0
start	orthogroup_1451	4	8	GCA_000025805.1;GCF_000009045.1;GCF_000009785.1;GCF_000011245.1;GCF_000017885.4;GCF_006094295.1;GCF_034478925.1;GCF_034479305.1	1	0				0
start	orthogroup_1451	5	8	GCA_000025805.1;GCF_000009045.1;GCF_000009785.1;GCF_000011245.1;GCF_000017885.4;GCF_006094295.1;GCF_034478925.1;GCF_034479305.1	1	0				0
start	orthogroup_1451	6	8	GCA_000025805.1;GCF_000009045.1;GCF_000009785.1;GCF_000011245.1;GCF_000017885.4;GCF_006094295.1;GCF_034478925.1;GCF_034479305.1	1	0				0
start	orthogroup_1451	7	8	GCA_000025805.1;GCF_000009045.1;GCF_000009785.1;GCF_000011245.1;GCF_000017885.4;GCF_006094295.1;GCF_034478925.1;GCF_034479305.1	1	0				0
start	orthogroup_1451	8	8	GCA_000025805.1;GCF_000009045.1;GCF_000009785.1;GCF_000011245.1;GCF_000017885.4;GCF_006094295.1;GCF_034478925.1;GCF_034479305.1	1	0				0
start	orthogroup_1451	9	8	GCA_000025805.1;GCF_000009045.1;GCF_000009785.1;GCF_000011245.1;GCF_000017885.4;GCF_006094295.1;GCF_034478925.1;GCF_034479305.1	1	0				0
start	orthogroup_1451	10	8	GCA_000025805.1;GCF_000009045.1;GCF_000009785.1;GCF_000011245.1;GCF_000017885.4;GCF_006094295.1;GCF_034478925.1;GCF_034479305.1	1	0				0
start	orthogroup_1451	11	8	GCA_000025805.1;GCF_000009045.1;GCF_000009785.1;GCF_000011245.1;GCF_000017885.4;GCF_006094295.1;GCF_034478925.1;GCF_034479305.1	1	0				0
start	orthogroup_1451	12	8	GCA_000025805.1;GCF_000009045.1;GCF_000009785.1;GCF_000011245.1;GCF_000017885.4;GCF_006094295.1;GCF_034478925.1;GCF_034479305.1	1	1	GCF_000011245.1	-10.0		0
start	orthogroup_1451	13	8	GCA_000025805.1;GCF_000009045.1;GCF_000009785.1;GCF_000011245.1;GCF_000017885.4;GCF_006094295.1;GCF_034478925.1;GCF_034479305.1	1	0				0
start	orthogroup_1455	1	7	GCA_000025805.1;GCF_000009045.1;GCF_000009785.1;GCF_000017885.4;GCF_005671335.1;GCF_034478925.1;GCF_034479305.1	0	0				0
start	orthogroup_1455	2	7	GCA_000025805.1;GCF_000009045.1;GCF_000009785.1;GCF_000017885.4;GCF_005671335.1;GCF_034478925.1;GCF_034479305.1	0	0				0
start	orthogroup_1455	3	7	GCA_000025805.1;GCF_000009045.1;GCF_000009785.1;GCF_000017885.4;GCF_005671335.1;GCF_034478925.1;GCF_034479305.1	0	1	GCA_000025805.1	-5.0		0
start	orthogroup_1455	4	7	GCA_000025805.1;GCF_000009045.1;GCF_000009785.1;GCF_000017885.4;GCF_005671335.1;GCF_034478925.1;GCF_034479305.1	0	0				0
start	orthogroup_1455	5	7	GCA_000025805.1;GCF_000009045.1;GCF_000009785.1;GCF_000017885.4;GCF_005671335.1;GCF_034478925.1;GCF_034479305.1	0	0				0
start	orthogroup_1455	6	7	GCA_000025805.1;GCF_000009045.1;GCF_000009785.1;GCF_000017885.4;GCF_005671335.1;GCF_034478925.1;GCF_034479305.1	0	0				0
start	orthogroup_151	1	10	GCA_000015785.2;GCA_000025805.1;GCF_000009045.1;GCF_000009785.1;GCF_000011245.1;GCF_000017885.4;GCF_005671335.1;GCF_006094295.1;GCF_034478925.1;GCF_034479305.1	1	2	GCA_000025805.1;GCF_034479305.1	7.0	18.0	0
start	orthogroup_151	2	10	GCA_000015785.2;GCA_000025805.1;GCF_000009045.1;GCF_000009785.1;GCF_000011245.1;GCF_000017885.4;GCF_005671335.1;GCF_006094295.1;GCF_034478925.1;GCF_034479305.1	1	1	GCA_000025805.1	18.0		0
start	orthogroup_151	3	10	GCA_000015785.2;GCA_000025805.1;GCF_000009045.1;GCF_000009785.1;GCF_000011245.1;GCF_000017885.4;GCF_005671335.1;GCF_006094295.1;GCF_034478925.1;GCF_034479305.1	1	0				0
start	orthogroup_151	4	10	GCA_000015785.2;GCA_000025805.1;GCF_000009045.1;GCF_000009785.1;GCF_000011245.1;GCF_000017885.4;GCF_005671335.1;GCF_006094295.1;GCF_034478925.1;GCF_034479305.1	1	0				0
start	orthogroup_151	5	10	GCA_000015785.2;GCA_000025805.1;GCF_000009045.1;GCF_000009785.1;GCF_000011245.1;GCF_000017885.4;GCF_005671335.1;GCF_006094295.1;GCF_034478925.1;GCF_034479305.1	1	0				0
start	orthogroup_151	6	10	GCA_000015785.2;GCA_000025805.1;GCF_000009045.1;GCF_000009785.1;GCF_000011245.1;GCF_000017885.4;GCF_005671335.1;GCF_006094295.1;GCF_034478925.1;GCF_034479305.1	1	1	GCF_005671335.1	-1.5		0
start	orthogroup_151	7	10	GCA_000015785.2;GCA_000025805.1;GCF_000009045.1;GCF_000009785.1;GCF_000011245.1;GCF_000017885.4;GCF_005671335.1;GCF_006094295.1;GCF_034478925.1;GCF_034479305.1	1	1	GCF_034479305.1	33.0		0
start	orthogroup_156	1	10	GCA_000015785.2;GCA_000025805.1;GCF_000009045.1;GCF_000009785.1;GCF_000011245.1;GCF_000017885.4;GCF_005671335.1;GCF_006094295.1;GCF_034478925.1;GCF_034479305.1	1	1	GCF_000009785.1	-3.0		0
start	orthogroup_156	2	10	GCA_000015785.2;GCA_000025805.1;GCF_000009045.1;GCF_000009785.1;GCF_000011245.1;GCF_000017885.4;GCF_005671335.1;GCF_006094295.1;GCF_034478925.1;GCF_034479305.1	1	1	GCF_005671335.1	-12.0		0
start	orthogroup_156	3	10	GCA_000015785.2;GCA_000025805.1;GCF_000009045.1;GCF_000009785.1;GCF_000011245.1;GCF_000017885.4;GCF_005671335.1;GCF_006094295.1;GCF_034478925.1;GCF_034479305.1	1	0				0
start	orthogroup_156	4	10	GCA_000015785.2;GCA_000025805.1;GCF_000009045.1;GCF_000009785.1;GCF_000011245.1;GCF_000017885.4;GCF_005671335.1;GCF_006094295.1;GCF_034478925.1;GCF_034479305.1	1	1	GCF_006094295.1	-14.0		0
start	orthogroup_156	5	10	GCA_000015785.2;GCA_000025805.1;GCF_000009045.1;GCF_000009785.1;GCF_000011245.1;GCF_000017885.4;GCF_005671335.1;GCF_006094295.1;GCF_034478925.1;GCF_034479305.1	1	0				0
start	orthogroup_156	6	10	GCA_000015785.2;GCA_000025805.1;GCF_000009045.1;GCF_000009785.1;GCF_000011245.1;GCF_000017885.4;GCF_005671335.1;GCF_006094295.1;GCF_034478925.1;GCF_034479305.1	1	0				0
start	orthogroup_156	7	10	GCA_000015785.2;GCA_000025805.1;GCF_000009045.1;GCF_000009785.1;GCF_000011245.1;GCF_000017885.4;GCF_005671335.1;GCF_006094295.1;GCF_034478925.1;GCF_034479305.1	1	4	GCF_000009785.1;GCF_000017885.4;GCF_005671335.1;GCF_034479305.1	115.5	1842.0	1
start	orthogroup_156	8	10	GCA_000015785.2;GCA_000025805.1;GCF_000009045.1;GCF_000009785.1;GCF_000011245.1;GCF_000017885.4;GCF_005671335.1;GCF_006094295.1;GCF_034478925.1;GCF_034479305.1	1	5	GCF_000011245.1;GCF_000017885.4;GCF_005671335.1;GCF_034478925.1;GCF_034479305.1	-121.0	11362.5	1
start	orthogroup_158	1	10	GCA_000015785.2;GCA_000025805.1;GCF_000009045.1;GCF_000009785.1;GCF_000011245.1;GCF_000017885.4;GCF_005671335.1;GCF_006094295.1;GCF_034478925.1;GCF_034479305.1	1	0				0
start	orthogroup_158	2	10	GCA_000015785.2;GCA_000025805.1;GCF_000009045.1;GCF_000009785.1;GCF_000011245.1;GCF_000017885.4;GCF_005671335.1;GCF_006094295.1;GCF_034478925.1;GCF_034479305.1	1	0				0
start	orthogroup_158	3	10	GCA_000015785.2;GCA_000025805.1;GCF_000009045.1;GCF_000009785.1;GCF_000011245.1;GCF_000017885.4;GCF_005671335.1;GCF_006094295.1;GCF_034478925.1;GCF_034479305.1	1	1	GCF_005671335.1	-11.0		0
start	orthogroup_158	4	10	GCA_000015785.2;GCA_000025805.1;GCF_000009045.1;GCF_000009785.1;GCF_000011245.1;GCF_000017885.4;GCF_005671335.1;GCF_006094295.1;GCF_034478925.1;GCF_034479305.1	1	0				0
start	orthogroup_158	5	10	GCA_000015785.2;GCA_000025805.1;GCF_000009045.1;GCF_000009785.1;GCF_000011245.1;GCF_000017885.4;GCF_005671335.1;GCF_006094295.1;GCF_034478925.1;GCF_034479305.1	1	1	GCF_000017885.4	-3.0		0
start	orthogroup_158	6	10	GCA_000015785.2;GCA_000025805.1;GCF_000009045.1;GCF_000009785.1;GCF_000011245.1;GCF_000017885.4;GCF_005671335.1;GCF_006094295.1;GCF_034478925.1;GCF_034479305.1	1	0				0
start	orthogroup_158	7	10	GCA_000015785.2;GCA_000025805.1;GCF_000009045.1;GCF_000009785.1;GCF_000011245.1;GCF_000017885.4;GCF_005671335.1;GCF_006094295.1;GCF_034478925.1;GCF_034479305.1	1	0				0
start	orthogroup_158	8	10	GCA_000015785.2;GCA_000025805.1;GCF_000009045.1;GCF_000009785.1;GCF_000011245.1;GCF_000017885.4;GCF_005671335.1;GCF_006094295.1;GCF_034478925.1;GCF_034479305.1	1	1	GCF_000009785.1	-19.0		0
start	orthogroup_158	9	10	GCA_000015785.2;GCA_000025805.1;GCF_000009045.1;GCF_000009785.1;GCF_000011245.1;GCF_000017885.4;GCF_005671335.1;GCF_006094295.1;GCF_034478925.1;GCF_034479305.1	1	0				0
start	orthogroup_158	10	10	GCA_000015785.2;GCA_000025805.1;GCF_000009045.1;GCF_000009785.1;GCF_000011245.1;GCF_000017885.4;GCF_005671335.1;GCF_006094295.1;GCF_034478925.1;GCF_034479305.1	1	0				0
start	orthogroup_158	11	10	GCA_000015785.2;GCA_000025805.1;GCF_000009045.1;GCF_000009785.1;GCF_000011245.1;GCF_000017885.4;GCF_005671335.1;GCF_006094295.1;GCF_034478925.1;GCF_034479305.1	1	0				0
start	orthogroup_158	12	10	GCA_000015785.2;GCA_000025805.1;GCF_000009045.1;GCF_000009785.1;GCF_000011245.1;GCF_000017885.4;GCF_005671335.1;GCF_006094295.1;GCF_034478925.1;GCF_034479305.1	1	0				0
start	orthogroup_158	13	10	GCA_000015785.2;GCA_000025805.1;GCF_000009045.1;GCF_000009785.1;GCF_000011245.1;GCF_000017885.4;GCF_005671335.1;GCF_006094295.1;GCF_034478925.1;GCF_034479305.1	1	0				0
start	orthogroup_158	14	10	GCA_000015785.2;GCA_000025805.1;GCF_000009045.1;GCF_000009785.1;GCF_000011245.1;GCF_000017885.4;GCF_005671335.1;GCF_006094295.1;GCF_034478925.1;GCF_034479305.1	1	0				0
start	orthogroup_158	15	10	GCA_000015785.2;GCA_000025805.1;GCF_000009045.1;GCF_000009785.1;GCF_000011245.1;GCF_000017885.4;GCF_005671335.1;GCF_006094295.1;GCF_034478925.1;GCF_034479305.1	1	1	GCA_000025805.1	9.0		0
start	orthogroup_18	1	10	GCA_000015785.2;GCA_000025805.1;GCF_000009045.1;GCF_000009785.1;GCF_000011245.1;GCF_000017885.4;GCF_005671335.1;GCF_006094295.1;GCF_034478925.1;GCF_034479305.1	1	0				0
start	orthogroup_18	2	10	GCA_000015785.2;GCA_000025805.1;GCF_000009045.1;GCF_000009785.1;GCF_000011245.1;GCF_000017885.4;GCF_005671335.1;GCF_006094295.1;GCF_034478925.1;GCF_034479305.1	1	1	GCF_000011245.1	2.0		0
start	orthogroup_18	3	10	GCA_000015785.2;GCA_000025805.1;GCF_000009045.1;GCF_000009785.1;GCF_000011245.1;GCF_000017885.4;GCF_005671335.1;GCF_006094295.1;GCF_034478925.1;GCF_034479305.1	1	1	GCF_034478925.1	12.0		0
start	orthogroup_190	1	10	GCA_000015785.2;GCA_000025805.1;GCF_000009045.1;GCF_000009785.1;GCF_000011245.1;GCF_000017885.4;GCF_005671335.1;GCF_006094295.1;GCF_034478925.1;GCF_034479305.1	1	0				0
start	orthogroup_190	2	10	GCA_000015785.2;GCA_000025805.1;GCF_000009045.1;GCF_000009785.1;GCF_000011245.1;GCF_000017885.4;GCF_005671335.1;GCF_006094295.1;GCF_034478925.1;GCF_034479305.1	1	0				0
start	orthogroup_190	3	10	GCA_000015785.2;GCA_000025805.1;GCF_000009045.1;GCF_000009785.1;GCF_000011245.1;GCF_000017885.4;GCF_005671335.1;GCF_006094295.1;GCF_034478925.1;GCF_034479305.1	1	2	GCA_000015785.2;GCF_000011245.1	-10.5	60.5	0
start	orthogroup_190	4	10	GCA_000015785.2;GCA_000025805.1;GCF_000009045.1;GCF_000009785.1;GCF_000011245.1;GCF_000017885.4;GCF_005671335.1;GCF_006094295.1;GCF_034478925.1;GCF_034479305.1	1	0				0
start	orthogroup_190	5	10	GCA_000015785.2;GCA_000025805.1;GCF_000009045.1;GCF_000009785.1;GCF_000011245.1;GCF_000017885.4;GCF_005671335.1;GCF_006094295.1;GCF_034478925.1;GCF_034479305.1	1	1	GCF_000017885.4	-8.0		0
start	orthogroup_190	6	10	GCA_000015785.2;GCA_000025805.1;GCF_000009045.1;GCF_000009785.1;GCF_000011245.1;GCF_000017885.4;GCF_005671335.1;GCF_006094295.1;GCF_034478925.1;GCF_034479305.1	1	4	GCA_000015785.2;GCF_000011245.1;GCF_006094295.1;GCF_034479305.1	21.75	3647.75	1
start	orthogroup_203	1	9	GCA_000015785.2;GCA_000025805.1;GCF_000009045.1;GCF_000009785.1;GCF_000011245.1;GCF_000017885.4;GCF_005671335.1;GCF_006094295.1;GCF_034478925.1	1	0				0
start	orthogroup_203	2	9	GCA_000015785.2;GCA_000025805.1;GCF_000009045.1;GCF_000009785.1;GCF_000011245.1;GCF_000017885.4;GCF_005671335.1;GCF_006094295.1;GCF_034478925.1	1	0				0
start	orthogroup_203	3	9	GCA_000015785.2;GCA_000025805.1;GCF_000009045.1;GCF_000009785.1;GCF_000011245.1;GCF_000017885.4;GCF_005671335.1;GCF_006094295.1;GCF_034478925.1	1	0				0
start	orthogroup_203	4	9	GCA_000015785.2;GCA_000025805.1;GCF_000009045.1;GCF_000009785.1;GCF_000011245.1;GCF_000017885.4;GCF_005671335.1;GCF_006094295.1;GCF_034478925.1	1	0				0
start	orthogroup_203	5	9	GCA_000015785.2;GCA_000025805.1;GCF_000009045.1;GCF_000009785.1;GCF_000011245.1;GCF_000017885.4;GCF_005671335.1;GCF_006094295.1;GCF_034478925.1	1	0				0
start	orthogroup_203	6	9	GCA_000015785.2;GCA_000025805.1;GCF_000009045.1;GCF_000009785.1;GCF_000011245.1;GCF_000017885.4;GCF_005671335.1;GCF_006094295.1;GCF_034478925.1	1	0				0
start	orthogroup_203	7	9	GCA_000015785.2;GCA_000025805.1;GCF_000009045.1;GCF_000009785.1;GCF_000011245.1;GCF_000017885.4;GCF_005671335.1;GCF_006094295.1;GCF_034478925.1	1	1	GCF_000009785.1	9.0		0
start	orthogroup_210	1	6	GCA_000025805.1;GCF_000009045.1;GCF_000011245.1;GCF_000017885.4;GCF_006094295.1;GCF_034478925.1	0	0				0
start	orthogroup_210	2	6	GCA_000025805.1;GCF_000009045.1;GCF_000011245.1;GCF_000017885.4;GCF_006094295.1;GCF_034478925.1	0	0				0
start	orthogroup_210	3	6	GCA_000025805.1;GCF_000009045.1;GCF_000011245.1;GCF_000017885.4;GCF_006094295.1;GCF_034478925.1	0	0				0
start	orthogroup_210	4	6	GCA_000025805.1;GCF_000009045.1;GCF_000011245.1;GCF_000017885.4;GCF_006094295.1;GCF_034478925.1	0	0				0
start	orthogroup_210	5	6	GCA_000025805.1;GCF_000009045.1;GCF_000011245.1;GCF_000017885.4;GCF_006094295.1;GCF_034478925.1	0	0				0
start	orthogroup_210	6	6	GCA_000025805.1;GCF_000009045.1;GCF_000011245.1;GCF_000017885.4;GCF_006094295.1;GCF_034478925.1	0	0				0
start	orthogroup_210	9	6	GCA_000025805.1;GCF_000009045.1;GCF_000011245.1;GCF_000017885.4;GCF_006094295.1;GCF_034478925.1	0	1	GCF_006094295.1	6.0		0
start	orthogroup_210	10	6	GCA_000025805.1;GCF_000009045.1;GCF_000011245.1;GCF_000017885.4;GCF_006094295.1;GCF_034478925.1	0	0				0
start	orthogroup_210	11	6	GCA_000025805.1;GCF_000009045.1;GCF_000011245.1;GCF_000017885.4;GCF_006094295.1;GCF_034478925.1	0	0				0
start	orthogroup_210	12	6	GCA_000025805.1;GCF_000009045.1;GCF_000011245.1;GCF_000017885.4;GCF_006094295.1;GCF_034478925.1	0	0				0
start	orthogroup_245	1	6	GCA_000015785.2;GCA_000025805.1;GCF_000009045.1;GCF_000017885.4;GCF_005671335.1;GCF_034478925.1	0	0				0
start	orthogroup_245	2	6	GCA_000015785.2;GCA_000025805.1;GCF_000009045.1;GCF_000017885.4;GCF_005671335.1;GCF_034478925.1	0	0				0
start	orthogroup_245	3	6	GCA_000015785.2;GCA_000025805.1;GCF_000009045.1;GCF_000017885.4;GCF_005671335.1;GCF_034478925.1	0	0				0
start	orthogroup_245	4	6	GCA_000015785.2;GCA_000025805.1;GCF_000009045.1;GCF_000017885.4;GCF_005671335.1;GCF_034478925.1	0	1	GCA_000015785.2	-5.0		0
start	orthogroup_245	8	6	GCA_000015785.2;GCA_000025805.1;GCF_000009045.1;GCF_000017885.4;GCF_005671335.1;GCF_034478925.1	0	0				0
start	orthogroup_245	10	6	GCA_000015785.2;GCA_000025805.1;GCF_000009045.1;GCF_000017885.4;GCF_005671335.1;GCF_034478925.1	0	0				0
start	orthogroup_245	11	6	GCA_000015785.2;GCA_000025805.1;GCF_000009045.1;GCF_000017885.4;GCF_005671335.1;GCF_034478925.1	0	1	GCF_000009045.1	7.0		0
start	orthogroup_255	1	7	GCA_000025805.1;GCF_000009785.1;GCF_000011245.1;GCF_000017885.4;GCF_005671335.1;GCF_034478925.1;GCF_034479305.1	0	4	GCA_000025805.1;GCF_000009785.1;GCF_000017885.4;GCF_034478925.1	-31.5	8021.666666666667	0
start	orthogroup_255	2	7	GCA_000025805.1;GCF_000009785.1;GCF_000011245.1;GCF_000017885.4;GCF_005671335.1;GCF_034478925.1;GCF_034479305.1	0	0				0
start	orthogroup_255	3	7	GCA_000025805.1;GCF_000009785.1;GCF_000011245.1;GCF_000017885.4;GCF_005671335.1;GCF_034478925.1;GCF_034479305.1	0	0				0
start	orthogroup_255	4	7	GCA_000025805.1;GCF_000009785.1;GCF_000011245.1;GCF_000017885.4;GCF_005671335.1;GCF_034478925.1;GCF_034479305.1	0	0				0
start	orthogroup_255	8	7	GCA_000025805.1;GCF_000009785.1;GCF_000011245.1;GCF_000017885.4;GCF_005671335.1;GCF_034478925.1;GCF_034479305.1	0	0				0
start	orthogroup_255	10	7	GCA_000025805.1;GCF_000009785.1;GCF_000011245.1;GCF_000017885.4;GCF_005671335.1;GCF_034478925.1;GCF_034479305.1	0	0				0
start	orthogroup_255	12	7	GCA_000025805.1;GCF_000009785.1;GCF_000011245.1;GCF_000017885.4;GCF_005671335.1;GCF_034478925.1;GCF_034479305.1	0	0				0
start	orthogroup_269	1	10	GCA_000015785.2;GCA_000025805.1;GCF_000009045.1;GCF_000009785.1;GCF_000011245.1;GCF_000017885.4;GCF_005671335.1;GCF_006094295.1;GCF_034478925.1;GCF_034479305.1	1	2	GCF_000009045.1;GCF_000011245.1	-4.5	312.5	0
start	orthogroup_269	2	10	GCA_000015785.2;GCA_000025805.1;GCF_000009045.1;GCF_000009785.1;GCF_000011245.1;GCF_000017885.4;GCF_005671335.1;GCF_006094295.1;GCF_034478925.1;GCF_034479305.1	1	1	GCF_000011245.1	7.0		0
start	orthogroup_269	3	10	GCA_000015785.2;GCA_000025805.1;GCF_000009045.1;GCF_000009785.1;GCF_000011245.1;GCF_000017885.4;GCF_005671335.1;GCF_006094295.1;GCF_034478925.1;GCF_034479305.1	1	1	GCA_000025805.1	16.0		0
start	orthogroup_274	1	10	GCA_000015785.2;GCA_000025805.1;GCF_000009045.1;GCF_000009785.1;GCF_000011245.1;GCF_000017885.4;GCF_005671335.1;GCF_006094295.1;GCF_034478925.1;GCF_034479305.1	1	0				0
start	orthogroup_274	2	10	GCA_000015785.2;GCA_000025805.1;GCF_000009045.1;GCF_000009785.1;GCF_000011245.1;GCF_000017885.4;GCF_005671335.1;GCF_006094295.1;GCF_034478925.1;GCF_034479305.1	1	0				0
start	orthogroup_274	3	10	GCA_000015785.2;GCA_000025805.1;GCF_000009045.1;GCF_000009785.1;GCF_000011245.1;GCF_000017885.4;GCF_005671335.1;GCF_006094295.1;GCF_034478925.1;GCF_034479305.1	1	1	GCA_000025805.1	9.0		0
start	orthogroup_274	4	10	GCA_000015785.2;GCA_000025805.1;GCF_000009045.1;GCF_000009785.1;GCF_000011245.1;GCF_000017885.4;GCF_005671335.1;GCF_006094295.1;GCF_034478925.1;GCF_034479305.1	1	0				0
start	orthogroup_274	5	10	GCA_000015785.2;GCA_000025805.1;GCF_000009045.1;GCF_000009785.1;GCF_000011245.1;GCF_000017885.4;GCF_005671335.1;GCF_006094295.1;GCF_034478925.1;GCF_034479305.1	1	1	GCF_006094295.1	13.0		0
start	orthogroup_274	6	10	GCA_000015785.2;GCA_000025805.1;GCF_000009045.1;GCF_000009785.1;GCF_000011245.1;GCF_000017885.4;GCF_005671335.1;GCF_006094295.1;GCF_034478925.1;GCF_034479305.1	1	1	GCF_034478925.1	-6.0		0
start	orthogroup_274	7	10	GCA_000015785.2;GCA_000025805.1;GCF_000009045.1;GCF_000009785.1;GCF_000011245.1;GCF_000017885.4;GCF_005671335.1;GCF_006094295.1;GCF_034478925.1;GCF_034479305.1	1	0				0
start	orthogroup_274	8	10	GCA_000015785.2;GCA_000025805.1;GCF_000009045.1;GCF_000009785.1;GCF_000011245.1;GCF_000017885.4;GCF_005671335.1;GCF_006094295.1;GCF_034478925.1;GCF_034479305.1	1	1	GCA_000025805.1	-2.0		0
start	orthogroup_276	1	10	GCA_000015785.2;GCA_000025805.1;GCF_000009045.1;GCF_000009785.1;GCF_000011245.1;GCF_000017885.4;GCF_005671335.1;GCF_006094295.1;GCF_034478925.1;GCF_034479305.1	1	1	GCF_005671335.1	9.0		0
start	orthogroup_276	2	10	GCA_000015785.2;GCA_000025805.1;GCF_000009045.1;GCF_000009785.1;GCF_000011245.1;GCF_000017885.4;GCF_005671335.1;GCF_006094295.1;GCF_034478925.1;GCF_034479305.1	1	0				0
start	orthogroup_276	3	10	GCA_000015785.2;GCA_000025805.1;GCF_000009045.1;GCF_000009785.1;GCF_000011245.1;GCF_000017885.4;GCF_005671335.1;GCF_006094295.1;GCF_034478925.1;GCF_034479305.1	1	0				0
start	orthogroup_276	4	10	GCA_000015785.2;GCA_000025805.1;GCF_000009045.1;GCF_000009785.1;GCF_000011245.1;GCF_000017885.4;GCF_005671335.1;GCF_006094295.1;GCF_034478925.1;GCF_034479305.1	1	0				0
start	orthogroup_276	5	10	GCA_000015785.2;GCA_000025805.1;GCF_000009045.1;GCF_000009785.1;GCF_000011245.1;GCF_000017885.4;GCF_005671335.1;GCF_006094295.1;GCF_034478925.1;GCF_034479305.1	1	0				0
start	orthogroup_276	6	10	GCA_000015785.2;GCA_000025805.1;GCF_000009045.1;GCF_000009785.1;GCF_000011245.1;GCF_000017885.4;GCF_005671335.1;GCF_006094295.1;GCF_034478925.1;GCF_034479305.1	1	0				0
start	orthogroup_276	7	10	GCA_000015785.2;GCA_000025805.1;GCF_000009045.1;GCF_000009785.1;GCF_000011245.1;GCF_000017885.4;GCF_005671335.1;GCF_006094295.1;GCF_034478925.1;GCF_034479305.1	1	0				0
start	orthogroup_276	8	10	GCA_000015785.2;GCA_000025805.1;GCF_000009045.1;GCF_000009785.1;GCF_000011245.1;GCF_000017885.4;GCF_005671335.1;GCF_006094295.1;GCF_034478925.1;GCF_034479305.1	1	0				0
start	orthogroup_276	9	10	GCA_000015785.2;GCA_000025805.1;GCF_000009045.1;GCF_000009785.1;GCF_000011245.1;GCF_000017885.4;GCF_005671335.1;GCF_006094295.1;GCF_034478925.1;GCF_034479305.1	1	1	GCF_000017885.4	-13.0		0
start	orthogroup_276	10	10	GCA_000015785.2;GCA_000025805.1;GCF_000009045.1;GCF_000009785.1;GCF_000011245.1;GCF_000017885.4;GCF_005671335.1;GCF_006094295.1;GCF_034478925.1;GCF_034479305.1	1	1	GCF_005671335.1	3.0		0
start	orthogroup_276	11	10	GCA_000015785.2;GCA_000025805.1;GCF_000009045.1;GCF_000009785.1;GCF_000011245.1;GCF_000017885.4;GCF_005671335.1;GCF_006094295.1;GCF_034478925.1;GCF_034479305.1	1	0				0
start	orthogroup_276	12	10	GCA_000015785.2;GCA_000025805.1;GCF_000009045.1;GCF_000009785.1;GCF_000011245.1;GCF_000017885.4;GCF_005671335.1;GCF_006094295.1;GCF_034478925.1;GCF_034479305.1	1	2	GCA_000015785.2;GCF_000009785.1	24.0	2.0	0
start	orthogroup_276	13	10	GCA_000015785.2;GCA_000025805.1;GCF_000009045.1;GCF_000009785.1;GCF_000011245.1;GCF_000017885.4;GCF_005671335.1;GCF_006094295.1;GCF_034478925.1;GCF_034479305.1	1	0				0
start	orthogroup_276	14	10	GCA_000015785.2;GCA_000025805.1;GCF_000009045.1;GCF_000009785.1;GCF_000011245.1;GCF_000017885.4;GCF_005671335.1;GCF_006094295.1;GCF_034478925.1;GCF_034479305.1	1	0				0
start	orthogroup_277	1	10	GCA_000015785.2;GCA_000025805.1;GCF_000009045.1;GCF_000009785.1;GCF_000011245.1;GCF_000017885.4;GCF_005671335.1;GCF_006094295.1;GCF_034478925.1;GCF_034479305.1	1	1	GCF_005671335.1	4.0		0
start	orthogroup_277	2	10	GCA_000015785.2;GCA_000025805.1;GCF_000009045.1;GCF_000009785.1;GCF_000011245.1;GCF_000017885.4;GCF_005671335.1;GCF_006094295.1;GCF_034478925.1;GCF_034479305.1	1	0				0
start	orthogroup_277	3	10	GCA_000015785.2;GCA_000025805.1;GCF_000009045.1;GCF_000009785.1;GCF_000011245.1;GCF_000017885.4;GCF_005671335.1;GCF_006094295.1;GCF_034478925.1;GCF_034479305.1	1	1	GCA_000025805.1	21.0		0
start	orthogroup_277	4	10	GCA_000015785.2;GCA_000025805.1;GCF_000009045.1;GCF_000009785.1;GCF_000011245.1;GCF_000017885.4;GCF_005671335.1;GCF_006094295.1;GCF_034478925.1;GCF_034479305.1	1	0				0
start	orthogroup_277	5	10	GCA_000015785.2;GCA_000025805.1;GCF_000009045.1;GCF_000009785.1;GCF_000011245.1;GCF_000017885.4;GCF_005671335.1;GCF_006094295.1;GCF_034478925.1;GCF_034479305.1	1	0				0
start	orthogroup_278	1	10	GCA_000015785.2;GCA_000025805.1;GCF_000009045.1;GCF_000009785.1;GCF_000011245.1;GCF_000017885.4;GCF_005671335.1;GCF_006094295.1;GCF_034478925.1;GCF_034479305.1	1	0				0
start	orthogroup_278	2	10	GCA_000015785.2;GCA_000025805.1;GCF_000009045.1;GCF_000009785.1;GCF_000011245.1;GCF_000017885.4;GCF_005671335.1;GCF_006094295.1;GCF_034478925.1;GCF_034479305.1	1	0				0
start	orthogroup_278	3	10	GCA_000015785.2;GCA_000025805.1;GCF_000009045.1;GCF_000009785.1;GCF_000011245.1;GCF_000017885.4;GCF_005671335.1;GCF_006094295.1;GCF_034478925.1;GCF_034479305.1	1	0				0
start	orthogroup_279	1	10	GCA_000015785.2;GCA_000025805.1;GCF_000009045.1;GCF_000009785.1;GCF_000011245.1;GCF_000017885.4;GCF_005671335.1;GCF_006094295.1;GCF_034478925.1;GCF_034479305.1	1	0				0
start	orthogroup_279	2	10	GCA_000015785.2;GCA_000025805.1;GCF_000009045.1;GCF_000009785.1;GCF_000011245.1;GCF_000017885.4;GCF_005671335.1;GCF_006094295.1;GCF_034478925.1;GCF_034479305.1	1	3	GCA_000015785.2;GCF_000009045.1;GCF_034479305.1	-6.0	36.333333333333336	1
start	orthogroup_279	3	10	GCA_000015785.2;GCA_000025805.1;GCF_000009045.1;GCF_000009785.1;GCF_000011245.1;GCF_000017885.4;GCF_005671335.1;GCF_006094295.1;GCF_034478925.1;GCF_034479305.1	1	0				0
start	orthogroup_279	4	10	GCA_000015785.2;GCA_000025805.1;GCF_000009045.1;GCF_000009785.1;GCF_000011245.1;GCF_000017885.4;GCF_005671335.1;GCF_006094295.1;GCF_034478925.1;GCF_034479305.1	1	0				0
start	orthogroup_279	5	10	GCA_000015785.2;GCA_000025805.1;GCF_000009045.1;GCF_000009785.1;GCF_000011245.1;GCF_000017885.4;GCF_005671335.1;GCF_006094295.1;GCF_034478925.1;GCF_034479305.1	1	0				0
start	orthogroup_279	6	10	GCA_000015785.2;GCA_000025805.1;GCF_000009045.1;GCF_000009785.1;GCF_000011245.1;GCF_000017885.4;GCF_005671335.1;GCF_006094295.1;GCF_034478925.1;GCF_034479305.1	1	0				0
start	orthogroup_279	7	10	GCA_000015785.2;GCA_000025805.1;GCF_000009045.1;GCF_000009785.1;GCF_000011245.1;GCF_000017885.4;GCF_005671335.1;GCF_006094295.1;GCF_034478925.1;GCF_034479305.1	1	1	GCF_005671335.1	30.0		0
start	orthogroup_288	1	10	GCA_000015785.2;GCA_000025805.1;GCF_000009045.1;GCF_000009785.1;GCF_000011245.1;GCF_000017885.4;GCF_005671335.1;GCF_006094295.1;GCF_034478925.1;GCF_034479305.1	1	2	GCF_034478925.1;GCF_034479305.1	1.0	8.0	0
start	orthogroup_288	2	10	GCA_000015785.2;GCA_000025805.1;GCF_000009045.1;GCF_000009785.1;GCF_000011245.1;GCF_000017885.4;GCF_005671335.1;GCF_006094295.1;GCF_034478925.1;GCF_034479305.1	1	2	GCA_000025805.1;GCF_006094295.1	4.0	288.0	0
start	orthogroup_288	3	10	GCA_000015785.2;GCA_000025805.1;GCF_000009045.1;GCF_000009785.1;GCF_000011245.1;GCF_000017885.4;GCF_005671335.1;GCF_006094295.1;GCF_034478925.1;GCF_034479305.1	1	0				0
start	orthogroup_288	4	10	GCA_000015785.2;GCA_000025805.1;GCF_000009045.1;GCF_000009785.1;GCF_000011245.1;GCF_000017885.4;GCF_005671335.1;GCF_006094295.1;GCF_034478925.1;GCF_034479305.1	1	1	GCA_000025805.1	21.0		0
start	orthogroup_288	5	10	GCA_000015785.2;GCA_000025805.1;GCF_000009045.1;GCF_000009785.1;GCF_000011245.1;GCF_000017885.4;GCF_005671335.1;GCF_006094295.1;GCF_034478925.1;GCF_034479305.1	1	1	GCF_000011245.1	-5.0		0
start	orthogroup_288	6	10	GCA_000015785.2;GCA_000025805.1;GCF_000009045.1;GCF_000009785.1;GCF_000011245.1;GCF_000017885.4;GCF_005671335.1;GCF_006094295.1;GCF_034478925.1;GCF_034479305.1	1	2	GCF_000009785.1;GCF_034478925.1	10.0	968.0	0
start	orthogroup_288	7	10	GCA_000015785.2;GCA_000025805.1;GCF_000009045.1;GCF_000009785.1;GCF_000011245.1;GCF_000017885.4;GCF_005671335.1;GCF_006094295.1;GCF_034478925.1;GCF_034479305.1	1	0				0
start	orthogroup_288	8	10	GCA_000015785.2;GCA_000025805.1;GCF_000009045.1;GCF_000009785.1;GCF_000011245.1;GCF_000017885.4;GCF_005671335.1;GCF_006094295.1;GCF_034478925.1;GCF_034479305.1	1	0				0
start	orthogroup_288	9	10	GCA_000015785.2;GCA_000025805.1;GCF_000009045.1;GCF_000009785.1;GCF_000011245.1;GCF_000017885.4;GCF_005671335.1;GCF_006094295.1;GCF_034478925.1;GCF_034479305.1	1	0				0
start	orthogroup_288	10	10	GCA_000015785.2;GCA_000025805.1;GCF_000009045.1;GCF_000009785.1;GCF_000011245.1;GCF_000017885.4;GCF_005671335.1;GCF_006094295.1;GCF_034478925.1;GCF_034479305.1	1	0				0
start	orthogroup_288	11	10	GCA_000015785.2;GCA_000025805.1;GCF_000009045.1;GCF_000009785.1;GCF_000011245.1;GCF_000017885.4;GCF_005671335.1;GCF_006094295.1;GCF_034478925.1;GCF_034479305.1	1	1	GCF_000011245.1	17.0		0
start	orthogroup_288	12	10	GCA_000015785.2;GCA_000025805.1;GCF_000009045.1;GCF_000009785.1;GCF_000011245.1;GCF_000017885.4;GCF_005671335.1;GCF_006094295.1;GCF_034478925.1;GCF_034479305.1	1	0				0
start	orthogroup_299	1	10	GCA_000015785.2;GCA_000025805.1;GCF_000009045.1;GCF_000009785.1;GCF_000011245.1;GCF_000017885.4;GCF_005671335.1;GCF_006094295.1;GCF_034478925.1;GCF_034479305.1	1	0				0
start	orthogroup_299	2	10	GCA_000015785.2;GCA_000025805.1;GCF_000009045.1;GCF_000009785.1;GCF_000011245.1;GCF_000017885.4;GCF_005671335.1;GCF_006094295.1;GCF_034478925.1;GCF_034479305.1	1	0				0
start	orthogroup_299	3	10	GCA_000015785.2;GCA_000025805.1;GCF_000009045.1;GCF_000009785.1;GCF_000011245.1;GCF_000017885.4;GCF_005671335.1;GCF_006094295.1;GCF_034478925.1;GCF_034479305.1	1	0				0
start	orthogroup_299	4	10	GCA_000015785.2;GCA_000025805.1;GCF_000009045.1;GCF_000009785.1;GCF_000011245.1;GCF_000017885.4;GCF_005671335.1;GCF_006094295.1;GCF_034478925.1;GCF_034479305.1	1	1	GCF_034479305.1	5.0		0
start	orthogroup_299	5	10	GCA_000015785.2;GCA_000025805.1;GCF_000009045.1;GCF_000009785.1;GCF_000011245.1;GCF_000017885.4;GCF_005671335.1;GCF_006094295.1;GCF_034478925.1;GCF_034479305.1	1	1	GCA_000025805.1	2.5		0
start	orthogroup_299	6	10	GCA_000015785.2;GCA_000025805.1;GCF_000009045.1;GCF_000009785.1;GCF_000011245.1;GCF_000017885.4;GCF_005671335.1;GCF_006094295.1;GCF_034478925.1;GCF_034479305.1	1	0				0
start	orthogroup_299	7	10	GCA_000015785.2;GCA_000025805.1;GCF_000009045.1;GCF_000009785.1;GCF_000011245.1;GCF_000017885.4;GCF_005671335.1;GCF_006094295.1;GCF_034478925.1;GCF_034479305.1	1	0				0
start	orthogroup_299	8	10	GCA_000015785.2;GCA_000025805.1;GCF_000009045.1;GCF_000009785.1;GCF_000011245.1;GCF_000017885.4;GCF_005671335.1;GCF_006094295.1;GCF_034478925.1;GCF_034479305.1	1	0				0
start	orthogroup_299	9	10	GCA_000015785.2;GCA_000025805.1;GCF_000009045.1;GCF_000009785.1;GCF_000011245.1;GCF_000017885.4;GCF_005671335.1;GCF_006094295.1;GCF_034478925.1;GCF_034479305.1	1	0				0
start	orthogroup_299	10	10	GCA_000015785.2;GCA_000025805.1;GCF_000009045.1;GCF_000009785.1;GCF_000011245.1;GCF_000017885.4;GCF_005671335.1;GCF_006094295.1;GCF_034478925.1;GCF_034479305.1	1	1	GCF_000017885.4	-12.0		0
start	orthogroup_301	1	9	GCA_000015785.2;GCF_000009045.1;GCF_000009785.1;GCF_000011245.1;GCF_000017885.4;GCF_005671335.1;GCF_006094295.1;GCF_034478925.1;GCF_034479305.1	1	1	GCF_006094295.1	1.0		0
start	orthogroup_301	2	9	GCA_000015785.2;GCF_000009045.1;GCF_000009785.1;GCF_000011245.1;GCF_000017885.4;GCF_005671335.1;GCF_006094295.1;GCF_034478925.1;GCF_034479305.1	1	0				0
start	orthogroup_301	3	9	GCA_000015785.2;GCF_000009045.1;GCF_000009785.1;GCF_000011245.1;GCF_000017885.4;GCF_005671335.1;GCF_006094295.1;GCF_034478925.1;GCF_034479305.1	1	1	GCF_000011245.1	-7.0		0
start	orthogroup_301	4	9	GCA_000015785.2;GCF_000009045.1;GCF_000009785.1;GCF_000011245.1;GCF_000017885.4;GCF_005671335.1;GCF_006094295.1;GCF_034478925.1;GCF_034479305.1	1	0				0
start	orthogroup_301	5	9	GCA_000015785.2;GCF_000009045.1;GCF_000009785.1;GCF_000011245.1;GCF_000017885.4;GCF_005671335.1;GCF_006094295.1;GCF_034478925.1;GCF_034479305.1	1	0				0
start	orthogroup_301	6	9	GCA_000015785.2;GCF_000009045.1;GCF_000009785.1;GCF_000011245.1;GCF_000017885.4;GCF_005671335.1;GCF_006094295.1;GCF_034478925.1;GCF_034479305.1	1	0				0
start	orthogroup_301	7	9	GCA_000015785.2;GCF_000009045.1;GCF_000009785.1;GCF_000011245.1;GCF_000017885.4;GCF_005671335.1;GCF_006094295.1;GCF_034478925.1;GCF_034479305.1	1	0				0
start	orthogroup_301	8	9	GCA_000015785.2;GCF_000009045.1;GCF_000009785.1;GCF_000011245.1;GCF_000017885.4;GCF_005671335.1;GCF_006094295.1;GCF_034478925.1;GCF_034479305.1	1	2	GCF_000009045.1;GCF_000009785.1	4.0	18.0	0
start	orthogroup_301	9	9	GCA_000015785.2;GCF_000009045.1;GCF_000009785.1;GCF_000011245.1;GCF_000017885.4;GCF_005671335.1;GCF_006094295.1;GCF_034478925.1;GCF_034479305.1	1	0				0
start	orthogroup_301	10	9	GCA_000015785.2;GCF_000009045.1;GCF_000009785.1;GCF_000011245.1;GCF_000017885.4;GCF_005671335.1;GCF_006094295.1;GCF_034478925.1;GCF_034479305.1	1	0				0
start	orthogroup_305	1	10	GCA_000015785.2;GCA_000025805.1;GCF_000009045.1;GCF_000009785.1;GCF_000011245.1;GCF_000017885.4;GCF_005671335.1;GCF_006094295.1;GCF_034478925.1;GCF_034479305.1	1	0				0
start	orthogroup_305	2	10	GCA_000015785.2;GCA_000025805.1;GCF_000009045.1;GCF_000009785.1;GCF_000011245.1;GCF_000017885.4;GCF_005671335.1;GCF_006094295.1;GCF_034478925.1;GCF_034479305.1	1	2	GCF_000011245.1;GCF_005671335.1	-1.0	2.0	0
start	orthogroup_305	3	10	GCA_000015785.2;GCA_000025805.1;GCF_000009045.1;GCF_000009785.1;GCF_000011245.1;GCF_000017885.4;GCF_005671335.1;GCF_006094295.1;GCF_034478925.1;GCF_034479305.1	1	0				0
start	orthogroup_305	4	10	GCA_000015785.2;GCA_000025805.1;GCF_000009045.1;GCF_000009785.1;GCF_000011245.1;GCF_000017885.4;GCF_005671335.1;GCF_006094295.1;GCF_034478925.1;GCF_034479305.1	1	0				0
start	orthogroup_305	5	10	GCA_000015785.2;GCA_000025805.1;GCF_000009045.1;GCF_000009785.1;GCF_000011245.1;GCF_000017885.4;GCF_005671335.1;GCF_006094295.1;GCF_034478925.1;GCF_034479305.1	1	1	GCF_000017885.4	82.0		0
start	orthogroup_315	1	10	GCA_000015785.2;GCA_000025805.1;GCF_000009045.1;GCF_000009785.1;GCF_000011245.1;GCF_000017885.4;GCF_005671335.1;GCF_006094295.1;GCF_034478925.1;GCF_034479305.1	1	1	GCF_000009785.1	-10.0		0
start	orthogroup_315	2	10	GCA_000015785.2;GCA_000025805.1;GCF_000009045.1;GCF_000009785.1;GCF_000011245.1;GCF_000017885.4;GCF_005671335.1;GCF_006094295.1;GCF_034478925.1;GCF_034479305.1	1	0				0
start	orthogroup_315	3	10	GCA_000015785.2;GCA_000025805.1;GCF_000009045.1;GCF_000009785.1;GCF_000011245.1;GCF_000017885.4;GCF_005671335.1;GCF_006094295.1;GCF_034478925.1;GCF_034479305.1	1	1	GCF_000017885.4	-3.0		0
start	orthogroup_315	4	10	GCA_000015785.2;GCA_000025805.1;GCF_000009045.1;GCF_000009785.1;GCF_000011245.1;GCF_000017885.4;GCF_005671335.1;GCF_006094295.1;GCF_034478925.1;GCF_034479305.1	1	3	GCA_000015785.2;GCF_005671335.1;GCF_034478925.1	25.0	280.5833333333333	1
start	orthogroup_318	1	10	GCA_000015785.2;GCA_000025805.1;GCF_000009045.1;GCF_000009785.1;GCF_000011245.1;GCF_000017885.4;GCF_005671335.1;GCF_006094295.1;GCF_034478925.1;GCF_034479305.1	1	0				0
start	orthogroup_318	2	10	GCA_000015785.2;GCA_000025805.1;GCF_000009045.1;GCF_000009785.1;GCF_000011245.1;GCF_000017885.4;GCF_005671335.1;GCF_006094295.1;GCF_034478925.1;GCF_034479305.1	1	0				0
start	orthogroup_318	3	10	GCA_000015785.2;GCA_000025805.1;GCF_000009045.1;GCF_000009785.1;GCF_000011245.1;GCF_000017885.4;GCF_005671335.1;GCF_006094295.1;GCF_034478925.1;GCF_034479305.1	1	1	GCA_000025805.1	-10.0		0
start	orthogroup_318	4	10	GCA_000015785.2;GCA_000025805.1;GCF_000009045.1;GCF_000009785.1;GCF_000011245.1;GCF_000017885.4;GCF_005671335.1;GCF_006094295.1;GCF_034478925.1;GCF_034479305.1	1	0				0
start	orthogroup_318	5	10	GCA_000015785.2;GCA_000025805.1;GCF_000009045.1;GCF_000009785.1;GCF_000011245.1;GCF_000017885.4;GCF_005671335.1;GCF_006094295.1;GCF_034478925.1;GCF_034479305.1	1	0				0
start	orthogroup_318	6	10	GCA_000015785.2;GCA_000025805.1;GCF_000009045.1;GCF_000009785.1;GCF_000011245.1;GCF_000017885.4;GCF_005671335.1;GCF_006094295.1;GCF_034478925.1;GCF_034479305.1	1	0				0
start	orthogroup_318	7	10	GCA_000015785.2;GCA_000025805.1;GCF_000009045.1;GCF_000009785.1;GCF_000011245.1;GCF_000017885.4;GCF_005671335.1;GCF_006094295.1;GCF_034478925.1;GCF_034479305.1	1	0				0
start	orthogroup_318	8	10	GCA_000015785.2;GCA_000025805.1;GCF_000009045.1;GCF_000009785.1;GCF_000011245.1;GCF_000017885.4;GCF_005671335.1;GCF_006094295.1;GCF_034478925.1;GCF_034479305.1	1	0				0
start	orthogroup_318	9	10	GCA_000015785.2;GCA_000025805.1;GCF_000009045.1;GCF_000009785.1;GCF_000011245.1;GCF_000017885.4;GCF_005671335.1;GCF_006094295.1;GCF_034478925.1;GCF_034479305.1	1	1	GCF_034478925.1	-8.5		0
start	orthogroup_318	10	9	GCA_000015785.2;GCA_000025805.1;GCF_000009045.1;GCF_000009785.1;GCF_000011245.1;GCF_000017885.4;GCF_005671335.1;GCF_034478925.1;GCF_034479305.1	1	0				0
start	orthogroup_318	12	10	GCA_000015785.2;GCA_000025805.1;GCF_000009045.1;GCF_000009785.1;GCF_000011245.1;GCF_000017885.4;GCF_005671335.1;GCF_006094295.1;GCF_034478925.1;GCF_034479305.1	1	0				0
start	orthogroup_318	13	10	GCA_000015785.2;GCA_000025805.1;GCF_000009045.1;GCF_000009785.1;GCF_000011245.1;GCF_000017885.4;GCF_005671335.1;GCF_006094295.1;GCF_034478925.1;GCF_034479305.1	1	0				0
start	orthogroup_318	14	10	GCA_000015785.2;GCA_000025805.1;GCF_000009045.1;GCF_000009785.1;GCF_000011245.1;GCF_000017885.4;GCF_005671335.1;GCF_006094295.1;GCF_034478925.1;GCF_034479305.1	1	1	GCF_006094295.1	13.0		0
start	orthogroup_329	1	10	GCA_000015785.2;GCA_000025805.1;GCF_000009045.1;GCF_000009785.1;GCF_000011245.1;GCF_000017885.4;GCF_005671335.1;GCF_006094295.1;GCF_034478925.1;GCF_034479305.1	1	0				0
start	orthogroup_329	2	10	GCA_000015785.2;GCA_000025805.1;GCF_000009045.1;GCF_000009785.1;GCF_000011245.1;GCF_000017885.4;GCF_005671335.1;GCF_006094295.1;GCF_034478925.1;GCF_034479305.1	1	0				0
start	orthogroup_329	3	10	GCA_000015785.2;GCA_000025805.1;GCF_000009045.1;GCF_000009785.1;GCF_000011245.1;GCF_000017885.4;GCF_005671335.1;GCF_006094295.1;GCF_034478925.1;GCF_034479305.1	1	1	GCF_005671335.1	-59.0		0
start	orthogroup_329	4	10	GCA_000015785.2;GCA_000025805.1;GCF_000009045.1;GCF_000009785.1;GCF_000011245.1;GCF_000017885.4;GCF_005671335.1;GCF_006094295.1;GCF_034478925.1;GCF_034479305.1	1	1	GCF_034478925.1	74.0		0
start	orthogroup_329	5	10	GCA_000015785.2;GCA_000025805.1;GCF_000009045.1;GCF_000009785.1;GCF_000011245.1;GCF_000017885.4;GCF_005671335.1;GCF_006094295.1;GCF_034478925.1;GCF_034479305.1	1	1	GCF_005671335.1	-96.0		0
start	orthogroup_329	6	10	GCA_000015785.2;GCA_000025805.1;GCF_000009045.1;GCF_000009785.1;GCF_000011245.1;GCF_000017885.4;GCF_005671335.1;GCF_006094295.1;GCF_034478925.1;GCF_034479305.1	1	0				0
start	orthogroup_329	7	10	GCA_000015785.2;GCA_000025805.1;GCF_000009045.1;GCF_000009785.1;GCF_000011245.1;GCF_000017885.4;GCF_005671335.1;GCF_006094295.1;GCF_034478925.1;GCF_034479305.1	1	0				0
start	orthogroup_329	8	10	GCA_000015785.2;GCA_000025805.1;GCF_000009045.1;GCF_000009785.1;GCF_000011245.1;GCF_000017885.4;GCF_005671335.1;GCF_006094295.1;GCF_034478925.1;GCF_034479305.1	1	0				0
start	orthogroup_329	9	10	GCA_000015785.2;GCA_000025805.1;GCF_000009045.1;GCF_000009785.1;GCF_000011245.1;GCF_000017885.4;GCF_005671335.1;GCF_006094295.1;GCF_034478925.1;GCF_034479305.1	1	0				0
start	orthogroup_329	10	10	GCA_000015785.2;GCA_000025805.1;GCF_000009045.1;GCF_000009785.1;GCF_000011245.1;GCF_000017885.4;GCF_005671335.1;GCF_006094295.1;GCF_034478925.1;GCF_034479305.1	1	2	GCA_000015785.2;GCF_034479305.1	13.75	28.125	0
start	orthogroup_377	1	9	GCA_000015785.2;GCA_000025805.1;GCF_000009045.1;GCF_000009785.1;GCF_000017885.4;GCF_005671335.1;GCF_006094295.1;GCF_034478925.1;GCF_034479305.1	1	1	GCF_000009045.1	-1.0		0
start	orthogroup_377	2	9	GCA_000015785.2;GCA_000025805.1;GCF_000009045.1;GCF_000009785.1;GCF_000017885.4;GCF_005671335.1;GCF_006094295.1;GCF_034478925.1;GCF_034479305.1	1	0				0
start	orthogroup_377	3	9	GCA_000015785.2;GCA_000025805.1;GCF_000009045.1;GCF_000009785.1;GCF_000017885.4;GCF_005671335.1;GCF_006094295.1;GCF_034478925.1;GCF_034479305.1	1	0				0
start	orthogroup_377	4	9	GCA_000015785.2;GCA_000025805.1;GCF_000009045.1;GCF_000009785.1;GCF_000017885.4;GCF_005671335.1;GCF_006094295.1;GCF_034478925.1;GCF_034479305.1	1	2	GCF_000017885.4;GCF_006094295.1	11.0	162.0	0
start	orthogroup_379	1	10	GCA_000015785.2;GCA_000025805.1;GCF_000009045.1;GCF_000009785.1;GCF_000011245.1;GCF_000017885.4;GCF_005671335.1;GCF_006094295.1;GCF_034478925.1;GCF_034479305.1	1	1	GCF_034479305.1	-14.5		0
start	orthogroup_379	2	10	GCA_000015785.2;GCA_000025805.1;GCF_000009045.1;GCF_000009785.1;GCF_000011245.1;GCF_000017885.4;GCF_005671335.1;GCF_006094295.1;GCF_034478925.1;GCF_034479305.1	1	1	GCF_000017885.4	5.0		0
start	orthogroup_379	3	10	GCA_000015785.2;GCA_000025805.1;GCF_000009045.1;GCF_000009785.1;GCF_000011245.1;GCF_000017885.4;GCF_005671335.1;GCF_006094295.1;GCF_034478925.1;GCF_034479305.1	1	0				0
start	orthogroup_379	4	10	GCA_000015785.2;GCA_000025805.1;GCF_000009045.1;GCF_000009785.1;GCF_000011245.1;GCF_000017885.4;GCF_005671335.1;GCF_006094295.1;GCF_034478925.1;GCF_034479305.1	1	1	GCA_000015785.2	-8.0		0
start	orthogroup_380	1	10	GCA_000015785.2;GCA_000025805.1;GCF_000009045.1;GCF_000009785.1;GCF_000011245.1;GCF_000017885.4;GCF_005671335.1;GCF_006094295.1;GCF_034478925.1;GCF_034479305.1	1	0				0
start	orthogroup_380	2	10	GCA_000015785.2;GCA_000025805.1;GCF_000009045.1;GCF_000009785.1;GCF_000011245.1;GCF_000017885.4;GCF_005671335.1;GCF_006094295.1;GCF_034478925.1;GCF_034479305.1	1	0				0
start	orthogroup_380	3	10	GCA_000015785.2;GCA_000025805.1;GCF_000009045.1;GCF_000009785.1;GCF_000011245.1;GCF_000017885.4;GCF_005671335.1;GCF_006094295.1;GCF_034478925.1;GCF_034479305.1	1	1	GCF_000009785.1	18.0		0
start	orthogroup_380	4	10	GCA_000015785.2;GCA_000025805.1;GCF_000009045.1;GCF_000009785.1;GCF_000011245.1;GCF_000017885.4;GCF_005671335.1;GCF_006094295.1;GCF_034478925.1;GCF_034479305.1	1	1	GCF_005671335.1	31.5		0
start	orthogroup_380	5	10	GCA_000015785.2;GCA_000025805.1;GCF_000009045.1;GCF_000009785.1;GCF_000011245.1;GCF_000017885.4;GCF_005671335.1;GCF_006094295.1;GCF_034478925.1;GCF_034479305.1	1	1	GCF_034478925.1	-23.0		0
start	orthogroup_380	6	10	GCA_000015785.2;GCA_000025805.1;GCF_000009045.1;GCF_000009785.1;GCF_000011245.1;GCF_000017885.4;GCF_005671335.1;GCF_006094295.1;GCF_034478925.1;GCF_034479305.1	1	0				0
start	orthogroup_380	7	10	GCA_000015785.2;GCA_000025805.1;GCF_000009045.1;GCF_000009785.1;GCF_000011245.1;GCF_000017885.4;GCF_005671335.1;GCF_006094295.1;GCF_034478925.1;GCF_034479305.1	1	0				0
start	orthogroup_380	8	10	GCA_000015785.2;GCA_000025805.1;GCF_000009045.1;GCF_000009785.1;GCF_000011245.1;GCF_000017885.4;GCF_005671335.1;GCF_006094295.1;GCF_034478925.1;GCF_034479305.1	1	2	GCA_000025805.1;GCF_000011245.1	164.25	3321.125	0
start	orthogroup_386	1	10	GCA_000015785.2;GCA_000025805.1;GCF_000009045.1;GCF_000009785.1;GCF_000011245.1;GCF_000017885.4;GCF_005671335.1;GCF_006094295.1;GCF_034478925.1;GCF_034479305.1	1	0				0
start	orthogroup_386	2	10	GCA_000015785.2;GCA_000025805.1;GCF_000009045.1;GCF_000009785.1;GCF_000011245.1;GCF_000017885.4;GCF_005671335.1;GCF_006094295.1;GCF_034478925.1;GCF_034479305.1	1	3	GCF_000009045.1;GCF_000009785.1;GCF_034478925.1	2.5	13.583333333333334	1
start	orthogroup_386	3	10	GCA_000015785.2;GCA_000025805.1;GCF_000009045.1;GCF_000009785.1;GCF_000011245.1;GCF_000017885.4;GCF_005671335.1;GCF_006094295.1;GCF_034478925.1;GCF_034479305.1	1	2	GCF_000017885.4;GCF_005671335.1	4.0	162.0	0
start	orthogroup_386	4	10	GCA_000015785.2;GCA_000025805.1;GCF_000009045.1;GCF_000009785.1;GCF_000011245.1;GCF_000017885.4;GCF_005671335.1;GCF_006094295.1;GCF_034478925.1;GCF_034479305.1	1	0				0
start	orthogroup_386	5	10	GCA_000015785.2;GCA_000025805.1;GCF_000009045.1;GCF_000009785.1;GCF_000011245.1;GCF_000017885.4;GCF_005671335.1;GCF_006094295.1;GCF_034478925.1;GCF_034479305.1	1	0				0
start	orthogroup_386	6	10	GCA_000015785.2;GCA_000025805.1;GCF_000009045.1;GCF_000009785.1;GCF_000011245.1;GCF_000017885.4;GCF_005671335.1;GCF_006094295.1;GCF_034478925.1;GCF_034479305.1	1	1	GCF_000017885.4	10.0		0
start	orthogroup_386	7	10	GCA_000015785.2;GCA_000025805.1;GCF_000009045.1;GCF_000009785.1;GCF_000011245.1;GCF_000017885.4;GCF_005671335.1;GCF_006094295.1;GCF_034478925.1;GCF_034479305.1	1	0				0
start	orthogroup_386	8	10	GCA_000015785.2;GCA_000025805.1;GCF_000009045.1;GCF_000009785.1;GCF_000011245.1;GCF_000017885.4;GCF_005671335.1;GCF_006094295.1;GCF_034478925.1;GCF_034479305.1	1	0				0
start	orthogroup_386	9	10	GCA_000015785.2;GCA_000025805.1;GCF_000009045.1;GCF_000009785.1;GCF_000011245.1;GCF_000017885.4;GCF_005671335.1;GCF_006094295.1;GCF_034478925.1;GCF_034479305.1	1	0				0
start	orthogroup_407	1	10	GCA_000015785.2;GCA_000025805.1;GCF_000009045.1;GCF_000009785.1;GCF_000011245.1;GCF_000017885.4;GCF_005671335.1;GCF_006094295.1;GCF_034478925.1;GCF_034479305.1	1	2	GCA_000015785.2;GCF_000009785.1	-14.0	72.0	0
start	orthogroup_407	2	10	GCA_000015785.2;GCA_000025805.1;GCF_000009045.1;GCF_000009785.1;GCF_000011245.1;GCF_000017885.4;GCF_005671335.1;GCF_006094295.1;GCF_034478925.1;GCF_034479305.1	1	1	GCF_000009785.1	1.0		0
start	orthogroup_407	3	10	GCA_000015785.2;GCA_000025805.1;GCF_000009045.1;GCF_000009785.1;GCF_000011245.1;GCF_000017885.4;GCF_005671335.1;GCF_006094295.1;GCF_034478925.1;GCF_034479305.1	1	2	GCA_000015785.2;GCF_034479305.1	9.75	528.125	0
start	orthogroup_407	4	10	GCA_000015785.2;GCA_000025805.1;GCF_000009045.1;GCF_000009785.1;GCF_000011245.1;GCF_000017885.4;GCF_005671335.1;GCF_006094295.1;GCF_034478925.1;GCF_034479305.1	1	6	GCF_000009785.1;GCF_000017885.4;GCF_005671335.1;GCF_006094295.1;GCF_034478925.1;GCF_034479305.1	237.5	23067.466666666667	1
start	orthogroup_414	1	10	GCA_000015785.2;GCA_000025805.1;GCF_000009045.1;GCF_000009785.1;GCF_000011245.1;GCF_000017885.4;GCF_005671335.1;GCF_006094295.1;GCF_034478925.1;GCF_034479305.1	1	0				0
start	orthogroup_414	2	10	GCA_000015785.2;GCA_000025805.1;GCF_000009045.1;GCF_000009785.1;GCF_000011245.1;GCF_000017885.4;GCF_005671335.1;GCF_006094295.1;GCF_034478925.1;GCF_034479305.1	1	0				0
start	orthogroup_414	3	10	GCA_000015785.2;GCA_000025805.1;GCF_000009045.1;GCF_000009785.1;GCF_000011245.1;GCF_000017885.4;GCF_005671335.1;GCF_006094295.1;GCF_034478925.1;GCF_034479305.1	1	0				0
start	orthogroup_414	4	10	GCA_000015785.2;GCA_000025805.1;GCF_000009045.1;GCF_000009785.1;GCF_000011245.1;GCF_000017885.4;GCF_005671335.1;GCF_006094295.1;GCF_034478925.1;GCF_034479305.1	1	0				0
start	orthogroup_414	5	10	GCA_000015785.2;GCA_000025805.1;GCF_000009045.1;GCF_000009785.1;GCF_000011245.1;GCF_000017885.4;GCF_005671335.1;GCF_006094295.1;GCF_034478925.1;GCF_034479305.1	1	0				0
start	orthogroup_414	6	10	GCA_000015785.2;GCA_000025805.1;GCF_000009045.1;GCF_000009785.1;GCF_000011245.1;GCF_000017885.4;GCF_005671335.1;GCF_006094295.1;GCF_034478925.1;GCF_034479305.1	1	0				0
start	orthogroup_44	1	10	GCA_000015785.2;GCA_000025805.1;GCF_000009045.1;GCF_000009785.1;GCF_000011245.1;GCF_000017885.4;GCF_005671335.1;GCF_006094295.1;GCF_034478925.1;GCF_034479305.1	1	0				0
start	orthogroup_44	2	10	GCA_000015785.2;GCA_000025805.1;GCF_000009045.1;GCF_000009785.1;GCF_000011245.1;GCF_000017885.4;GCF_005671335.1;GCF_006094295.1;GCF_034478925.1;GCF_034479305.1	1	0				0
start	orthogroup_44	3	10	GCA_000015785.2;GCA_000025805.1;GCF_000009045.1;GCF_000009785.1;GCF_000011245.1;GCF_000017885.4;GCF_005671335.1;GCF_006094295.1;GCF_034478925.1;GCF_034479305.1	1	1	GCF_034479305.1	-19.0		0
start	orthogroup_44	4	10	GCA_000015785.2;GCA_000025805.1;GCF_000009045.1;GCF_000009785.1;GCF_000011245.1;GCF_000017885.4;GCF_005671335.1;GCF_006094295.1;GCF_034478925.1;GCF_034479305.1	1	1	GCF_005671335.1	1.0		0
start	orthogroup_44	5	10	GCA_000015785.2;GCA_000025805.1;GCF_000009045.1;GCF_000009785.1;GCF_000011245.1;GCF_000017885.4;GCF_005671335.1;GCF_006094295.1;GCF_034478925.1;GCF_034479305.1	1	0				0
start	orthogroup_44	6	10	GCA_000015785.2;GCA_000025805.1;GCF_000009045.1;GCF_000009785.1;GCF_000011245.1;GCF_000017885.4;GCF_005671335.1;GCF_006094295.1;GCF_034478925.1;GCF_034479305.1	1	1	GCF_000017885.4	7.0		0
start	orthogroup_44	7	10	GCA_000015785.2;GCA_000025805.1;GCF_000009045.1;GCF_000009785.1;GCF_000011245.1;GCF_000017885.4;GCF_005671335.1;GCF_006094295.1;GCF_034478925.1;GCF_034479305.1	1	0				0
start	orthogroup_44	8	10	GCA_000015785.2;GCA_000025805.1;GCF_000009045.1;GCF_000009785.1;GCF_000011245.1;GCF_000017885.4;GCF_005671335.1;GCF_006094295.1;GCF_034478925.1;GCF_034479305.1	1	0				0
start	orthogroup_44	9	10	GCA_000015785.2;GCA_000025805.1;GCF_000009045.1;GCF_000009785.1;GCF_000011245.1;GCF_000017885.4;GCF_005671335.1;GCF_006094295.1;GCF_034478925.1;GCF_034479305.1	1	0				0
start	orthogroup_44	10	10	GCA_000015785.2;GCA_000025805.1;GCF_000009045.1;GCF_000009785.1;GCF_000011245.1;GCF_000017885.4;GCF_005671335.1;GCF_006094295.1;GCF_034478925.1;GCF_034479305.1	1	1	GCA_000015785.2	-5.0		0
start	orthogroup_44	11	10	GCA_000015785.2;GCA_000025805.1;GCF_000009045.1;GCF_000009785.1;GCF_000011245.1;GCF_000017885.4;GCF_005671335.1;GCF_006094295.1;GCF_034478925.1;GCF_034479305.1	1	1	GCF_000009785.1	-10.0		0
start	orthogroup_44	12	10	GCA_000015785.2;GCA_000025805.1;GCF_000009045.1;GCF_000009785.1;GCF_000011245.1;GCF_000017885.4;GCF_005671335.1;GCF_006094295.1;GCF_034478925.1;GCF_034479305.1	1	0				0
start	orthogroup_44	13	10	GCA_000015785.2;GCA_000025805.1;GCF_000009045.1;GCF_000009785.1;GCF_000011245.1;GCF_000017885.4;GCF_005671335.1;GCF_006094295.1;GCF_034478925.1;GCF_034479305.1	1	0				0
start	orthogroup_44	14	10	GCA_000015785.2;GCA_000025805.1;GCF_000009045.1;GCF_000009785.1;GCF_000011245.1;GCF_000017885.4;GCF_005671335.1;GCF_006094295.1;GCF_034478925.1;GCF_034479305.1	1	3	GCA_000015785.2;GCF_000009785.1;GCF_000011245.1	30.0	210.58333333333334	1
start	orthogroup_453	1	10	GCA_000015785.2;GCA_000025805.1;GCF_000009045.1;GCF_000009785.1;GCF_000011245.1;GCF_000017885.4;GCF_005671335.1;GCF_006094295.1;GCF_034478925.1;GCF_034479305.1	1	0				0
start	orthogroup_453	2	10	GCA_000015785.2;GCA_000025805.1;GCF_000009045.1;GCF_000009785.1;GCF_000011245.1;GCF_000017885.4;GCF_005671335.1;GCF_006094295.1;GCF_034478925.1;GCF_034479305.1	1	1	GCF_006094295.1	4.0		0
start	orthogroup_453	3	10	GCA_000015785.2;GCA_000025805.1;GCF_000009045.1;GCF_000009785.1;GCF_000011245.1;GCF_000017885.4;GCF_005671335.1;GCF_006094295.1;GCF_034478925.1;GCF_034479305.1	1	0				0
start	orthogroup_453	4	10	GCA_000015785.2;GCA_000025805.1;GCF_000009045.1;GCF_000009785.1;GCF_000011245.1;GCF_000017885.4;GCF_005671335.1;GCF_006094295.1;GCF_034478925.1;GCF_034479305.1	1	0				0
start	orthogroup_453	5	10	GCA_000015785.2;GCA_000025805.1;GCF_000009045.1;GCF_000009785.1;GCF_000011245.1;GCF_000017885.4;GCF_005671335.1;GCF_006094295.1;GCF_034478925.1;GCF_034479305.1	1	0				0
start	orthogroup_453	6	10	GCA_000015785.2;GCA_000025805.1;GCF_000009045.1;GCF_000009785.1;GCF_000011245.1;GCF_000017885.4;GCF_005671335.1;GCF_006094295.1;GCF_034478925.1;GCF_034479305.1	1	0				0
start	orthogroup_453	7	10	GCA_000015785.2;GCA_000025805.1;GCF_000009045.1;GCF_000009785.1;GCF_000011245.1;GCF_000017885.4;GCF_005671335.1;GCF_006094295.1;GCF_034478925.1;GCF_034479305.1	1	0				0
start	orthogroup_453	8	10	GCA_000015785.2;GCA_000025805.1;GCF_000009045.1;GCF_000009785.1;GCF_000011245.1;GCF_000017885.4;GCF_005671335.1;GCF_006094295.1;GCF_034478925.1;GCF_034479305.1	1	0				0
start	orthogroup_453	9	10	GCA_000015785.2;GCA_000025805.1;GCF_000009045.1;GCF_000009785.1;GCF_000011245.1;GCF_000017885.4;GCF_005671335.1;GCF_006094295.1;GCF_034478925.1;GCF_034479305.1	1	1	GCF_005671335.1	-13.0		0
start	orthogroup_453	10	10	GCA_000015785.2;GCA_000025805.1;GCF_000009045.1;GCF_000009785.1;GCF_000011245.1;GCF_000017885.4;GCF_005671335.1;GCF_006094295.1;GCF_034478925.1;GCF_034479305.1	1	2	GCF_000011245.1;GCF_034478925.1	7.0	722.0	0
start	orthogroup_478	1	6	GCA_000015785.2;GCF_000009785.1;GCF_000011245.1;GCF_000017885.4;GCF_005671335.1;GCF_034478925.1	0	0				0
start	orthogroup_478	3	6	GCA_000015785.2;GCF_000009785.1;GCF_000011245.1;GCF_000017885.4;GCF_005671335.1;GCF_034478925.1	0	0				0
start	orthogroup_478	4	6	GCA_000015785.2;GCF_000009785.1;GCF_000011245.1;GCF_000017885.4;GCF_005671335.1;GCF_034478925.1	0	0				0
start	orthogroup_478	5	6	GCA_000015785.2;GCF_000009785.1;GCF_000011245.1;GCF_000017885.4;GCF_005671335.1;GCF_034478925.1	0	0				0
start	orthogroup_478	6	6	GCA_000015785.2;GCF_000009785.1;GCF_000011245.1;GCF_000017885.4;GCF_005671335.1;GCF_034478925.1	0	0				0
start	orthogroup_479	1	10	GCA_000015785.2;GCA_000025805.1;GCF_000009045.1;GCF_000009785.1;GCF_000011245.1;GCF_000017885.4;GCF_005671335.1;GCF_006094295.1;GCF_034478925.1;GCF_034479305.1	1	1	GCF_005671335.1	-1.0		0
start	orthogroup_479	2	10	GCA_000015785.2;GCA_000025805.1;GCF_000009045.1;GCF_000009785.1;GCF_000011245.1;GCF_000017885.4;GCF_005671335.1;GCF_006094295.1;GCF_034478925.1;GCF_034479305.1	1	0				0
start	orthogroup_479	3	10	GCA_000015785.2;GCA_000025805.1;GCF_000009045.1;GCF_000009785.1;GCF_000011245.1;GCF_000017885.4;GCF_005671335.1;GCF_006094295.1;GCF_034478925.1;GCF_034479305.1	1	0				0
start	orthogroup_479	4	10	GCA_000015785.2;GCA_000025805.1;GCF_000009045.1;GCF_000009785.1;GCF_000011245.1;GCF_000017885.4;GCF_005671335.1;GCF_006094295.1;GCF_034478925.1;GCF_034479305.1	1	0				0
start	orthogroup_479	5	10	GCA_000015785.2;GCA_000025805.1;GCF_000009045.1;GCF_000009785.1;GCF_000011245.1;GCF_000017885.4;GCF_005671335.1;GCF_006094295.1;GCF_034478925.1;GCF_034479305.1	1	0				0
start	orthogroup_479	6	10	GCA_000015785.2;GCA_000025805.1;GCF_000009045.1;GCF_000009785.1;GCF_000011245.1;GCF_000017885.4;GCF_005671335.1;GCF_006094295.1;GCF_034478925.1;GCF_034479305.1	1	0				0
start	orthogroup_48	1	5	GCA_000015785.2;GCF_000017885.4;GCF_005671335.1;GCF_006094295.1;GCF_034479305.1	0	0				0
start	orthogroup_48	2	5	GCA_000015785.2;GCF_000017885.4;GCF_005671335.1;GCF_006094295.1;GCF_034479305.1	0	0				0
start	orthogroup_48	3	5	GCA_000015785.2;GCF_000017885.4;GCF_005671335.1;GCF_006094295.1;GCF_034479305.1	0	0				0
start	orthogroup_480	1	10	GCA_000015785.2;GCA_000025805.1;GCF_000009045.1;GCF_000009785.1;GCF_000011245.1;GCF_000017885.4;GCF_005671335.1;GCF_006094295.1;GCF_034478925.1;GCF_034479305.1	1	1	GCF_005671335.1	-1.0		0
start	orthogroup_480	2	10	GCA_000015785.2;GCA_000025805.1;GCF_000009045.1;GCF_000009785.1;GCF_000011245.1;GCF_000017885.4;GCF_005671335.1;GCF_006094295.1;GCF_034478925.1;GCF_034479305.1	1	0				0
start	orthogroup_480	3	10	GCA_000015785.2;GCA_000025805.1;GCF_000009045.1;GCF_000009785.1;GCF_000011245.1;GCF_000017885.4;GCF_005671335.1;GCF_006094295.1;GCF_034478925.1;GCF_034479305.1	1	4	GCF_000009045.1;GCF_000009785.1;GCF_005671335.1;GCF_006094295.1	5.5	1410.9166666666667	1
start	orthogroup_481	1	10	GCA_000015785.2;GCA_000025805.1;GCF_000009045.1;GCF_000009785.1;GCF_000011245.1;GCF_000017885.4;GCF_005671335.1;GCF_006094295.1;GCF_034478925.1;GCF_034479305.1	1	0				0
start	orthogroup_481	2	10	GCA_000015785.2;GCA_000025805.1;GCF_000009045.1;GCF_000009785.1;GCF_000011245.1;GCF_000017885.4;GCF_005671335.1;GCF_006094295.1;GCF_034478925.1;GCF_034479305.1	1	0				0
start	orthogroup_481	3	10	GCA_000015785.2;GCA_000025805.1;GCF_000009045.1;GCF_000009785.1;GCF_000011245.1;GCF_000017885.4;GCF_005671335.1;GCF_006094295.1;GCF_034478925.1;GCF_034479305.1	1	0				0
start	orthogroup_481	4	10	GCA_000015785.2;GCA_000025805.1;GCF_000009045.1;GCF_000009785.1;GCF_000011245.1;GCF_000017885.4;GCF_005671335.1;GCF_006094295.1;GCF_034478925.1;GCF_034479305.1	1	1	GCF_005671335.1	5.0		0
start	orthogroup_51	1	10	GCA_000015785.2;GCA_000025805.1;GCF_000009045.1;GCF_000009785.1;GCF_000011245.1;GCF_000017885.4;GCF_005671335.1;GCF_006094295.1;GCF_034478925.1;GCF_034479305.1	1	0				0
start	orthogroup_51	2	10	GCA_000015785.2;GCA_000025805.1;GCF_000009045.1;GCF_000009785.1;GCF_000011245.1;GCF_000017885.4;GCF_005671335.1;GCF_006094295.1;GCF_034478925.1;GCF_034479305.1	1	0				0
start	orthogroup_51	3	10	GCA_000015785.2;GCA_000025805.1;GCF_000009045.1;GCF_000009785.1;GCF_000011245.1;GCF_000017885.4;GCF_005671335.1;GCF_006094295.1;GCF_034478925.1;GCF_034479305.1	1	0				0
start	orthogroup_51	4	10	GCA_000015785.2;GCA_000025805.1;GCF_000009045.1;GCF_000009785.1;GCF_000011245.1;GCF_000017885.4;GCF_005671335.1;GCF_006094295.1;GCF_034478925.1;GCF_034479305.1	1	1	GCF_005671335.1	12.5		0
start	orthogroup_51	5	10	GCA_000015785.2;GCA_000025805.1;GCF_000009045.1;GCF_000009785.1;GCF_000011245.1;GCF_000017885.4;GCF_005671335.1;GCF_006094295.1;GCF_034478925.1;GCF_034479305.1	1	1	GCF_000011245.1	0.0		0
start	orthogroup_51	6	10	GCA_000015785.2;GCA_000025805.1;GCF_000009045.1;GCF_000009785.1;GCF_000011245.1;GCF_000017885.4;GCF_005671335.1;GCF_006094295.1;GCF_034478925.1;GCF_034479305.1	1	0				0
start	orthogroup_51	7	10	GCA_000015785.2;GCA_000025805.1;GCF_000009045.1;GCF_000009785.1;GCF_000011245.1;GCF_000017885.4;GCF_005671335.1;GCF_006094295.1;GCF_034478925.1;GCF_034479305.1	1	0				0
start	orthogroup_51	8	10	GCA_000015785.2;GCA_000025805.1;GCF_000009045.1;GCF_000009785.1;GCF_000011245.1;GCF_000017885.4;GCF_005671335.1;GCF_006094295.1;GCF_034478925.1;GCF_034479305.1	1	0				0
start	orthogroup_51	9	10	GCA_000015785.2;GCA_000025805.1;GCF_000009045.1;GCF_000009785.1;GCF_000011245.1;GCF_000017885.4;GCF_005671335.1;GCF_006094295.1;GCF_034478925.1;GCF_034479305.1	1	0				0
start	orthogroup_51	10	10	GCA_000015785.2;GCA_000025805.1;GCF_000009045.1;GCF_000009785.1;GCF_000011245.1;GCF_000017885.4;GCF_005671335.1;GCF_006094295.1;GCF_034478925.1;GCF_034479305.1	1	0				0
start	orthogroup_51	11	10	GCA_000015785.2;GCA_000025805.1;GCF_000009045.1;GCF_000009785.1;GCF_000011245.1;GCF_000017885.4;GCF_005671335.1;GCF_006094295.1;GCF_034478925.1;GCF_034479305.1	1	0				0
start	orthogroup_51	12	10	GCA_000015785.2;GCA_000025805.1;GCF_000009045.1;GCF_000009785.1;GCF_000011245.1;GCF_000017885.4;GCF_005671335.1;GCF_006094295.1;GCF_034478925.1;GCF_034479305.1	1	4	GCA_000015785.2;GCF_000009785.1;GCF_000011245.1;GCF_005671335.1	136.5	4446.916666666667	1
start	orthogroup_511	1	10	GCA_000015785.2;GCA_000025805.1;GCF_000009045.1;GCF_000009785.1;GCF_000011245.1;GCF_000017885.4;GCF_005671335.1;GCF_006094295.1;GCF_034478925.1;GCF_034479305.1	1	1	GCA_000025805.1	5.0		0
start	orthogroup_511	2	10	GCA_000015785.2;GCA_000025805.1;GCF_000009045.1;GCF_000009785.1;GCF_000011245.1;GCF_000017885.4;GCF_005671335.1;GCF_006094295.1;GCF_034478925.1;GCF_034479305.1	1	0				0
start	orthogroup_511	3	10	GCA_000015785.2;GCA_000025805.1;GCF_000009045.1;GCF_000009785.1;GCF_000011245.1;GCF_000017885.4;GCF_005671335.1;GCF_006094295.1;GCF_034478925.1;GCF_034479305.1	1	2	GCF_000009045.1;GCF_005671335.1	-3.5	12.5	0
start	orthogroup_511	4	10	GCA_000015785.2;GCA_000025805.1;GCF_000009045.1;GCF_000009785.1;GCF_000011245.1;GCF_000017885.4;GCF_005671335.1;GCF_006094295.1;GCF_034478925.1;GCF_034479305.1	1	1	GCF_034479305.1	-10.0		0
start	orthogroup_511	5	10	GCA_000015785.2;GCA_000025805.1;GCF_000009045.1;GCF_000009785.1;GCF_000011245.1;GCF_000017885.4;GCF_005671335.1;GCF_006094295.1;GCF_034478925.1;GCF_034479305.1	1	0				0
start	orthogroup_511	6	10	GCA_000015785.2;GCA_000025805.1;GCF_000009045.1;GCF_000009785.1;GCF_000011245.1;GCF_000017885.4;GCF_005671335.1;GCF_006094295.1;GCF_034478925.1;GCF_034479305.1	1	1	GCA_000015785.2	24.5		0
start	orthogroup_516	1	10	GCA_000015785.2;GCA_000025805.1;GCF_000009045.1;GCF_000009785.1;GCF_000011245.1;GCF_000017885.4;GCF_005671335.1;GCF_006094295.1;GCF_034478925.1;GCF_034479305.1	1	1	GCF_005671335.1	6.0		0
start	orthogroup_516	2	10	GCA_000015785.2;GCA_000025805.1;GCF_000009045.1;GCF_000009785.1;GCF_000011245.1;GCF_000017885.4;GCF_005671335.1;GCF_006094295.1;GCF_034478925.1;GCF_034479305.1	1	2	GCA_000025805.1;GCF_034478925.1	0.5	60.5	0
start	orthogroup_516	3	10	GCA_000015785.2;GCA_000025805.1;GCF_000009045.1;GCF_000009785.1;GCF_000011245.1;GCF_000017885.4;GCF_005671335.1;GCF_006094295.1;GCF_034478925.1;GCF_034479305.1	1	1	GCF_000009045.1	1.0		0
start	orthogroup_516	4	10	GCA_000015785.2;GCA_000025805.1;GCF_000009045.1;GCF_000009785.1;GCF_000011245.1;GCF_000017885.4;GCF_005671335.1;GCF_006094295.1;GCF_034478925.1;GCF_034479305.1	1	0				0
start	orthogroup_516	5	10	GCA_000015785.2;GCA_000025805.1;GCF_000009045.1;GCF_000009785.1;GCF_000011245.1;GCF_000017885.4;GCF_005671335.1;GCF_006094295.1;GCF_034478925.1;GCF_034479305.1	1	0				0
start	orthogroup_516	6	10	GCA_000015785.2;GCA_000025805.1;GCF_000009045.1;GCF_000009785.1;GCF_000011245.1;GCF_000017885.4;GCF_005671335.1;GCF_006094295.1;GCF_034478925.1;GCF_034479305.1	1	1	GCF_000009045.1	-2.0		0
start	orthogroup_516	7	10	GCA_000015785.2;GCA_000025805.1;GCF_000009045.1;GCF_000009785.1;GCF_000011245.1;GCF_000017885.4;GCF_005671335.1;GCF_006094295.1;GCF_034478925.1;GCF_034479305.1	1	1	GCF_000011245.1	14.0		0
start	orthogroup_516	8	10	GCA_000015785.2;GCA_000025805.1;GCF_000009045.1;GCF_000009785.1;GCF_000011245.1;GCF_000017885.4;GCF_005671335.1;GCF_006094295.1;GCF_034478925.1;GCF_034479305.1	1	0				0
start	orthogroup_516	9	10	GCA_000015785.2;GCA_000025805.1;GCF_000009045.1;GCF_000009785.1;GCF_000011245.1;GCF_000017885.4;GCF_005671335.1;GCF_006094295.1;GCF_034478925.1;GCF_034479305.1	1	1	GCA_000025805.1	7.0		0
start	orthogroup_516	10	10	GCA_000015785.2;GCA_000025805.1;GCF_000009045.1;GCF_000009785.1;GCF_000011245.1;GCF_000017885.4;GCF_005671335.1;GCF_006094295.1;GCF_034478925.1;GCF_034479305.1	1	0				0
start	orthogroup_517	1	10	GCA_000015785.2;GCA_000025805.1;GCF_000009045.1;GCF_000009785.1;GCF_000011245.1;GCF_000017885.4;GCF_005671335.1;GCF_006094295.1;GCF_034478925.1;GCF_034479305.1	1	0				0
start	orthogroup_517	2	10	GCA_000015785.2;GCA_000025805.1;GCF_000009045.1;GCF_000009785.1;GCF_000011245.1;GCF_000017885.4;GCF_005671335.1;GCF_006094295.1;GCF_034478925.1;GCF_034479305.1	1	2	GCA_000015785.2;GCF_000017885.4	29.5	264.5	0
start	orthogroup_517	3	10	GCA_000015785.2;GCA_000025805.1;GCF_000009045.1;GCF_000009785.1;GCF_000011245.1;GCF_000017885.4;GCF_005671335.1;GCF_006094295.1;GCF_034478925.1;GCF_034479305.1	1	3	GCF_000011245.1;GCF_000017885.4;GCF_005671335.1	46.0	1756.0	1
start	orthogroup_517	4	10	GCA_000015785.2;GCA_000025805.1;GCF_000009045.1;GCF_000009785.1;GCF_000011245.1;GCF_000017885.4;GCF_005671335.1;GCF_006094295.1;GCF_034478925.1;GCF_034479305.1	1	1	GCF_000009785.1	85.0		0
start	orthogroup_520	1	5	GCA_000015785.2;GCA_000025805.1;GCF_000011245.1;GCF_000017885.4;GCF_005671335.1	0	1	GCA_000015785.2	12.5		0
start	orthogroup_520	4	5	GCA_000015785.2;GCA_000025805.1;GCF_000011245.1;GCF_000017885.4;GCF_005671335.1	0	1	GCF_000017885.4	7.5		0
start	orthogroup_520	5	5	GCA_000015785.2;GCA_000025805.1;GCF_000011245.1;GCF_000017885.4;GCF_005671335.1	0	0				0
start	orthogroup_521	1	9	GCA_000015785.2;GCA_000025805.1;GCF_000009045.1;GCF_000009785.1;GCF_000017885.4;GCF_005671335.1;GCF_006094295.1;GCF_034478925.1;GCF_034479305.1	1	1	GCA_000025805.1	7.0		0
start	orthogroup_521	2	9	GCA_000015785.2;GCA_000025805.1;GCF_000009045.1;GCF_000009785.1;GCF_000017885.4;GCF_005671335.1;GCF_006094295.1;GCF_034478925.1;GCF_034479305.1	1	0				0
start	orthogroup_521	5	9	GCA_000015785.2;GCA_000025805.1;GCF_000009045.1;GCF_000009785.1;GCF_000017885.4;GCF_005671335.1;GCF_006094295.1;GCF_034478925.1;GCF_034479305.1	1	0				0
start	orthogroup_521	6	9	GCA_000015785.2;GCA_000025805.1;GCF_000009045.1;GCF_000009785.1;GCF_000017885.4;GCF_005671335.1;GCF_006094295.1;GCF_034478925.1;GCF_034479305.1	1	1	GCF_034478925.1	28.0		0
start	orthogroup_529	1	10	GCA_000015785.2;GCA_000025805.1;GCF_000009045.1;GCF_000009785.1;GCF_000011245.1;GCF_000017885.4;GCF_005671335.1;GCF_006094295.1;GCF_034478925.1;GCF_034479305.1	1	3	GCA_000025805.1;GCF_000011245.1;GCF_005671335.1	-125.0	4762.333333333333	1
start	orthogroup_529	2	10	GCA_000015785.2;GCA_000025805.1;GCF_000009045.1;GCF_000009785.1;GCF_000011245.1;GCF_000017885.4;GCF_005671335.1;GCF_006094295.1;GCF_034478925.1;GCF_034479305.1	1	1	GCA_000025805.1	11.5		0
start	orthogroup_529	3	10	GCA_000015785.2;GCA_000025805.1;GCF_000009045.1;GCF_000009785.1;GCF_000011245.1;GCF_000017885.4;GCF_005671335.1;GCF_006094295.1;GCF_034478925.1;GCF_034479305.1	1	1	GCF_000009785.1	0.0		0
start	orthogroup_529	4	10	GCA_000015785.2;GCA_000025805.1;GCF_000009045.1;GCF_000009785.1;GCF_000011245.1;GCF_000017885.4;GCF_005671335.1;GCF_006094295.1;GCF_034478925.1;GCF_034479305.1	1	0				0
start	orthogroup_529	5	10	GCA_000015785.2;GCA_000025805.1;GCF_000009045.1;GCF_000009785.1;GCF_000011245.1;GCF_000017885.4;GCF_005671335.1;GCF_006094295.1;GCF_034478925.1;GCF_034479305.1	1	1	GCF_005671335.1	6.0		0
start	orthogroup_529	6	10	GCA_000015785.2;GCA_000025805.1;GCF_000009045.1;GCF_000009785.1;GCF_000011245.1;GCF_000017885.4;GCF_005671335.1;GCF_006094295.1;GCF_034478925.1;GCF_034479305.1	1	0				0
start	orthogroup_539	1	10	GCA_000015785.2;GCA_000025805.1;GCF_000009045.1;GCF_000009785.1;GCF_000011245.1;GCF_000017885.4;GCF_005671335.1;GCF_006094295.1;GCF_034478925.1;GCF_034479305.1	1	0				0
start	orthogroup_539	2	10	GCA_000015785.2;GCA_000025805.1;GCF_000009045.1;GCF_000009785.1;GCF_000011245.1;GCF_000017885.4;GCF_005671335.1;GCF_006094295.1;GCF_034478925.1;GCF_034479305.1	1	0				0
start	orthogroup_539	3	10	GCA_000015785.2;GCA_000025805.1;GCF_000009045.1;GCF_000009785.1;GCF_000011245.1;GCF_000017885.4;GCF_005671335.1;GCF_006094295.1;GCF_034478925.1;GCF_034479305.1	1	0				0
start	orthogroup_539	4	10	GCA_000015785.2;GCA_000025805.1;GCF_000009045.1;GCF_000009785.1;GCF_000011245.1;GCF_000017885.4;GCF_005671335.1;GCF_006094295.1;GCF_034478925.1;GCF_034479305.1	1	0				0
start	orthogroup_539	5	10	GCA_000015785.2;GCA_000025805.1;GCF_000009045.1;GCF_000009785.1;GCF_000011245.1;GCF_000017885.4;GCF_005671335.1;GCF_006094295.1;GCF_034478925.1;GCF_034479305.1	1	1	GCF_034479305.1	-11.5		0
start	orthogroup_544	1	10	GCA_000015785.2;GCA_000025805.1;GCF_000009045.1;GCF_000009785.1;GCF_000011245.1;GCF_000017885.4;GCF_005671335.1;GCF_006094295.1;GCF_034478925.1;GCF_034479305.1	1	1	GCF_000009045.1	2.0		0
start	orthogroup_544	2	10	GCA_000015785.2;GCA_000025805.1;GCF_000009045.1;GCF_000009785.1;GCF_000011245.1;GCF_000017885.4;GCF_005671335.1;GCF_006094295.1;GCF_034478925.1;GCF_034479305.1	1	0				0
start	orthogroup_544	3	10	GCA_000015785.2;GCA_000025805.1;GCF_000009045.1;GCF_000009785.1;GCF_000011245.1;GCF_000017885.4;GCF_005671335.1;GCF_006094295.1;GCF_034478925.1;GCF_034479305.1	1	0				0
start	orthogroup_544	4	10	GCA_000015785.2;GCA_000025805.1;GCF_000009045.1;GCF_000009785.1;GCF_000011245.1;GCF_000017885.4;GCF_005671335.1;GCF_006094295.1;GCF_034478925.1;GCF_034479305.1	1	0				0
start	orthogroup_544	5	10	GCA_000015785.2;GCA_000025805.1;GCF_000009045.1;GCF_000009785.1;GCF_000011245.1;GCF_000017885.4;GCF_005671335.1;GCF_006094295.1;GCF_034478925.1;GCF_034479305.1	1	0				0
start	orthogroup_544	6	10	GCA_000015785.2;GCA_000025805.1;GCF_000009045.1;GCF_000009785.1;GCF_000011245.1;GCF_000017885.4;GCF_005671335.1;GCF_006094295.1;GCF_034478925.1;GCF_034479305.1	1	2	GCA_000015785.2;GCF_000017885.4	31.0	1152.0	0
start	orthogroup_573	1	10	GCA_000015785.2;GCA_000025805.1;GCF_000009045.1;GCF_000009785.1;GCF_000011245.1;GCF_000017885.4;GCF_005671335.1;GCF_006094295.1;GCF_034478925.1;GCF_034479305.1	1	0				0
start	orthogroup_573	2	10	GCA_000015785.2;GCA_000025805.1;GCF_000009045.1;GCF_000009785.1;GCF_000011245.1;GCF_000017885.4;GCF_005671335.1;GCF_006094295.1;GCF_034478925.1;GCF_034479305.1	1	0				0
start	orthogroup_573	3	10	GCA_000015785.2;GCA_000025805.1;GCF_000009045.1;GCF_000009785.1;GCF_000011245.1;GCF_000017885.4;GCF_005671335.1;GCF_006094295.1;GCF_034478925.1;GCF_034479305.1	1	1	GCA_000025805.1	-15.0		0
start	orthogroup_573	4	10	GCA_000015785.2;GCA_000025805.1;GCF_000009045.1;GCF_000009785.1;GCF_000011245.1;GCF_000017885.4;GCF_005671335.1;GCF_006094295.1;GCF_034478925.1;GCF_034479305.1	1	0				0
start	orthogroup_579	1	10	GCA_000015785.2;GCA_000025805.1;GCF_000009045.1;GCF_000009785.1;GCF_000011245.1;GCF_000017885.4;GCF_005671335.1;GCF_006094295.1;GCF_034478925.1;GCF_034479305.1	1	1	GCF_000011245.1	-8.0		0
start	orthogroup_579	2	10	GCA_000015785.2;GCA_000025805.1;GCF_000009045.1;GCF_000009785.1;GCF_000011245.1;GCF_000017885.4;GCF_005671335.1;GCF_006094295.1;GCF_034478925.1;GCF_034479305.1	1	1	GCF_006094295.1	12.0		0
start	orthogroup_579	3	10	GCA_000015785.2;GCA_000025805.1;GCF_000009045.1;GCF_000009785.1;GCF_000011245.1;GCF_000017885.4;GCF_005671335.1;GCF_006094295.1;GCF_034478925.1;GCF_034479305.1	1	0				0
start	orthogroup_579	4	10	GCA_000015785.2;GCA_000025805.1;GCF_000009045.1;GCF_000009785.1;GCF_000011245.1;GCF_000017885.4;GCF_005671335.1;GCF_006094295.1;GCF_034478925.1;GCF_034479305.1	1	0				0
start	orthogroup_593	1	10	GCA_000015785.2;GCA_000025805.1;GCF_000009045.1;GCF_000009785.1;GCF_000011245.1;GCF_000017885.4;GCF_005671335.1;GCF_006094295.1;GCF_034478925.1;GCF_034479305.1	1	0				0
start	orthogroup_593	2	10	GCA_000015785.2;GCA_000025805.1;GCF_000009045.1;GCF_000009785.1;GCF_000011245.1;GCF_000017885.4;GCF_005671335.1;GCF_006094295.1;GCF_034478925.1;GCF_034479305.1	1	2	GCF_000011245.1;GCF_005671335.1	-1.5	40.5	0
start	orthogroup_593	3	10	GCA_000015785.2;GCA_000025805.1;GCF_000009045.1;GCF_000009785.1;GCF_000011245.1;GCF_000017885.4;GCF_005671335.1;GCF_006094295.1;GCF_034478925.1;GCF_034479305.1	1	0				0
start	orthogroup_600	1	10	GCA_000015785.2;GCA_000025805.1;GCF_000009045.1;GCF_000009785.1;GCF_000011245.1;GCF_000017885.4;GCF_005671335.1;GCF_006094295.1;GCF_034478925.1;GCF_034479305.1	1	1	GCF_000017885.4	0.0		0
start	orthogroup_600	2	10	GCA_000015785.2;GCA_000025805.1;GCF_000009045.1;GCF_000009785.1;GCF_000011245.1;GCF_000017885.4;GCF_005671335.1;GCF_006094295.1;GCF_034478925.1;GCF_034479305.1	1	0				0
start	orthogroup_600	3	10	GCA_000015785.2;GCA_000025805.1;GCF_000009045.1;GCF_000009785.1;GCF_000011245.1;GCF_000017885.4;GCF_005671335.1;GCF_006094295.1;GCF_034478925.1;GCF_034479305.1	1	1	GCF_000017885.4	-3.0		0
start	orthogroup_600	4	10	GCA_000015785.2;GCA_000025805.1;GCF_000009045.1;GCF_000009785.1;GCF_000011245.1;GCF_000017885.4;GCF_005671335.1;GCF_006094295.1;GCF_034478925.1;GCF_034479305.1	1	1	GCA_000015785.2	2.0		0
start	orthogroup_600	5	10	GCA_000015785.2;GCA_000025805.1;GCF_000009045.1;GCF_000009785.1;GCF_000011245.1;GCF_000017885.4;GCF_005671335.1;GCF_006094295.1;GCF_034478925.1;GCF_034479305.1	1	1	GCF_000009785.1	9.0		0
start	orthogroup_600	6	10	GCA_000015785.2;GCA_000025805.1;GCF_000009045.1;GCF_000009785.1;GCF_000011245.1;GCF_000017885.4;GCF_005671335.1;GCF_006094295.1;GCF_034478925.1;GCF_034479305.1	1	1	GCF_000009045.1	4.0		0
start	orthogroup_600	7	10	GCA_000015785.2;GCA_000025805.1;GCF_000009045.1;GCF_000009785.1;GCF_000011245.1;GCF_000017885.4;GCF_005671335.1;GCF_006094295.1;GCF_034478925.1;GCF_034479305.1	1	0				0
start	orthogroup_600	8	10	GCA_000015785.2;GCA_000025805.1;GCF_000009045.1;GCF_000009785.1;GCF_000011245.1;GCF_000017885.4;GCF_005671335.1;GCF_006094295.1;GCF_034478925.1;GCF_034479305.1	1	0				0
start	orthogroup_600	9	10	GCA_000015785.2;GCA_000025805.1;GCF_000009045.1;GCF_000009785.1;GCF_000011245.1;GCF_000017885.4;GCF_005671335.1;GCF_006094295.1;GCF_034478925.1;GCF_034479305.1	1	0				0
start	orthogroup_600	10	10	GCA_000015785.2;GCA_000025805.1;GCF_000009045.1;GCF_000009785.1;GCF_000011245.1;GCF_000017885.4;GCF_005671335.1;GCF_006094295.1;GCF_034478925.1;GCF_034479305.1	1	0				0
start	orthogroup_600	11	10	GCA_000015785.2;GCA_000025805.1;GCF_000009045.1;GCF_000009785.1;GCF_000011245.1;GCF_000017885.4;GCF_005671335.1;GCF_006094295.1;GCF_034478925.1;GCF_034479305.1	1	0				0
start	orthogroup_600	12	10	GCA_000015785.2;GCA_000025805.1;GCF_000009045.1;GCF_000009785.1;GCF_000011245.1;GCF_000017885.4;GCF_005671335.1;GCF_006094295.1;GCF_034478925.1;GCF_034479305.1	1	0				0
start	orthogroup_617	1	10	GCA_000015785.2;GCA_000025805.1;GCF_000009045.1;GCF_000009785.1;GCF_000011245.1;GCF_000017885.4;GCF_005671335.1;GCF_006094295.1;GCF_034478925.1;GCF_034479305.1	1	1	GCF_000009045.1	-22.0		0
start	orthogroup_617	2	10	GCA_000015785.2;GCA_000025805.1;GCF_000009045.1;GCF_000009785.1;GCF_000011245.1;GCF_000017885.4;GCF_005671335.1;GCF_006094295.1;GCF_034478925.1;GCF_034479305.1	1	0				0
start	orthogroup_617	3	10	GCA_000015785.2;GCA_000025805.1;GCF_000009045.1;GCF_000009785.1;GCF_000011245.1;GCF_000017885.4;GCF_005671335.1;GCF_006094295.1;GCF_034478925.1;GCF_034479305.1	1	0				0
start	orthogroup_619	1	9	GCA_000015785.2;GCF_000009045.1;GCF_000009785.1;GCF_000011245.1;GCF_000017885.4;GCF_005671335.1;GCF_006094295.1;GCF_034478925.1;GCF_034479305.1	1	2	GCF_000017885.4;GCF_034479305.1	62.0	2738.0	0
start	orthogroup_619	2	9	GCA_000015785.2;GCF_000009045.1;GCF_000009785.1;GCF_000011245.1;GCF_000017885.4;GCF_005671335.1;GCF_006094295.1;GCF_034478925.1;GCF_034479305.1	1	1	GCF_005671335.1	-16.0		0
start	orthogroup_619	3	9	GCA_000015785.2;GCF_000009045.1;GCF_000009785.1;GCF_000011245.1;GCF_000017885.4;GCF_005671335.1;GCF_006094295.1;GCF_034478925.1;GCF_034479305.1	1	0				0
start	orthogroup_619	4	9	GCA_000015785.2;GCF_000009045.1;GCF_000009785.1;GCF_000011245.1;GCF_000017885.4;GCF_005671335.1;GCF_006094295.1;GCF_034478925.1;GCF_034479305.1	1	0				0
start	orthogroup_619	5	9	GCA_000015785.2;GCF_000009045.1;GCF_000009785.1;GCF_000011245.1;GCF_000017885.4;GCF_005671335.1;GCF_006094295.1;GCF_034478925.1;GCF_034479305.1	1	1	GCF_005671335.1	-8.0		0
start	orthogroup_619	6	9	GCA_000015785.2;GCF_000009045.1;GCF_000009785.1;GCF_000011245.1;GCF_000017885.4;GCF_005671335.1;GCF_006094295.1;GCF_034478925.1;GCF_034479305.1	1	0				0
start	orthogroup_619	7	9	GCA_000015785.2;GCF_000009045.1;GCF_000009785.1;GCF_000011245.1;GCF_000017885.4;GCF_005671335.1;GCF_006094295.1;GCF_034478925.1;GCF_034479305.1	1	0				0
start	orthogroup_619	8	9	GCA_000015785.2;GCF_000009045.1;GCF_000009785.1;GCF_000011245.1;GCF_000017885.4;GCF_005671335.1;GCF_006094295.1;GCF_034478925.1;GCF_034479305.1	1	1	GCF_000009045.1	263.0		0
start	orthogroup_636	1	10	GCA_000015785.2;GCA_000025805.1;GCF_000009045.1;GCF_000009785.1;GCF_000011245.1;GCF_000017885.4;GCF_005671335.1;GCF_006094295.1;GCF_034478925.1;GCF_034479305.1	1	1	GCF_005671335.1	2.0		0
start	orthogroup_636	2	10	GCA_000015785.2;GCA_000025805.1;GCF_000009045.1;GCF_000009785.1;GCF_000011245.1;GCF_000017885.4;GCF_005671335.1;GCF_006094295.1;GCF_034478925.1;GCF_034479305.1	1	1	GCF_005671335.1	10.0		0
start	orthogroup_636	3	10	GCA_000015785.2;GCA_000025805.1;GCF_000009045.1;GCF_000009785.1;GCF_000011245.1;GCF_000017885.4;GCF_005671335.1;GCF_006094295.1;GCF_034478925.1;GCF_034479305.1	1	1	GCF_034478925.1	43.0		0
start	orthogroup_636	4	10	GCA_000015785.2;GCA_000025805.1;GCF_000009045.1;GCF_000009785.1;GCF_000011245.1;GCF_000017885.4;GCF_005671335.1;GCF_006094295.1;GCF_034478925.1;GCF_034479305.1	1	2	GCF_000009785.1;GCF_005671335.1	-59.5	40.5	0
start	orthogroup_636	5	10	GCA_000015785.2;GCA_000025805.1;GCF_000009045.1;GCF_000009785.1;GCF_000011245.1;GCF_000017885.4;GCF_005671335.1;GCF_006094295.1;GCF_034478925.1;GCF_034479305.1	1	0				0
start	orthogroup_636	6	10	GCA_000015785.2;GCA_000025805.1;GCF_000009045.1;GCF_000009785.1;GCF_000011245.1;GCF_000017885.4;GCF_005671335.1;GCF_006094295.1;GCF_034478925.1;GCF_034479305.1	1	0				0
start	orthogroup_636	7	10	GCA_000015785.2;GCA_000025805.1;GCF_000009045.1;GCF_000009785.1;GCF_000011245.1;GCF_000017885.4;GCF_005671335.1;GCF_006094295.1;GCF_034478925.1;GCF_034479305.1	1	0				0
start	orthogroup_636	8	10	GCA_000015785.2;GCA_000025805.1;GCF_000009045.1;GCF_000009785.1;GCF_000011245.1;GCF_000017885.4;GCF_005671335.1;GCF_006094295.1;GCF_034478925.1;GCF_034479305.1	1	2	GCF_000009045.1;GCF_005671335.1	2.0	2.0	0
start	orthogroup_636	9	10	GCA_000015785.2;GCA_000025805.1;GCF_000009045.1;GCF_000009785.1;GCF_000011245.1;GCF_000017885.4;GCF_005671335.1;GCF_006094295.1;GCF_034478925.1;GCF_034479305.1	1	2	GCF_000009785.1;GCF_034478925.1	-8.5	12.5	0
start	orthogroup_636	10	10	GCA_000015785.2;GCA_000025805.1;GCF_000009045.1;GCF_000009785.1;GCF_000011245.1;GCF_000017885.4;GCF_005671335.1;GCF_006094295.1;GCF_034478925.1;GCF_034479305.1	1	0				0
start	orthogroup_636	11	10	GCA_000015785.2;GCA_000025805.1;GCF_000009045.1;GCF_000009785.1;GCF_000011245.1;GCF_000017885.4;GCF_005671335.1;GCF_006094295.1;GCF_034478925.1;GCF_034479305.1	1	1	GCA_000025805.1	0.0		0
start	orthogroup_636	12	10	GCA_000015785.2;GCA_000025805.1;GCF_000009045.1;GCF_000009785.1;GCF_000011245.1;GCF_000017885.4;GCF_005671335.1;GCF_006094295.1;GCF_034478925.1;GCF_034479305.1	1	0				0
start	orthogroup_636	13	10	GCA_000015785.2;GCA_000025805.1;GCF_000009045.1;GCF_000009785.1;GCF_000011245.1;GCF_000017885.4;GCF_005671335.1;GCF_006094295.1;GCF_034478925.1;GCF_034479305.1	1	5	GCA_000015785.2;GCA_000025805.1;GCF_000009785.1;GCF_034478925.1;GCF_034479305.1	188.0	2220.2	1
start	orthogroup_657	1	10	GCA_000015785.2;GCA_000025805.1;GCF_000009045.1;GCF_000009785.1;GCF_000011245.1;GCF_000017885.4;GCF_005671335.1;GCF_006094295.1;GCF_034478925.1;GCF_034479305.1	1	0				0
start	orthogroup_657	2	10	GCA_000015785.2;GCA_000025805.1;GCF_000009045.1;GCF_000009785.1;GCF_000011245.1;GCF_000017885.4;GCF_005671335.1;GCF_006094295.1;GCF_034478925.1;GCF_034479305.1	1	1	GCF_006094295.1	-12.0		0
start	orthogroup_657	3	10	GCA_000015785.2;GCA_000025805.1;GCF_000009045.1;GCF_000009785.1;GCF_000011245.1;GCF_000017885.4;GCF_005671335.1;GCF_006094295.1;GCF_034478925.1;GCF_034479305.1	1	0				0
start	orthogroup_657	4	10	GCA_000015785.2;GCA_000025805.1;GCF_000009045.1;GCF_000009785.1;GCF_000011245.1;GCF_000017885.4;GCF_005671335.1;GCF_006094295.1;GCF_034478925.1;GCF_034479305.1	1	0				0
start	orthogroup_657	5	10	GCA_000015785.2;GCA_000025805.1;GCF_000009045.1;GCF_000009785.1;GCF_000011245.1;GCF_000017885.4;GCF_005671335.1;GCF_006094295.1;GCF_034478925.1;GCF_034479305.1	1	2	GCA_000015785.2;GCF_000017885.4	-2.5	420.5	0
start	orthogroup_657	6	10	GCA_000015785.2;GCA_000025805.1;GCF_000009045.1;GCF_000009785.1;GCF_000011245.1;GCF_000017885.4;GCF_005671335.1;GCF_006094295.1;GCF_034478925.1;GCF_034479305.1	1	1	GCF_000011245.1	-2.0		0
start	orthogroup_657	7	10	GCA_000015785.2;GCA_000025805.1;GCF_000009045.1;GCF_000009785.1;GCF_000011245.1;GCF_000017885.4;GCF_005671335.1;GCF_006094295.1;GCF_034478925.1;GCF_034479305.1	1	0				0
start	orthogroup_657	8	10	GCA_000015785.2;GCA_000025805.1;GCF_000009045.1;GCF_000009785.1;GCF_000011245.1;GCF_000017885.4;GCF_005671335.1;GCF_006094295.1;GCF_034478925.1;GCF_034479305.1	1	2	GCA_000025805.1;GCF_005671335.1	2.0	98.0	0
start	orthogroup_657	9	10	GCA_000015785.2;GCA_000025805.1;GCF_000009045.1;GCF_000009785.1;GCF_000011245.1;GCF_000017885.4;GCF_005671335.1;GCF_006094295.1;GCF_034478925.1;GCF_034479305.1	1	0				0
start	orthogroup_657	10	10	GCA_000015785.2;GCA_000025805.1;GCF_000009045.1;GCF_000009785.1;GCF_000011245.1;GCF_000017885.4;GCF_005671335.1;GCF_006094295.1;GCF_034478925.1;GCF_034479305.1	1	1	GCF_000011245.1	24.0		0
start	orthogroup_67	1	10	GCA_000015785.2;GCA_000025805.1;GCF_000009045.1;GCF_000009785.1;GCF_000011245.1;GCF_000017885.4;GCF_005671335.1;GCF_006094295.1;GCF_034478925.1;GCF_034479305.1	1	0				0
start	orthogroup_67	2	10	GCA_000015785.2;GCA_000025805.1;GCF_000009045.1;GCF_000009785.1;GCF_000011245.1;GCF_000017885.4;GCF_005671335.1;GCF_006094295.1;GCF_034478925.1;GCF_034479305.1	1	1	GCF_000017885.4	-9.0		0
start	orthogroup_67	3	10	GCA_000015785.2;GCA_000025805.1;GCF_000009045.1;GCF_000009785.1;GCF_000011245.1;GCF_000017885.4;GCF_005671335.1;GCF_006094295.1;GCF_034478925.1;GCF_034479305.1	1	0				0
start	orthogroup_67	4	10	GCA_000015785.2;GCA_000025805.1;GCF_000009045.1;GCF_000009785.1;GCF_000011245.1;GCF_000017885.4;GCF_005671335.1;GCF_006094295.1;GCF_034478925.1;GCF_034479305.1	1	4	GCA_000015785.2;GCF_000009045.1;GCF_000009785.1;GCF_000017885.4	129.0	17206.333333333332	1
start	orthogroup_672	1	10	GCA_000015785.2;GCA_000025805.1;GCF_000009045.1;GCF_000009785.1;GCF_000011245.1;GCF_000017885.4;GCF_005671335.1;GCF_006094295.1;GCF_034478925.1;GCF_034479305.1	1	0				0
start	orthogroup_672	2	10	GCA_000015785.2;GCA_000025805.1;GCF_000009045.1;GCF_000009785.1;GCF_000011245.1;GCF_000017885.4;GCF_005671335.1;GCF_006094295.1;GCF_034478925.1;GCF_034479305.1	1	2	GCA_000015785.2;GCF_000009045.1	6.0	18.0	0
start	orthogroup_672	3	10	GCA_000015785.2;GCA_000025805.1;GCF_000009045.1;GCF_000009785.1;GCF_000011245.1;GCF_000017885.4;GCF_005671335.1;GCF_006094295.1;GCF_034478925.1;GCF_034479305.1	1	0				0
start	orthogroup_672	4	10	GCA_000015785.2;GCA_000025805.1;GCF_000009045.1;GCF_000009785.1;GCF_000011245.1;GCF_000017885.4;GCF_005671335.1;GCF_006094295.1;GCF_034478925.1;GCF_034479305.1	1	2	GCF_000009045.1;GCF_000011245.1	2.0	242.0	0
start	orthogroup_672	5	10	GCA_000015785.2;GCA_000025805.1;GCF_000009045.1;GCF_000009785.1;GCF_000011245.1;GCF_000017885.4;GCF_005671335.1;GCF_006094295.1;GCF_034478925.1;GCF_034479305.1	1	1	GCF_006094295.1	8.0		0
start	orthogroup_672	6	10	GCA_000015785.2;GCA_000025805.1;GCF_000009045.1;GCF_000009785.1;GCF_000011245.1;GCF_000017885.4;GCF_005671335.1;GCF_006094295.1;GCF_034478925.1;GCF_034479305.1	1	1	GCF_000009785.1	13.0		0
start	orthogroup_672	7	10	GCA_000015785.2;GCA_000025805.1;GCF_000009045.1;GCF_000009785.1;GCF_000011245.1;GCF_000017885.4;GCF_005671335.1;GCF_006094295.1;GCF_034478925.1;GCF_034479305.1	1	1	GCF_000011245.1	1.0		0
start	orthogroup_672	8	10	GCA_000015785.2;GCA_000025805.1;GCF_000009045.1;GCF_000009785.1;GCF_000011245.1;GCF_000017885.4;GCF_005671335.1;GCF_006094295.1;GCF_034478925.1;GCF_034479305.1	1	2	GCF_000017885.4;GCF_006094295.1	14.0	32.0	0
start	orthogroup_672	9	10	GCA_000015785.2;GCA_000025805.1;GCF_000009045.1;GCF_000009785.1;GCF_000011245.1;GCF_000017885.4;GCF_005671335.1;GCF_006094295.1;GCF_034478925.1;GCF_034479305.1	1	0				0
start	orthogroup_672	10	10	GCA_000015785.2;GCA_000025805.1;GCF_000009045.1;GCF_000009785.1;GCF_000011245.1;GCF_000017885.4;GCF_005671335.1;GCF_006094295.1;GCF_034478925.1;GCF_034479305.1	1	0				0
start	orthogroup_672	11	10	GCA_000015785.2;GCA_000025805.1;GCF_000009045.1;GCF_000009785.1;GCF_000011245.1;GCF_000017885.4;GCF_005671335.1;GCF_006094295.1;GCF_034478925.1;GCF_034479305.1	1	0				0
start	orthogroup_672	12	10	GCA_000015785.2;GCA_000025805.1;GCF_000009045.1;GCF_000009785.1;GCF_000011245.1;GCF_000017885.4;GCF_005671335.1;GCF_006094295.1;GCF_034478925.1;GCF_034479305.1	1	1	GCF_000009785.1	-5.0		0
start	orthogroup_672	13	10	GCA_000015785.2;GCA_000025805.1;GCF_000009045.1;GCF_000009785.1;GCF_000011245.1;GCF_000017885.4;GCF_005671335.1;GCF_006094295.1;GCF_034478925.1;GCF_034479305.1	1	0				0
start	orthogroup_672	14	10	GCA_000015785.2;GCA_000025805.1;GCF_000009045.1;GCF_000009785.1;GCF_000011245.1;GCF_000017885.4;GCF_005671335.1;GCF_006094295.1;GCF_034478925.1;GCF_034479305.1	1	1	GCF_000011245.1	15.0		0
start	orthogroup_673	1	10	GCA_000015785.2;GCA_000025805.1;GCF_000009045.1;GCF_000009785.1;GCF_000011245.1;GCF_000017885.4;GCF_005671335.1;GCF_006094295.1;GCF_034478925.1;GCF_034479305.1	1	0				0
start	orthogroup_673	2	10	GCA_000015785.2;GCA_000025805.1;GCF_000009045.1;GCF_000009785.1;GCF_000011245.1;GCF_000017885.4;GCF_005671335.1;GCF_006094295.1;GCF_034478925.1;GCF_034479305.1	1	0				0
start	orthogroup_673	3	10	GCA_000015785.2;GCA_000025805.1;GCF_000009045.1;GCF_000009785.1;GCF_000011245.1;GCF_000017885.4;GCF_005671335.1;GCF_006094295.1;GCF_034478925.1;GCF_034479305.1	1	0				0
start	orthogroup_673	4	10	GCA_000015785.2;GCA_000025805.1;GCF_000009045.1;GCF_000009785.1;GCF_000011245.1;GCF_000017885.4;GCF_005671335.1;GCF_006094295.1;GCF_034478925.1;GCF_034479305.1	1	0				0
start	orthogroup_684	1	10	GCA_000015785.2;GCA_000025805.1;GCF_000009045.1;GCF_000009785.1;GCF_000011245.1;GCF_000017885.4;GCF_005671335.1;GCF_006094295.1;GCF_034478925.1;GCF_034479305.1	1	0				0
start	orthogroup_684	2	10	GCA_000015785.2;GCA_000025805.1;GCF_000009045.1;GCF_000009785.1;GCF_000011245.1;GCF_000017885.4;GCF_005671335.1;GCF_006094295.1;GCF_034478925.1;GCF_034479305.1	1	0				0
start	orthogroup_684	3	10	GCA_000015785.2;GCA_000025805.1;GCF_000009045.1;GCF_000009785.1;GCF_000011245.1;GCF_000017885.4;GCF_005671335.1;GCF_006094295.1;GCF_034478925.1;GCF_034479305.1	1	0				0
start	orthogroup_684	4	10	GCA_000015785.2;GCA_000025805.1;GCF_000009045.1;GCF_000009785.1;GCF_000011245.1;GCF_000017885.4;GCF_005671335.1;GCF_006094295.1;GCF_034478925.1;GCF_034479305.1	1	1	GCF_000009045.1	0.0		0
start	orthogroup_684	5	10	GCA_000015785.2;GCA_000025805.1;GCF_000009045.1;GCF_000009785.1;GCF_000011245.1;GCF_000017885.4;GCF_005671335.1;GCF_006094295.1;GCF_034478925.1;GCF_034479305.1	1	0				0
start	orthogroup_684	6	10	GCA_000015785.2;GCA_000025805.1;GCF_000009045.1;GCF_000009785.1;GCF_000011245.1;GCF_000017885.4;GCF_005671335.1;GCF_006094295.1;GCF_034478925.1;GCF_034479305.1	1	2	GCF_000017885.4;GCF_034479305.1	56.75	3160.125	0
start	orthogroup_688	1	10	GCA_000015785.2;GCA_000025805.1;GCF_000009045.1;GCF_000009785.1;GCF_000011245.1;GCF_000017885.4;GCF_005671335.1;GCF_006094295.1;GCF_034478925.1;GCF_034479305.1	1	0				0
start	orthogroup_688	2	10	GCA_000015785.2;GCA_000025805.1;GCF_000009045.1;GCF_000009785.1;GCF_000011245.1;GCF_000017885.4;GCF_005671335.1;GCF_006094295.1;GCF_034478925.1;GCF_034479305.1	1	0				0
start	orthogroup_688	3	10	GCA_000015785.2;GCA_000025805.1;GCF_000009045.1;GCF_000009785.1;GCF_000011245.1;GCF_000017885.4;GCF_005671335.1;GCF_006094295.1;GCF_034478925.1;GCF_034479305.1	1	0				0
start	orthogroup_688	4	10	GCA_000015785.2;GCA_000025805.1;GCF_000009045.1;GCF_000009785.1;GCF_000011245.1;GCF_000017885.4;GCF_005671335.1;GCF_006094295.1;GCF_034478925.1;GCF_034479305.1	1	0				0
start	orthogroup_688	5	10	GCA_000015785.2;GCA_000025805.1;GCF_000009045.1;GCF_000009785.1;GCF_000011245.1;GCF_000017885.4;GCF_005671335.1;GCF_006094295.1;GCF_034478925.1;GCF_034479305.1	1	0				0
start	orthogroup_688	6	10	GCA_000015785.2;GCA_000025805.1;GCF_000009045.1;GCF_000009785.1;GCF_000011245.1;GCF_000017885.4;GCF_005671335.1;GCF_006094295.1;GCF_034478925.1;GCF_034479305.1	1	1	GCF_000009045.1	29.0		0
start	orthogroup_692	1	10	GCA_000015785.2;GCA_000025805.1;GCF_000009045.1;GCF_000009785.1;GCF_000011245.1;GCF_000017885.4;GCF_005671335.1;GCF_006094295.1;GCF_034478925.1;GCF_034479305.1	1	1	GCF_005671335.1	1.5		0
start	orthogroup_692	2	10	GCA_000015785.2;GCA_000025805.1;GCF_000009045.1;GCF_000009785.1;GCF_000011245.1;GCF_000017885.4;GCF_005671335.1;GCF_006094295.1;GCF_034478925.1;GCF_034479305.1	1	4	GCA_000025805.1;GCF_000009785.1;GCF_000017885.4;GCF_006094295.1	-11.5	291.2291666666667	1
start	orthogroup_692	3	10	GCA_000015785.2;GCA_000025805.1;GCF_000009045.1;GCF_000009785.1;GCF_000011245.1;GCF_000017885.4;GCF_005671335.1;GCF_006094295.1;GCF_034478925.1;GCF_034479305.1	1	1	GCF_034478925.1	-3.0		0
start	orthogroup_692	4	10	GCA_000015785.2;GCA_000025805.1;GCF_000009045.1;GCF_000009785.1;GCF_000011245.1;GCF_000017885.4;GCF_005671335.1;GCF_006094295.1;GCF_034478925.1;GCF_034479305.1	1	0				0
start	orthogroup_692	5	10	GCA_000015785.2;GCA_000025805.1;GCF_000009045.1;GCF_000009785.1;GCF_000011245.1;GCF_000017885.4;GCF_005671335.1;GCF_006094295.1;GCF_034478925.1;GCF_034479305.1	1	0				0
start	orthogroup_692	6	10	GCA_000015785.2;GCA_000025805.1;GCF_000009045.1;GCF_000009785.1;GCF_000011245.1;GCF_000017885.4;GCF_005671335.1;GCF_006094295.1;GCF_034478925.1;GCF_034479305.1	1	0				0
start	orthogroup_692	7	10	GCA_000015785.2;GCA_000025805.1;GCF_000009045.1;GCF_000009785.1;GCF_000011245.1;GCF_000017885.4;GCF_005671335.1;GCF_006094295.1;GCF_034478925.1;GCF_034479305.1	1	0				0
start	orthogroup_692	8	10	GCA_000015785.2;GCA_000025805.1;GCF_000009045.1;GCF_000009785.1;GCF_000011245.1;GCF_000017885.4;GCF_005671335.1;GCF_006094295.1;GCF_034478925.1;GCF_034479305.1	1	0				0
start	orthogroup_700	1	10	GCA_000015785.2;GCA_000025805.1;GCF_000009045.1;GCF_000009785.1;GCF_000011245.1;GCF_000017885.4;GCF_005671335.1;GCF_006094295.1;GCF_034478925.1;GCF_034479305.1	1	0				0
start	orthogroup_700	2	10	GCA_000015785.2;GCA_000025805.1;GCF_000009045.1;GCF_000009785.1;GCF_000011245.1;GCF_000017885.4;GCF_005671335.1;GCF_006094295.1;GCF_034478925.1;GCF_034479305.1	1	1	GCF_006094295.1	11.0		0
start	orthogroup_700	3	10	GCA_000015785.2;GCA_000025805.1;GCF_000009045.1;GCF_000009785.1;GCF_000011245.1;GCF_000017885.4;GCF_005671335.1;GCF_006094295.1;GCF_034478925.1;GCF_034479305.1	1	0				0
start	orthogroup_700	4	10	GCA_000015785.2;GCA_000025805.1;GCF_000009045.1;GCF_000009785.1;GCF_000011245.1;GCF_000017885.4;GCF_005671335.1;GCF_006094295.1;GCF_034478925.1;GCF_034479305.1	1	0				0
start	orthogroup_700	5	10	GCA_000015785.2;GCA_000025805.1;GCF_000009045.1;GCF_000009785.1;GCF_000011245.1;GCF_000017885.4;GCF_005671335.1;GCF_006094295.1;GCF_034478925.1;GCF_034479305.1	1	0				0
start	orthogroup_700	6	10	GCA_000015785.2;GCA_000025805.1;GCF_000009045.1;GCF_000009785.1;GCF_000011245.1;GCF_000017885.4;GCF_005671335.1;GCF_006094295.1;GCF_034478925.1;GCF_034479305.1	1	1	GCF_034478925.1	-19.0		0
start	orthogroup_700	7	10	GCA_000015785.2;GCA_000025805.1;GCF_000009045.1;GCF_000009785.1;GCF_000011245.1;GCF_000017885.4;GCF_005671335.1;GCF_006094295.1;GCF_034478925.1;GCF_034479305.1	1	0				0
start	orthogroup_700	8	10	GCA_000015785.2;GCA_000025805.1;GCF_000009045.1;GCF_000009785.1;GCF_000011245.1;GCF_000017885.4;GCF_005671335.1;GCF_006094295.1;GCF_034478925.1;GCF_034479305.1	1	1	GCF_005671335.1	11.0		0
start	orthogroup_722	1	10	GCA_000015785.2;GCA_000025805.1;GCF_000009045.1;GCF_000009785.1;GCF_000011245.1;GCF_000017885.4;GCF_005671335.1;GCF_006094295.1;GCF_034478925.1;GCF_034479305.1	1	0				0
start	orthogroup_722	2	10	GCA_000015785.2;GCA_000025805.1;GCF_000009045.1;GCF_000009785.1;GCF_000011245.1;GCF_000017885.4;GCF_005671335.1;GCF_006094295.1;GCF_034478925.1;GCF_034479305.1	1	0				0
start	orthogroup_722	3	10	GCA_000015785.2;GCA_000025805.1;GCF_000009045.1;GCF_000009785.1;GCF_000011245.1;GCF_000017885.4;GCF_005671335.1;GCF_006094295.1;GCF_034478925.1;GCF_034479305.1	1	0				0
start	orthogroup_722	4	10	GCA_000015785.2;GCA_000025805.1;GCF_000009045.1;GCF_000009785.1;GCF_000011245.1;GCF_000017885.4;GCF_005671335.1;GCF_006094295.1;GCF_034478925.1;GCF_034479305.1	1	0				0
start	orthogroup_722	5	10	GCA_000015785.2;GCA_000025805.1;GCF_000009045.1;GCF_000009785.1;GCF_000011245.1;GCF_000017885.4;GCF_005671335.1;GCF_006094295.1;GCF_034478925.1;GCF_034479305.1	1	0				0
start	orthogroup_732	1	10	GCA_000015785.2;GCA_000025805.1;GCF_000009045.1;GCF_000009785.1;GCF_000011245.1;GCF_000017885.4;GCF_005671335.1;GCF_006094295.1;GCF_034478925.1;GCF_034479305.1	1	0				0
start	orthogroup_732	2	10	GCA_000015785.2;GCA_000025805.1;GCF_000009045.1;GCF_000009785.1;GCF_000011245.1;GCF_000017885.4;GCF_005671335.1;GCF_006094295.1;GCF_034478925.1;GCF_034479305.1	1	1	GCF_000011245.1	15.0		0
start	orthogroup_732	3	10	GCA_000015785.2;GCA_000025805.1;GCF_000009045.1;GCF_000009785.1;GCF_000011245.1;GCF_000017885.4;GCF_005671335.1;GCF_006094295.1;GCF_034478925.1;GCF_034479305.1	1	0				0
start	orthogroup_732	4	10	GCA_000015785.2;GCA_000025805.1;GCF_000009045.1;GCF_000009785.1;GCF_000011245.1;GCF_000017885.4;GCF_005671335.1;GCF_006094295.1;GCF_034478925.1;GCF_034479305.1	1	0				0
start	orthogroup_738	2	8	GCA_000015785.2;GCA_000025805.1;GCF_000009045.1;GCF_000011245.1;GCF_000017885.4;GCF_005671335.1;GCF_034478925.1;GCF_034479305.1	1	0				0
start	orthogroup_738	3	8	GCA_000015785.2;GCA_000025805.1;GCF_000009045.1;GCF_000011245.1;GCF_000017885.4;GCF_005671335.1;GCF_034478925.1;GCF_034479305.1	1	0				0
start	orthogroup_738	4	8	GCA_000015785.2;GCA_000025805.1;GCF_000009045.1;GCF_000011245.1;GCF_000017885.4;GCF_005671335.1;GCF_034478925.1;GCF_034479305.1	1	0				0
start	orthogroup_738	5	8	GCA_000015785.2;GCA_000025805.1;GCF_000009045.1;GCF_000011245.1;GCF_000017885.4;GCF_005671335.1;GCF_034478925.1;GCF_034479305.1	1	0				0
start	orthogroup_738	6	8	GCA_000015785.2;GCA_000025805.1;GCF_000009045.1;GCF_000011245.1;GCF_000017885.4;GCF_005671335.1;GCF_034478925.1;GCF_034479305.1	1	0				0
start	orthogroup_738	7	8	GCA_000015785.2;GCA_000025805.1;GCF_000009045.1;GCF_000011245.1;GCF_000017885.4;GCF_005671335.1;GCF_034478925.1;GCF_034479305.1	1	0				0
start	orthogroup_738	8	8	GCA_000015785.2;GCA_000025805.1;GCF_000009045.1;GCF_000011245.1;GCF_000017885.4;GCF_005671335.1;GCF_034478925.1;GCF_034479305.1	1	0				0
start	orthogroup_738	9	8	GCA_000015785.2;GCA_000025805.1;GCF_000009045.1;GCF_000011245.1;GCF_000017885.4;GCF_005671335.1;GCF_034478925.1;GCF_034479305.1	1	0				0
start	orthogroup_738	10	8	GCA_000015785.2;GCA_000025805.1;GCF_000009045.1;GCF_000011245.1;GCF_000017885.4;GCF_005671335.1;GCF_034478925.1;GCF_034479305.1	1	0				0
start	orthogroup_738	11	8	GCA_000015785.2;GCA_000025805.1;GCF_000009045.1;GCF_000011245.1;GCF_000017885.4;GCF_005671335.1;GCF_034478925.1;GCF_034479305.1	1	1	GCF_000017885.4	36.0		0
start	orthogroup_738	12	8	GCA_000015785.2;GCA_000025805.1;GCF_000009045.1;GCF_000011245.1;GCF_000017885.4;GCF_005671335.1;GCF_034478925.1;GCF_034479305.1	1	0				0
start	orthogroup_738	13	8	GCA_000015785.2;GCA_000025805.1;GCF_000009045.1;GCF_000011245.1;GCF_000017885.4;GCF_005671335.1;GCF_034478925.1;GCF_034479305.1	1	0				0
start	orthogroup_738	14	8	GCA_000015785.2;GCA_000025805.1;GCF_000009045.1;GCF_000011245.1;GCF_000017885.4;GCF_005671335.1;GCF_034478925.1;GCF_034479305.1	1	0				0
start	orthogroup_738	16	8	GCA_000015785.2;GCA_000025805.1;GCF_000009045.1;GCF_000011245.1;GCF_000017885.4;GCF_005671335.1;GCF_034478925.1;GCF_034479305.1	1	0				0
start	orthogroup_749	1	10	GCA_000015785.2;GCA_000025805.1;GCF_000009045.1;GCF_000009785.1;GCF_000011245.1;GCF_000017885.4;GCF_005671335.1;GCF_006094295.1;GCF_034478925.1;GCF_034479305.1	1	0				0
start	orthogroup_749	2	10	GCA_000015785.2;GCA_000025805.1;GCF_000009045.1;GCF_000009785.1;GCF_000011245.1;GCF_000017885.4;GCF_005671335.1;GCF_006094295.1;GCF_034478925.1;GCF_034479305.1	1	1	GCF_000011245.1	13.0		0
start	orthogroup_749	3	10	GCA_000015785.2;GCA_000025805.1;GCF_000009045.1;GCF_000009785.1;GCF_000011245.1;GCF_000017885.4;GCF_005671335.1;GCF_006094295.1;GCF_034478925.1;GCF_034479305.1	1	0				0
start	orthogroup_749	4	10	GCA_000015785.2;GCA_000025805.1;GCF_000009045.1;GCF_000009785.1;GCF_000011245.1;GCF_000017885.4;GCF_005671335.1;GCF_006094295.1;GCF_034478925.1;GCF_034479305.1	1	1	GCF_006094295.1	-25.0		0
start	orthogroup_749	5	10	GCA_000015785.2;GCA_000025805.1;GCF_000009045.1;GCF_000009785.1;GCF_000011245.1;GCF_000017885.4;GCF_005671335.1;GCF_006094295.1;GCF_034478925.1;GCF_034479305.1	1	0				0
start	orthogroup_749	6	10	GCA_000015785.2;GCA_000025805.1;GCF_000009045.1;GCF_000009785.1;GCF_000011245.1;GCF_000017885.4;GCF_005671335.1;GCF_006094295.1;GCF_034478925.1;GCF_034479305.1	1	1	GCF_034478925.1	4.0		0
start	orthogroup_757	1	10	GCA_000015785.2;GCA_000025805.1;GCF_000009045.1;GCF_000009785.1;GCF_000011245.1;GCF_000017885.4;GCF_005671335.1;GCF_006094295.1;GCF_034478925.1;GCF_034479305.1	1	0				0
start	orthogroup_757	2	10	GCA_000015785.2;GCA_000025805.1;GCF_000009045.1;GCF_000009785.1;GCF_000011245.1;GCF_000017885.4;GCF_005671335.1;GCF_006094295.1;GCF_034478925.1;GCF_034479305.1	1	0				0
start	orthogroup_757	3	10	GCA_000015785.2;GCA_000025805.1;GCF_000009045.1;GCF_000009785.1;GCF_000011245.1;GCF_000017885.4;GCF_005671335.1;GCF_006094295.1;GCF_034478925.1;GCF_034479305.1	1	1	GCF_000009045.1	-3.0		0
start	orthogroup_757	4	10	GCA_000015785.2;GCA_000025805.1;GCF_000009045.1;GCF_000009785.1;GCF_000011245.1;GCF_000017885.4;GCF_005671335.1;GCF_006094295.1;GCF_034478925.1;GCF_034479305.1	1	0				0
start	orthogroup_757	5	10	GCA_000015785.2;GCA_000025805.1;GCF_000009045.1;GCF_000009785.1;GCF_000011245.1;GCF_000017885.4;GCF_005671335.1;GCF_006094295.1;GCF_034478925.1;GCF_034479305.1	1	1	GCF_034479305.1	-13.0		0
start	orthogroup_757	6	10	GCA_000015785.2;GCA_000025805.1;GCF_000009045.1;GCF_000009785.1;GCF_000011245.1;GCF_000017885.4;GCF_005671335.1;GCF_006094295.1;GCF_034478925.1;GCF_034479305.1	1	0				0
start	orthogroup_757	7	10	GCA_000015785.2;GCA_000025805.1;GCF_000009045.1;GCF_000009785.1;GCF_000011245.1;GCF_000017885.4;GCF_005671335.1;GCF_006094295.1;GCF_034478925.1;GCF_034479305.1	1	0				0
start	orthogroup_757	8	10	GCA_000015785.2;GCA_000025805.1;GCF_000009045.1;GCF_000009785.1;GCF_000011245.1;GCF_000017885.4;GCF_005671335.1;GCF_006094295.1;GCF_034478925.1;GCF_034479305.1	1	0				0
start	orthogroup_757	9	10	GCA_000015785.2;GCA_000025805.1;GCF_000009045.1;GCF_000009785.1;GCF_000011245.1;GCF_000017885.4;GCF_005671335.1;GCF_006094295.1;GCF_034478925.1;GCF_034479305.1	1	1	GCF_000009045.1	-11.0		0
start	orthogroup_757	10	10	GCA_000015785.2;GCA_000025805.1;GCF_000009045.1;GCF_000009785.1;GCF_000011245.1;GCF_000017885.4;GCF_005671335.1;GCF_006094295.1;GCF_034478925.1;GCF_034479305.1	1	1	GCF_005671335.1	-3.5		0
start	orthogroup_764	1	10	GCA_000015785.2;GCA_000025805.1;GCF_000009045.1;GCF_000009785.1;GCF_000011245.1;GCF_000017885.4;GCF_005671335.1;GCF_006094295.1;GCF_034478925.1;GCF_034479305.1	1	0				0
start	orthogroup_764	2	10	GCA_000015785.2;GCA_000025805.1;GCF_000009045.1;GCF_000009785.1;GCF_000011245.1;GCF_000017885.4;GCF_005671335.1;GCF_006094295.1;GCF_034478925.1;GCF_034479305.1	1	0				0
start	orthogroup_764	3	10	GCA_000015785.2;GCA_000025805.1;GCF_000009045.1;GCF_000009785.1;GCF_000011245.1;GCF_000017885.4;GCF_005671335.1;GCF_006094295.1;GCF_034478925.1;GCF_034479305.1	1	1	GCF_005671335.1	-8.0		0
start	orthogroup_767	1	10	GCA_000015785.2;GCA_000025805.1;GCF_000009045.1;GCF_000009785.1;GCF_000011245.1;GCF_000017885.4;GCF_005671335.1;GCF_006094295.1;GCF_034478925.1;GCF_034479305.1	1	0				0
start	orthogroup_767	2	10	GCA_000015785.2;GCA_000025805.1;GCF_000009045.1;GCF_000009785.1;GCF_000011245.1;GCF_000017885.4;GCF_005671335.1;GCF_006094295.1;GCF_034478925.1;GCF_034479305.1	1	0				0
start	orthogroup_767	3	10	GCA_000015785.2;GCA_000025805.1;GCF_000009045.1;GCF_000009785.1;GCF_000011245.1;GCF_000017885.4;GCF_005671335.1;GCF_006094295.1;GCF_034478925.1;GCF_034479305.1	1	0				0
start	orthogroup_795	1	10	GCA_000015785.2;GCA_000025805.1;GCF_000009045.1;GCF_000009785.1;GCF_000011245.1;GCF_000017885.4;GCF_005671335.1;GCF_006094295.1;GCF_034478925.1;GCF_034479305.1	1	0				0
start	orthogroup_795	2	10	GCA_000015785.2;GCA_000025805.1;GCF_000009045.1;GCF_000009785.1;GCF_000011245.1;GCF_000017885.4;GCF_005671335.1;GCF_006094295.1;GCF_034478925.1;GCF_034479305.1	1	0				0
start	orthogroup_795	3	10	GCA_000015785.2;GCA_000025805.1;GCF_000009045.1;GCF_000009785.1;GCF_000011245.1;GCF_000017885.4;GCF_005671335.1;GCF_006094295.1;GCF_034478925.1;GCF_034479305.1	1	0				0
start	orthogroup_795	4	10	GCA_000015785.2;GCA_000025805.1;GCF_000009045.1;GCF_000009785.1;GCF_000011245.1;GCF_000017885.4;GCF_005671335.1;GCF_006094295.1;GCF_034478925.1;GCF_034479305.1	1	0				0
start	orthogroup_795	5	10	GCA_000015785.2;GCA_000025805.1;GCF_000009045.1;GCF_000009785.1;GCF_000011245.1;GCF_000017885.4;GCF_005671335.1;GCF_006094295.1;GCF_034478925.1;GCF_034479305.1	1	0				0
start	orthogroup_795	6	10	GCA_000015785.2;GCA_000025805.1;GCF_000009045.1;GCF_000009785.1;GCF_000011245.1;GCF_000017885.4;GCF_005671335.1;GCF_006094295.1;GCF_034478925.1;GCF_034479305.1	1	0				0
start	orthogroup_795	7	10	GCA_000015785.2;GCA_000025805.1;GCF_000009045.1;GCF_000009785.1;GCF_000011245.1;GCF_000017885.4;GCF_005671335.1;GCF_006094295.1;GCF_034478925.1;GCF_034479305.1	1	0				0
start	orthogroup_795	8	10	GCA_000015785.2;GCA_000025805.1;GCF_000009045.1;GCF_000009785.1;GCF_000011245.1;GCF_000017885.4;GCF_005671335.1;GCF_006094295.1;GCF_034478925.1;GCF_034479305.1	1	0				0
start	orthogroup_795	9	10	GCA_000015785.2;GCA_000025805.1;GCF_000009045.1;GCF_000009785.1;GCF_000011245.1;GCF_000017885.4;GCF_005671335.1;GCF_006094295.1;GCF_034478925.1;GCF_034479305.1	1	1	GCF_000017885.4	-11.5		0
start	orthogroup_795	10	10	GCA_000015785.2;GCA_000025805.1;GCF_000009045.1;GCF_000009785.1;GCF_000011245.1;GCF_000017885.4;GCF_005671335.1;GCF_006094295.1;GCF_034478925.1;GCF_034479305.1	1	0				0
start	orthogroup_795	11	10	GCA_000015785.2;GCA_000025805.1;GCF_000009045.1;GCF_000009785.1;GCF_000011245.1;GCF_000017885.4;GCF_005671335.1;GCF_006094295.1;GCF_034478925.1;GCF_034479305.1	1	0				0
start	orthogroup_795	12	10	GCA_000015785.2;GCA_000025805.1;GCF_000009045.1;GCF_000009785.1;GCF_000011245.1;GCF_000017885.4;GCF_005671335.1;GCF_006094295.1;GCF_034478925.1;GCF_034479305.1	1	0				0
start	orthogroup_795	13	10	GCA_000015785.2;GCA_000025805.1;GCF_000009045.1;GCF_000009785.1;GCF_000011245.1;GCF_000017885.4;GCF_005671335.1;GCF_006094295.1;GCF_034478925.1;GCF_034479305.1	1	0				0
start	orthogroup_795	14	10	GCA_000015785.2;GCA_000025805.1;GCF_000009045.1;GCF_000009785.1;GCF_000011245.1;GCF_000017885.4;GCF_005671335.1;GCF_006094295.1;GCF_034478925.1;GCF_034479305.1	1	1	GCF_000011245.1	13.5		0
start	orthogroup_812	1	10	GCA_000015785.2;GCA_000025805.1;GCF_000009045.1;GCF_000009785.1;GCF_000011245.1;GCF_000017885.4;GCF_005671335.1;GCF_006094295.1;GCF_034478925.1;GCF_034479305.1	1	0				0
start	orthogroup_812	2	10	GCA_000015785.2;GCA_000025805.1;GCF_000009045.1;GCF_000009785.1;GCF_000011245.1;GCF_000017885.4;GCF_005671335.1;GCF_006094295.1;GCF_034478925.1;GCF_034479305.1	1	0				0
start	orthogroup_812	3	10	GCA_000015785.2;GCA_000025805.1;GCF_000009045.1;GCF_000009785.1;GCF_000011245.1;GCF_000017885.4;GCF_005671335.1;GCF_006094295.1;GCF_034478925.1;GCF_034479305.1	1	0				0
start	orthogroup_812	4	10	GCA_000015785.2;GCA_000025805.1;GCF_000009045.1;GCF_000009785.1;GCF_000011245.1;GCF_000017885.4;GCF_005671335.1;GCF_006094295.1;GCF_034478925.1;GCF_034479305.1	1	0				0
start	orthogroup_812	5	10	GCA_000015785.2;GCA_000025805.1;GCF_000009045.1;GCF_000009785.1;GCF_000011245.1;GCF_000017885.4;GCF_005671335.1;GCF_006094295.1;GCF_034478925.1;GCF_034479305.1	1	0				0
start	orthogroup_812	6	10	GCA_000015785.2;GCA_000025805.1;GCF_000009045.1;GCF_000009785.1;GCF_000011245.1;GCF_000017885.4;GCF_005671335.1;GCF_006094295.1;GCF_034478925.1;GCF_034479305.1	1	0				0
start	orthogroup_812	7	10	GCA_000015785.2;GCA_000025805.1;GCF_000009045.1;GCF_000009785.1;GCF_000011245.1;GCF_000017885.4;GCF_005671335.1;GCF_006094295.1;GCF_034478925.1;GCF_034479305.1	1	0				0
start	orthogroup_812	8	10	GCA_000015785.2;GCA_000025805.1;GCF_000009045.1;GCF_000009785.1;GCF_000011245.1;GCF_000017885.4;GCF_005671335.1;GCF_006094295.1;GCF_034478925.1;GCF_034479305.1	1	0				0
start	orthogroup_812	9	10	GCA_000015785.2;GCA_000025805.1;GCF_000009045.1;GCF_000009785.1;GCF_000011245.1;GCF_000017885.4;GCF_005671335.1;GCF_006094295.1;GCF_034478925.1;GCF_034479305.1	1	1	GCA_000025805.1	6.0		0
start	orthogroup_812	10	10	GCA_000015785.2;GCA_000025805.1;GCF_000009045.1;GCF_000009785.1;GCF_000011245.1;GCF_000017885.4;GCF_005671335.1;GCF_006094295.1;GCF_034478925.1;GCF_034479305.1	1	0				0
start	orthogroup_812	11	10	GCA_000015785.2;GCA_000025805.1;GCF_000009045.1;GCF_000009785.1;GCF_000011245.1;GCF_000017885.4;GCF_005671335.1;GCF_006094295.1;GCF_034478925.1;GCF_034479305.1	1	1	GCF_034478925.1	-6.0		0
start	orthogroup_812	12	10	GCA_000015785.2;GCA_000025805.1;GCF_000009045.1;GCF_000009785.1;GCF_000011245.1;GCF_000017885.4;GCF_005671335.1;GCF_006094295.1;GCF_034478925.1;GCF_034479305.1	1	1	GCF_000009785.1	4.0		0
start	orthogroup_816	1	10	GCA_000015785.2;GCA_000025805.1;GCF_000009045.1;GCF_000009785.1;GCF_000011245.1;GCF_000017885.4;GCF_005671335.1;GCF_006094295.1;GCF_034478925.1;GCF_034479305.1	1	1	GCA_000025805.1	1.0		0
start	orthogroup_816	2	10	GCA_000015785.2;GCA_000025805.1;GCF_000009045.1;GCF_000009785.1;GCF_000011245.1;GCF_000017885.4;GCF_005671335.1;GCF_006094295.1;GCF_034478925.1;GCF_034479305.1	1	0				0
start	orthogroup_816	3	10	GCA_000015785.2;GCA_000025805.1;GCF_000009045.1;GCF_000009785.1;GCF_000011245.1;GCF_000017885.4;GCF_005671335.1;GCF_006094295.1;GCF_034478925.1;GCF_034479305.1	1	0				0
start	orthogroup_840	1	10	GCA_000015785.2;GCA_000025805.1;GCF_000009045.1;GCF_000009785.1;GCF_000011245.1;GCF_000017885.4;GCF_005671335.1;GCF_006094295.1;GCF_034478925.1;GCF_034479305.1	1	0				0
start	orthogroup_840	2	10	GCA_000015785.2;GCA_000025805.1;GCF_000009045.1;GCF_000009785.1;GCF_000011245.1;GCF_000017885.4;GCF_005671335.1;GCF_006094295.1;GCF_034478925.1;GCF_034479305.1	1	0				0
start	orthogroup_840	3	10	GCA_000015785.2;GCA_000025805.1;GCF_000009045.1;GCF_000009785.1;GCF_000011245.1;GCF_000017885.4;GCF_005671335.1;GCF_006094295.1;GCF_034478925.1;GCF_034479305.1	1	0				0
start	orthogroup_840	4	10	GCA_000015785.2;GCA_000025805.1;GCF_000009045.1;GCF_000009785.1;GCF_000011245.1;GCF_000017885.4;GCF_005671335.1;GCF_006094295.1;GCF_034478925.1;GCF_034479305.1	1	0				0
start	orthogroup_840	5	10	GCA_000015785.2;GCA_000025805.1;GCF_000009045.1;GCF_000009785.1;GCF_000011245.1;GCF_000017885.4;GCF_005671335.1;GCF_006094295.1;GCF_034478925.1;GCF_034479305.1	1	1	GCF_000009785.1	3.0		0
start	orthogroup_850	1	10	GCA_000015785.2;GCA_000025805.1;GCF_000009045.1;GCF_000009785.1;GCF_000011245.1;GCF_000017885.4;GCF_005671335.1;GCF_006094295.1;GCF_034478925.1;GCF_034479305.1	1	1	GCF_006094295.1	5.0		0
start	orthogroup_850	2	10	GCA_000015785.2;GCA_000025805.1;GCF_000009045.1;GCF_000009785.1;GCF_000011245.1;GCF_000017885.4;GCF_005671335.1;GCF_006094295.1;GCF_034478925.1;GCF_034479305.1	1	1	GCF_000009785.1	5.0		0
start	orthogroup_850	3	10	GCA_000015785.2;GCA_000025805.1;GCF_000009045.1;GCF_000009785.1;GCF_000011245.1;GCF_000017885.4;GCF_005671335.1;GCF_006094295.1;GCF_034478925.1;GCF_034479305.1	1	1	GCF_000011245.1	-5.0		0
start	orthogroup_850	4	10	GCA_000015785.2;GCA_000025805.1;GCF_000009045.1;GCF_000009785.1;GCF_000011245.1;GCF_000017885.4;GCF_005671335.1;GCF_006094295.1;GCF_034478925.1;GCF_034479305.1	1	2	GCA_000015785.2;GCF_000011245.1	67.5	1740.5	0
start	orthogroup_852	1	10	GCA_000015785.2;GCA_000025805.1;GCF_000009045.1;GCF_000009785.1;GCF_000011245.1;GCF_000017885.4;GCF_005671335.1;GCF_006094295.1;GCF_034478925.1;GCF_034479305.1	1	0				0
start	orthogroup_852	2	10	GCA_000015785.2;GCA_000025805.1;GCF_000009045.1;GCF_000009785.1;GCF_000011245.1;GCF_000017885.4;GCF_005671335.1;GCF_006094295.1;GCF_034478925.1;GCF_034479305.1	1	0				0
start	orthogroup_852	3	10	GCA_000015785.2;GCA_000025805.1;GCF_000009045.1;GCF_000009785.1;GCF_000011245.1;GCF_000017885.4;GCF_005671335.1;GCF_006094295.1;GCF_034478925.1;GCF_034479305.1	1	0				0
start	orthogroup_852	4	10	GCA_000015785.2;GCA_000025805.1;GCF_000009045.1;GCF_000009785.1;GCF_000011245.1;GCF_000017885.4;GCF_005671335.1;GCF_006094295.1;GCF_034478925.1;GCF_034479305.1	1	0				0
start	orthogroup_853	1	10	GCA_000015785.2;GCA_000025805.1;GCF_000009045.1;GCF_000009785.1;GCF_000011245.1;GCF_000017885.4;GCF_005671335.1;GCF_006094295.1;GCF_034478925.1;GCF_034479305.1	1	2	GCF_000009045.1;GCF_005671335.1	-6.5	480.5	0
start	orthogroup_853	2	10	GCA_000015785.2;GCA_000025805.1;GCF_000009045.1;GCF_000009785.1;GCF_000011245.1;GCF_000017885.4;GCF_005671335.1;GCF_006094295.1;GCF_034478925.1;GCF_034479305.1	1	1	GCF_000009785.1	5.5		0
start	orthogroup_853	3	10	GCA_000015785.2;GCA_000025805.1;GCF_000009045.1;GCF_000009785.1;GCF_000011245.1;GCF_000017885.4;GCF_005671335.1;GCF_006094295.1;GCF_034478925.1;GCF_034479305.1	1	0				0
start	orthogroup_853	4	10	GCA_000015785.2;GCA_000025805.1;GCF_000009045.1;GCF_000009785.1;GCF_000011245.1;GCF_000017885.4;GCF_005671335.1;GCF_006094295.1;GCF_034478925.1;GCF_034479305.1	1	1	GCF_034478925.1	66.0		0
start	orthogroup_853	5	10	GCA_000015785.2;GCA_000025805.1;GCF_000009045.1;GCF_000009785.1;GCF_000011245.1;GCF_000017885.4;GCF_005671335.1;GCF_006094295.1;GCF_034478925.1;GCF_034479305.1	1	0				0
start	orthogroup_853	6	10	GCA_000015785.2;GCA_000025805.1;GCF_000009045.1;GCF_000009785.1;GCF_000011245.1;GCF_000017885.4;GCF_005671335.1;GCF_006094295.1;GCF_034478925.1;GCF_034479305.1	1	2	GCA_000025805.1;GCF_034478925.1	61.5	0.5	0
start	orthogroup_853	7	10	GCA_000015785.2;GCA_000025805.1;GCF_000009045.1;GCF_000009785.1;GCF_000011245.1;GCF_000017885.4;GCF_005671335.1;GCF_006094295.1;GCF_034478925.1;GCF_034479305.1	1	1	GCF_000009785.1	-47.0		0
start	orthogroup_853	8	10	GCA_000015785.2;GCA_000025805.1;GCF_000009045.1;GCF_000009785.1;GCF_000011245.1;GCF_000017885.4;GCF_005671335.1;GCF_006094295.1;GCF_034478925.1;GCF_034479305.1	1	1	GCF_034479305.1	26.0		0
start	orthogroup_886	1	10	GCA_000015785.2;GCA_000025805.1;GCF_000009045.1;GCF_000009785.1;GCF_000011245.1;GCF_000017885.4;GCF_005671335.1;GCF_006094295.1;GCF_034478925.1;GCF_034479305.1	1	0				0
start	orthogroup_886	2	10	GCA_000015785.2;GCA_000025805.1;GCF_000009045.1;GCF_000009785.1;GCF_000011245.1;GCF_000017885.4;GCF_005671335.1;GCF_006094295.1;GCF_034478925.1;GCF_034479305.1	1	1	GCA_000015785.2	-12.0		0
start	orthogroup_886	3	10	GCA_000015785.2;GCA_000025805.1;GCF_000009045.1;GCF_000009785.1;GCF_000011245.1;GCF_000017885.4;GCF_005671335.1;GCF_006094295.1;GCF_034478925.1;GCF_034479305.1	1	0				0
start	orthogroup_886	4	10	GCA_000015785.2;GCA_000025805.1;GCF_000009045.1;GCF_000009785.1;GCF_000011245.1;GCF_000017885.4;GCF_005671335.1;GCF_006094295.1;GCF_034478925.1;GCF_034479305.1	1	0				0
start	orthogroup_886	5	10	GCA_000015785.2;GCA_000025805.1;GCF_000009045.1;GCF_000009785.1;GCF_000011245.1;GCF_000017885.4;GCF_005671335.1;GCF_006094295.1;GCF_034478925.1;GCF_034479305.1	1	0				0
start	orthogroup_886	6	10	GCA_000015785.2;GCA_000025805.1;GCF_000009045.1;GCF_000009785.1;GCF_000011245.1;GCF_000017885.4;GCF_005671335.1;GCF_006094295.1;GCF_034478925.1;GCF_034479305.1	1	1	GCF_000011245.1	-10.0		0
start	orthogroup_886	7	10	GCA_000015785.2;GCA_000025805.1;GCF_000009045.1;GCF_000009785.1;GCF_000011245.1;GCF_000017885.4;GCF_005671335.1;GCF_006094295.1;GCF_034478925.1;GCF_034479305.1	1	0				0
start	orthogroup_890	1	10	GCA_000015785.2;GCA_000025805.1;GCF_000009045.1;GCF_000009785.1;GCF_000011245.1;GCF_000017885.4;GCF_005671335.1;GCF_006094295.1;GCF_034478925.1;GCF_034479305.1	1	0				0
start	orthogroup_890	2	10	GCA_000015785.2;GCA_000025805.1;GCF_000009045.1;GCF_000009785.1;GCF_000011245.1;GCF_000017885.4;GCF_005671335.1;GCF_006094295.1;GCF_034478925.1;GCF_034479305.1	1	0				0
start	orthogroup_890	3	10	GCA_000015785.2;GCA_000025805.1;GCF_000009045.1;GCF_000009785.1;GCF_000011245.1;GCF_000017885.4;GCF_005671335.1;GCF_006094295.1;GCF_034478925.1;GCF_034479305.1	1	0				0
start	orthogroup_890	4	10	GCA_000015785.2;GCA_000025805.1;GCF_000009045.1;GCF_000009785.1;GCF_000011245.1;GCF_000017885.4;GCF_005671335.1;GCF_006094295.1;GCF_034478925.1;GCF_034479305.1	1	1	GCA_000015785.2	21.0		0
start	orthogroup_893	1	10	GCA_000015785.2;GCA_000025805.1;GCF_000009045.1;GCF_000009785.1;GCF_000011245.1;GCF_000017885.4;GCF_005671335.1;GCF_006094295.1;GCF_034478925.1;GCF_034479305.1	1	1	GCF_000011245.1	-3.0		0
start	orthogroup_893	2	10	GCA_000015785.2;GCA_000025805.1;GCF_000009045.1;GCF_000009785.1;GCF_000011245.1;GCF_000017885.4;GCF_005671335.1;GCF_006094295.1;GCF_034478925.1;GCF_034479305.1	1	0				0
start	orthogroup_893	3	10	GCA_000015785.2;GCA_000025805.1;GCF_000009045.1;GCF_000009785.1;GCF_000011245.1;GCF_000017885.4;GCF_005671335.1;GCF_006094295.1;GCF_034478925.1;GCF_034479305.1	1	0				0
start	orthogroup_893	4	10	GCA_000015785.2;GCA_000025805.1;GCF_000009045.1;GCF_000009785.1;GCF_000011245.1;GCF_000017885.4;GCF_005671335.1;GCF_006094295.1;GCF_034478925.1;GCF_034479305.1	1	1	GCF_034479305.1	-9.0		0
start	orthogroup_893	5	10	GCA_000015785.2;GCA_000025805.1;GCF_000009045.1;GCF_000009785.1;GCF_000011245.1;GCF_000017885.4;GCF_005671335.1;GCF_006094295.1;GCF_034478925.1;GCF_034479305.1	1	0				0
start	orthogroup_893	6	10	GCA_000015785.2;GCA_000025805.1;GCF_000009045.1;GCF_000009785.1;GCF_000011245.1;GCF_000017885.4;GCF_005671335.1;GCF_006094295.1;GCF_034478925.1;GCF_034479305.1	1	1	GCF_000009785.1	10.0		0
start	orthogroup_893	7	10	GCA_000015785.2;GCA_000025805.1;GCF_000009045.1;GCF_000009785.1;GCF_000011245.1;GCF_000017885.4;GCF_005671335.1;GCF_006094295.1;GCF_034478925.1;GCF_034479305.1	1	0				0
start	orthogroup_893	8	10	GCA_000015785.2;GCA_000025805.1;GCF_000009045.1;GCF_000009785.1;GCF_000011245.1;GCF_000017885.4;GCF_005671335.1;GCF_006094295.1;GCF_034478925.1;GCF_034479305.1	1	2	GCA_000015785.2;GCF_000009045.1	-3.5	0.5	0
start	orthogroup_893	9	10	GCA_000015785.2;GCA_000025805.1;GCF_000009045.1;GCF_000009785.1;GCF_000011245.1;GCF_000017885.4;GCF_005671335.1;GCF_006094295.1;GCF_034478925.1;GCF_034479305.1	1	0				0
start	orthogroup_895	1	10	GCA_000015785.2;GCA_000025805.1;GCF_000009045.1;GCF_000009785.1;GCF_000011245.1;GCF_000017885.4;GCF_005671335.1;GCF_006094295.1;GCF_034478925.1;GCF_034479305.1	1	1	GCF_000017885.4	-15.5		0
start	orthogroup_895	2	10	GCA_000015785.2;GCA_000025805.1;GCF_000009045.1;GCF_000009785.1;GCF_000011245.1;GCF_000017885.4;GCF_005671335.1;GCF_006094295.1;GCF_034478925.1;GCF_034479305.1	1	0				0
start	orthogroup_895	3	10	GCA_000015785.2;GCA_000025805.1;GCF_000009045.1;GCF_000009785.1;GCF_000011245.1;GCF_000017885.4;GCF_005671335.1;GCF_006094295.1;GCF_034478925.1;GCF_034479305.1	1	0				0
start	orthogroup_895	4	10	GCA_000015785.2;GCA_000025805.1;GCF_000009045.1;GCF_000009785.1;GCF_000011245.1;GCF_000017885.4;GCF_005671335.1;GCF_006094295.1;GCF_034478925.1;GCF_034479305.1	1	0				0
start	orthogroup_908	1	10	GCA_000015785.2;GCA_000025805.1;GCF_000009045.1;GCF_000009785.1;GCF_000011245.1;GCF_000017885.4;GCF_005671335.1;GCF_006094295.1;GCF_034478925.1;GCF_034479305.1	1	0				0
start	orthogroup_908	2	10	GCA_000015785.2;GCA_000025805.1;GCF_000009045.1;GCF_000009785.1;GCF_000011245.1;GCF_000017885.4;GCF_005671335.1;GCF_006094295.1;GCF_034478925.1;GCF_034479305.1	1	0				0
start	orthogroup_908	3	10	GCA_000015785.2;GCA_000025805.1;GCF_000009045.1;GCF_000009785.1;GCF_000011245.1;GCF_000017885.4;GCF_005671335.1;GCF_006094295.1;GCF_034478925.1;GCF_034479305.1	1	0				0
start	orthogroup_908	4	10	GCA_000015785.2;GCA_000025805.1;GCF_000009045.1;GCF_000009785.1;GCF_000011245.1;GCF_000017885.4;GCF_005671335.1;GCF_006094295.1;GCF_034478925.1;GCF_034479305.1	1	1	GCF_000009785.1	6.0		0
start	orthogroup_908	5	10	GCA_000015785.2;GCA_000025805.1;GCF_000009045.1;GCF_000009785.1;GCF_000011245.1;GCF_000017885.4;GCF_005671335.1;GCF_006094295.1;GCF_034478925.1;GCF_034479305.1	1	0				0
start	orthogroup_908	6	10	GCA_000015785.2;GCA_000025805.1;GCF_000009045.1;GCF_000009785.1;GCF_000011245.1;GCF_000017885.4;GCF_005671335.1;GCF_006094295.1;GCF_034478925.1;GCF_034479305.1	1	1	GCF_000009785.1	1.0		0
start	orthogroup_908	7	10	GCA_000015785.2;GCA_000025805.1;GCF_000009045.1;GCF_000009785.1;GCF_000011245.1;GCF_000017885.4;GCF_005671335.1;GCF_006094295.1;GCF_034478925.1;GCF_034479305.1	1	1	GCF_000009785.1	9.0		0
start	orthogroup_908	8	10	GCA_000015785.2;GCA_000025805.1;GCF_000009045.1;GCF_000009785.1;GCF_000011245.1;GCF_000017885.4;GCF_005671335.1;GCF_006094295.1;GCF_034478925.1;GCF_034479305.1	1	0				0
start	orthogroup_908	9	10	GCA_000015785.2;GCA_000025805.1;GCF_000009045.1;GCF_000009785.1;GCF_000011245.1;GCF_000017885.4;GCF_005671335.1;GCF_006094295.1;GCF_034478925.1;GCF_034479305.1	1	1	GCA_000015785.2	-4.0		0
start	orthogroup_908	10	10	GCA_000015785.2;GCA_000025805.1;GCF_000009045.1;GCF_000009785.1;GCF_000011245.1;GCF_000017885.4;GCF_005671335.1;GCF_006094295.1;GCF_034478925.1;GCF_034479305.1	1	1	GCF_000017885.4	15.0		0
start	orthogroup_924	1	10	GCA_000015785.2;GCA_000025805.1;GCF_000009045.1;GCF_000009785.1;GCF_000011245.1;GCF_000017885.4;GCF_005671335.1;GCF_006094295.1;GCF_034478925.1;GCF_034479305.1	1	0				0
start	orthogroup_924	2	10	GCA_000015785.2;GCA_000025805.1;GCF_000009045.1;GCF_000009785.1;GCF_000011245.1;GCF_000017885.4;GCF_005671335.1;GCF_006094295.1;GCF_034478925.1;GCF_034479305.1	1	1	GCF_005671335.1	5.5		0
start	orthogroup_924	3	10	GCA_000015785.2;GCA_000025805.1;GCF_000009045.1;GCF_000009785.1;GCF_000011245.1;GCF_000017885.4;GCF_005671335.1;GCF_006094295.1;GCF_034478925.1;GCF_034479305.1	1	1	GCF_006094295.1	11.0		0
start	orthogroup_924	4	10	GCA_000015785.2;GCA_000025805.1;GCF_000009045.1;GCF_000009785.1;GCF_000011245.1;GCF_000017885.4;GCF_005671335.1;GCF_006094295.1;GCF_034478925.1;GCF_034479305.1	1	3	GCA_000015785.2;GCA_000025805.1;GCF_000009785.1	-10.0	121.33333333333333	1
start	orthogroup_924	5	10	GCA_000015785.2;GCA_000025805.1;GCF_000009045.1;GCF_000009785.1;GCF_000011245.1;GCF_000017885.4;GCF_005671335.1;GCF_006094295.1;GCF_034478925.1;GCF_034479305.1	1	0				0
start	orthogroup_925	1	10	GCA_000015785.2;GCA_000025805.1;GCF_000009045.1;GCF_000009785.1;GCF_000011245.1;GCF_000017885.4;GCF_005671335.1;GCF_006094295.1;GCF_034478925.1;GCF_034479305.1	1	0				0
start	orthogroup_925	2	10	GCA_000015785.2;GCA_000025805.1;GCF_000009045.1;GCF_000009785.1;GCF_000011245.1;GCF_000017885.4;GCF_005671335.1;GCF_006094295.1;GCF_034478925.1;GCF_034479305.1	1	1	GCF_006094295.1	16.0		0
start	orthogroup_925	3	10	GCA_000015785.2;GCA_000025805.1;GCF_000009045.1;GCF_000009785.1;GCF_000011245.1;GCF_000017885.4;GCF_005671335.1;GCF_006094295.1;GCF_034478925.1;GCF_034479305.1	1	0				0
start	orthogroup_925	4	10	GCA_000015785.2;GCA_000025805.1;GCF_000009045.1;GCF_000009785.1;GCF_000011245.1;GCF_000017885.4;GCF_005671335.1;GCF_006094295.1;GCF_034478925.1;GCF_034479305.1	1	0				0
start	orthogroup_929	1	10	GCA_000015785.2;GCA_000025805.1;GCF_000009045.1;GCF_000009785.1;GCF_000011245.1;GCF_000017885.4;GCF_005671335.1;GCF_006094295.1;GCF_034478925.1;GCF_034479305.1	1	0				0
start	orthogroup_929	2	10	GCA_000015785.2;GCA_000025805.1;GCF_000009045.1;GCF_000009785.1;GCF_000011245.1;GCF_000017885.4;GCF_005671335.1;GCF_006094295.1;GCF_034478925.1;GCF_034479305.1	1	0				0
start	orthogroup_929	3	10	GCA_000015785.2;GCA_000025805.1;GCF_000009045.1;GCF_000009785.1;GCF_000011245.1;GCF_000017885.4;GCF_005671335.1;GCF_006094295.1;GCF_034478925.1;GCF_034479305.1	1	0				0
start	orthogroup_929	4	10	GCA_000015785.2;GCA_000025805.1;GCF_000009045.1;GCF_000009785.1;GCF_000011245.1;GCF_000017885.4;GCF_005671335.1;GCF_006094295.1;GCF_034478925.1;GCF_034479305.1	1	0				0
start	orthogroup_929	5	10	GCA_000015785.2;GCA_000025805.1;GCF_000009045.1;GCF_000009785.1;GCF_000011245.1;GCF_000017885.4;GCF_005671335.1;GCF_006094295.1;GCF_034478925.1;GCF_034479305.1	1	0				0
start	orthogroup_929	6	10	GCA_000015785.2;GCA_000025805.1;GCF_000009045.1;GCF_000009785.1;GCF_000011245.1;GCF_000017885.4;GCF_005671335.1;GCF_006094295.1;GCF_034478925.1;GCF_034479305.1	1	1	GCA_000025805.1	-14.0		0
start	orthogroup_941	1	10	GCA_000015785.2;GCA_000025805.1;GCF_000009045.1;GCF_000009785.1;GCF_000011245.1;GCF_000017885.4;GCF_005671335.1;GCF_006094295.1;GCF_034478925.1;GCF_034479305.1	1	1	GCF_000009785.1	9.0		0
start	orthogroup_941	2	10	GCA_000015785.2;GCA_000025805.1;GCF_000009045.1;GCF_000009785.1;GCF_000011245.1;GCF_000017885.4;GCF_005671335.1;GCF_006094295.1;GCF_034478925.1;GCF_034479305.1	1	2	GCF_000011245.1;GCF_000017885.4	-12.25	190.125	0
start	orthogroup_941	3	10	GCA_000015785.2;GCA_000025805.1;GCF_000009045.1;GCF_000009785.1;GCF_000011245.1;GCF_000017885.4;GCF_005671335.1;GCF_006094295.1;GCF_034478925.1;GCF_034479305.1	1	0				0
start	orthogroup_941	4	10	GCA_000015785.2;GCA_000025805.1;GCF_000009045.1;GCF_000009785.1;GCF_000011245.1;GCF_000017885.4;GCF_005671335.1;GCF_006094295.1;GCF_034478925.1;GCF_034479305.1	1	0				0
start	orthogroup_951	1	10	GCA_000015785.2;GCA_000025805.1;GCF_000009045.1;GCF_000009785.1;GCF_000011245.1;GCF_000017885.4;GCF_005671335.1;GCF_006094295.1;GCF_034478925.1;GCF_034479305.1	1	0				0
start	orthogroup_951	2	10	GCA_000015785.2;GCA_000025805.1;GCF_000009045.1;GCF_000009785.1;GCF_000011245.1;GCF_000017885.4;GCF_005671335.1;GCF_006094295.1;GCF_034478925.1;GCF_034479305.1	1	0				0
start	orthogroup_951	3	10	GCA_000015785.2;GCA_000025805.1;GCF_000009045.1;GCF_000009785.1;GCF_000011245.1;GCF_000017885.4;GCF_005671335.1;GCF_006094295.1;GCF_034478925.1;GCF_034479305.1	1	0				0
start	orthogroup_951	4	10	GCA_000015785.2;GCA_000025805.1;GCF_000009045.1;GCF_000009785.1;GCF_000011245.1;GCF_000017885.4;GCF_005671335.1;GCF_006094295.1;GCF_034478925.1;GCF_034479305.1	1	1	GCF_000009785.1	-10.5		0
start	orthogroup_954	1	10	GCA_000015785.2;GCA_000025805.1;GCF_000009045.1;GCF_000009785.1;GCF_000011245.1;GCF_000017885.4;GCF_005671335.1;GCF_006094295.1;GCF_034478925.1;GCF_034479305.1	1	3	GCF_000009045.1;GCF_000011245.1;GCF_034479305.1	15.0	104.33333333333333	1
start	orthogroup_954	2	10	GCA_000015785.2;GCA_000025805.1;GCF_000009045.1;GCF_000009785.1;GCF_000011245.1;GCF_000017885.4;GCF_005671335.1;GCF_006094295.1;GCF_034478925.1;GCF_034479305.1	1	1	GCA_000025805.1	7.0		0
start	orthogroup_954	3	10	GCA_000015785.2;GCA_000025805.1;GCF_000009045.1;GCF_000009785.1;GCF_000011245.1;GCF_000017885.4;GCF_005671335.1;GCF_006094295.1;GCF_034478925.1;GCF_034479305.1	1	0				0
start	orthogroup_954	4	10	GCA_000015785.2;GCA_000025805.1;GCF_000009045.1;GCF_000009785.1;GCF_000011245.1;GCF_000017885.4;GCF_005671335.1;GCF_006094295.1;GCF_034478925.1;GCF_034479305.1	1	0				0
start	orthogroup_954	5	10	GCA_000015785.2;GCA_000025805.1;GCF_000009045.1;GCF_000009785.1;GCF_000011245.1;GCF_000017885.4;GCF_005671335.1;GCF_006094295.1;GCF_034478925.1;GCF_034479305.1	1	1	GCA_000025805.1	15.5		0
start	orthogroup_955	1	10	GCA_000015785.2;GCA_000025805.1;GCF_000009045.1;GCF_000009785.1;GCF_000011245.1;GCF_000017885.4;GCF_005671335.1;GCF_006094295.1;GCF_034478925.1;GCF_034479305.1	1	0				0
start	orthogroup_955	2	10	GCA_000015785.2;GCA_000025805.1;GCF_000009045.1;GCF_000009785.1;GCF_000011245.1;GCF_000017885.4;GCF_005671335.1;GCF_006094295.1;GCF_034478925.1;GCF_034479305.1	1	1	GCF_000009045.1	-9.0		0
start	orthogroup_955	3	10	GCA_000015785.2;GCA_000025805.1;GCF_000009045.1;GCF_000009785.1;GCF_000011245.1;GCF_000017885.4;GCF_005671335.1;GCF_006094295.1;GCF_034478925.1;GCF_034479305.1	1	0				0
start	orthogroup_955	4	10	GCA_000015785.2;GCA_000025805.1;GCF_000009045.1;GCF_000009785.1;GCF_000011245.1;GCF_000017885.4;GCF_005671335.1;GCF_006094295.1;GCF_034478925.1;GCF_034479305.1	1	0				0
start	orthogroup_955	5	10	GCA_000015785.2;GCA_000025805.1;GCF_000009045.1;GCF_000009785.1;GCF_000011245.1;GCF_000017885.4;GCF_005671335.1;GCF_006094295.1;GCF_034478925.1;GCF_034479305.1	1	1	GCA_000015785.2	-4.5		0
start	orthogroup_955	6	10	GCA_000015785.2;GCA_000025805.1;GCF_000009045.1;GCF_000009785.1;GCF_000011245.1;GCF_000017885.4;GCF_005671335.1;GCF_006094295.1;GCF_034478925.1;GCF_034479305.1	1	1	GCA_000025805.1	2.0		0
start	orthogroup_955	7	10	GCA_000015785.2;GCA_000025805.1;GCF_000009045.1;GCF_000009785.1;GCF_000011245.1;GCF_000017885.4;GCF_005671335.1;GCF_006094295.1;GCF_034478925.1;GCF_034479305.1	1	0				0
start	orthogroup_955	8	10	GCA_000015785.2;GCA_000025805.1;GCF_000009045.1;GCF_000009785.1;GCF_000011245.1;GCF_000017885.4;GCF_005671335.1;GCF_006094295.1;GCF_034478925.1;GCF_034479305.1	1	0				0
start	orthogroup_955	9	10	GCA_000015785.2;GCA_000025805.1;GCF_000009045.1;GCF_000009785.1;GCF_000011245.1;GCF_000017885.4;GCF_005671335.1;GCF_006094295.1;GCF_034478925.1;GCF_034479305.1	1	0				0
start	orthogroup_955	10	10	GCA_000015785.2;GCA_000025805.1;GCF_000009045.1;GCF_000009785.1;GCF_000011245.1;GCF_000017885.4;GCF_005671335.1;GCF_006094295.1;GCF_034478925.1;GCF_034479305.1	1	0				0
start	orthogroup_955	11	10	GCA_000015785.2;GCA_000025805.1;GCF_000009045.1;GCF_000009785.1;GCF_000011245.1;GCF_000017885.4;GCF_005671335.1;GCF_006094295.1;GCF_034478925.1;GCF_034479305.1	1	1	GCA_000025805.1	-2.0		0
start	orthogroup_955	12	10	GCA_000015785.2;GCA_000025805.1;GCF_000009045.1;GCF_000009785.1;GCF_000011245.1;GCF_000017885.4;GCF_005671335.1;GCF_006094295.1;GCF_034478925.1;GCF_034479305.1	1	1	GCA_000025805.1	19.0		0
start	orthogroup_955	13	10	GCA_000015785.2;GCA_000025805.1;GCF_000009045.1;GCF_000009785.1;GCF_000011245.1;GCF_000017885.4;GCF_005671335.1;GCF_006094295.1;GCF_034478925.1;GCF_034479305.1	1	0				0
start	orthogroup_955	14	10	GCA_000015785.2;GCA_000025805.1;GCF_000009045.1;GCF_000009785.1;GCF_000011245.1;GCF_000017885.4;GCF_005671335.1;GCF_006094295.1;GCF_034478925.1;GCF_034479305.1	1	0				0
start	orthogroup_955	15	10	GCA_000015785.2;GCA_000025805.1;GCF_000009045.1;GCF_000009785.1;GCF_000011245.1;GCF_000017885.4;GCF_005671335.1;GCF_006094295.1;GCF_034478925.1;GCF_034479305.1	1	0				0
start	orthogroup_983	1	10	GCA_000015785.2;GCA_000025805.1;GCF_000009045.1;GCF_000009785.1;GCF_000011245.1;GCF_000017885.4;GCF_005671335.1;GCF_006094295.1;GCF_034478925.1;GCF_034479305.1	1	1	GCF_034479305.1	31.0		0
start	orthogroup_983	2	10	GCA_000015785.2;GCA_000025805.1;GCF_000009045.1;GCF_000009785.1;GCF_000011245.1;GCF_000017885.4;GCF_005671335.1;GCF_006094295.1;GCF_034478925.1;GCF_034479305.1	1	0				0
start	orthogroup_983	3	10	GCA_000015785.2;GCA_000025805.1;GCF_000009045.1;GCF_000009785.1;GCF_000011245.1;GCF_000017885.4;GCF_005671335.1;GCF_006094295.1;GCF_034478925.1;GCF_034479305.1	1	1	GCF_034478925.1	-6.0		0
start	orthogroup_983	4	10	GCA_000015785.2;GCA_000025805.1;GCF_000009045.1;GCF_000009785.1;GCF_000011245.1;GCF_000017885.4;GCF_005671335.1;GCF_006094295.1;GCF_034478925.1;GCF_034479305.1	1	0				0
start	orthogroup_983	5	10	GCA_000015785.2;GCA_000025805.1;GCF_000009045.1;GCF_000009785.1;GCF_000011245.1;GCF_000017885.4;GCF_005671335.1;GCF_006094295.1;GCF_034478925.1;GCF_034479305.1	1	2	GCF_000009045.1;GCF_000009785.1	7.0	162.0	0
end	orthogroup_1009	1	9	GCA_000015785.2;GCA_000025805.1;GCF_000009045.1;GCF_000011245.1;GCF_000017885.4;GCF_005671335.1;GCF_006094295.1;GCF_034478925.1;GCF_034479305.1	1	0				0
end	orthogroup_1009	2	9	GCA_000015785.2;GCA_000025805.1;GCF_000009045.1;GCF_000011245.1;GCF_000017885.4;GCF_005671335.1;GCF_006094295.1;GCF_034478925.1;GCF_034479305.1	1	1	GCF_000017885.4	10.5		0
end	orthogroup_1009	3	9	GCA_000015785.2;GCA_000025805.1;GCF_000009045.1;GCF_000011245.1;GCF_000017885.4;GCF_005671335.1;GCF_006094295.1;GCF_034478925.1;GCF_034479305.1	1	1	GCF_034478925.1	7.0		0
end	orthogroup_1009	4	9	GCA_000015785.2;GCA_000025805.1;GCF_000009045.1;GCF_000011245.1;GCF_000017885.4;GCF_005671335.1;GCF_006094295.1;GCF_034478925.1;GCF_034479305.1	1	0				0
end	orthogroup_1009	5	9	GCA_000015785.2;GCA_000025805.1;GCF_000009045.1;GCF_000011245.1;GCF_000017885.4;GCF_005671335.1;GCF_006094295.1;GCF_034478925.1;GCF_034479305.1	1	3	GCA_000025805.1;GCF_000011245.1;GCF_005671335.1	6.0	16.333333333333332	1
end	orthogroup_1009	6	9	GCA_000015785.2;GCA_000025805.1;GCF_000009045.1;GCF_000011245.1;GCF_000017885.4;GCF_005671335.1;GCF_006094295.1;GCF_034478925.1;GCF_034479305.1	1	0				0
end	orthogroup_1009	7	9	GCA_000015785.2;GCA_000025805.1;GCF_000009045.1;GCF_000011245.1;GCF_000017885.4;GCF_005671335.1;GCF_006094295.1;GCF_034478925.1;GCF_034479305.1	1	0				0
end	orthogroup_1009	8	9	GCA_000015785.2;GCA_000025805.1;GCF_000009045.1;GCF_000011245.1;GCF_000017885.4;GCF_005671335.1;GCF_006094295.1;GCF_034478925.1;GCF_034479305.1	1	0				0
end	orthogroup_1009	9	9	GCA_000015785.2;GCA_000025805.1;GCF_000009045.1;GCF_000011245.1;GCF_000017885.4;GCF_005671335.1;GCF_006094295.1;GCF_034478925.1;GCF_034479305.1	1	0				0
end	orthogroup_1009	10	9	GCA_000015785.2;GCA_000025805.1;GCF_000009045.1;GCF_000011245.1;GCF_000017885.4;GCF_005671335.1;GCF_006094295.1;GCF_034478925.1;GCF_034479305.1	1	2	GCA_000025805.1;GCF_006094295.1	7.0	18.0	0
end	orthogroup_1010	1	8	GCA_000015785.2;GCA_000025805.1;GCF_000009045.1;GCF_000011245.1;GCF_005671335.1;GCF_006094295.1;GCF_034478925.1;GCF_034479305.1	1	0				0
end	orthogroup_1010	2	8	GCA_000015785.2;GCA_000025805.1;GCF_000009045.1;GCF_000011245.1;GCF_005671335.1;GCF_006094295.1;GCF_034478925.1;GCF_034479305.1	1	0				0
end	orthogroup_1010	3	8	GCA_000015785.2;GCA_000025805.1;GCF_000009045.1;GCF_000011245.1;GCF_005671335.1;GCF_006094295.1;GCF_034478925.1;GCF_034479305.1	1	0				0
end	orthogroup_1010	4	8	GCA_000015785.2;GCA_000025805.1;GCF_000009045.1;GCF_000011245.1;GCF_005671335.1;GCF_006094295.1;GCF_034478925.1;GCF_034479305.1	1	0				0
end	orthogroup_1010	5	8	GCA_000015785.2;GCA_000025805.1;GCF_000009045.1;GCF_000011245.1;GCF_005671335.1;GCF_006094295.1;GCF_034478925.1;GCF_034479305.1	1	0				0
end	orthogroup_1010	6	8	GCA_000015785.2;GCA_000025805.1;GCF_000009045.1;GCF_000011245.1;GCF_005671335.1;GCF_006094295.1;GCF_034478925.1;GCF_034479305.1	1	0				0
end	orthogroup_1010	8	8	GCA_000015785.2;GCA_000025805.1;GCF_000009045.1;GCF_000011245.1;GCF_005671335.1;GCF_006094295.1;GCF_034478925.1;GCF_034479305.1	1	1	GCA_000025805.1	5.0		0
end	orthogroup_1010	9	8	GCA_000015785.2;GCA_000025805.1;GCF_000009045.1;GCF_000011245.1;GCF_005671335.1;GCF_006094295.1;GCF_034478925.1;GCF_034479305.1	1	1	GCF_034478925.1	5.0		0
end	orthogroup_1012	1	8	GCA_000015785.2;GCA_000025805.1;GCF_000009045.1;GCF_000009785.1;GCF_000011245.1;GCF_000017885.4;GCF_005671335.1;GCF_034479305.1	1	0				0
end	orthogroup_1012	2	8	GCA_000015785.2;GCA_000025805.1;GCF_000009045.1;GCF_000009785.1;GCF_000011245.1;GCF_000017885.4;GCF_005671335.1;GCF_034479305.1	1	0				0
end	orthogroup_1012	3	8	GCA_000015785.2;GCA_000025805.1;GCF_000009045.1;GCF_000009785.1;GCF_000011245.1;GCF_000017885.4;GCF_005671335.1;GCF_034479305.1	1	0				0
end	orthogroup_1012	4	8	GCA_000015785.2;GCA_000025805.1;GCF_000009045.1;GCF_000009785.1;GCF_000011245.1;GCF_000017885.4;GCF_005671335.1;GCF_034479305.1	1	1	GCA_000015785.2	-6.0		0
end	orthogroup_1012	5	8	GCA_000015785.2;GCA_000025805.1;GCF_000009045.1;GCF_000009785.1;GCF_000011245.1;GCF_000017885.4;GCF_005671335.1;GCF_034479305.1	1	0				0
end	orthogroup_1012	7	8	GCA_000015785.2;GCA_000025805.1;GCF_000009045.1;GCF_000009785.1;GCF_000011245.1;GCF_000017885.4;GCF_005671335.1;GCF_034479305.1	1	0				0
end	orthogroup_1012	9	8	GCA_000015785.2;GCA_000025805.1;GCF_000009045.1;GCF_000009785.1;GCF_000011245.1;GCF_000017885.4;GCF_005671335.1;GCF_034479305.1	1	0				0
end	orthogroup_1012	11	8	GCA_000015785.2;GCA_000025805.1;GCF_000009045.1;GCF_000009785.1;GCF_000011245.1;GCF_000017885.4;GCF_005671335.1;GCF_034479305.1	1	1	GCF_005671335.1	38.0		0
end	orthogroup_1023	1	8	GCA_000015785.2;GCF_000009045.1;GCF_000011245.1;GCF_000017885.4;GCF_005671335.1;GCF_006094295.1;GCF_034478925.1;GCF_034479305.1	1	1	GCA_000015785.2	-21.0		0
end	orthogroup_1023	2	8	GCA_000015785.2;GCF_000009045.1;GCF_000011245.1;GCF_000017885.4;GCF_005671335.1;GCF_006094295.1;GCF_034478925.1;GCF_034479305.1	1	1	GCF_000011245.1	4.0		0
end	orthogroup_1023	3	8	GCA_000015785.2;GCF_000009045.1;GCF_000011245.1;GCF_000017885.4;GCF_005671335.1;GCF_006094295.1;GCF_034478925.1;GCF_034479305.1	1	3	GCA_000015785.2;GCF_000009045.1;GCF_034479305.1	91.0	396.75	1
end	orthogroup_1027	2	7	GCA_000015785.2;GCA_000025805.1;GCF_000009045.1;GCF_000017885.4;GCF_006094295.1;GCF_034478925.1;GCF_034479305.1	0	0				0
end	orthogroup_1027	3	7	GCA_000015785.2;GCA_000025805.1;GCF_000009045.1;GCF_000017885.4;GCF_006094295.1;GCF_034478925.1;GCF_034479305.1	0	0				0
end	orthogroup_1027	4	7	GCA_000015785.2;GCA_000025805.1;GCF_000009045.1;GCF_000017885.4;GCF_006094295.1;GCF_034478925.1;GCF_034479305.1	0	0				0
end	orthogroup_1027	5	7	GCA_000015785.2;GCA_000025805.1;GCF_000009045.1;GCF_000017885.4;GCF_006094295.1;GCF_034478925.1;GCF_034479305.1	0	0				0
end	orthogroup_1027	7	7	GCA_000015785.2;GCA_000025805.1;GCF_000009045.1;GCF_000017885.4;GCF_006094295.1;GCF_034478925.1;GCF_034479305.1	0	0				0
end	orthogroup_1027	8	7	GCA_000015785.2;GCA_000025805.1;GCF_000009045.1;GCF_000017885.4;GCF_006094295.1;GCF_034478925.1;GCF_034479305.1	0	1	GCF_000017885.4	13.0		0
end	orthogroup_1027	9	7	GCA_000015785.2;GCA_000025805.1;GCF_000009045.1;GCF_000017885.4;GCF_006094295.1;GCF_034478925.1;GCF_034479305.1	0	0				0
end	orthogroup_1027	10	7	GCA_000015785.2;GCA_000025805.1;GCF_000009045.1;GCF_000017885.4;GCF_006094295.1;GCF_034478925.1;GCF_034479305.1	0	0				0
end	orthogroup_1027	11	7	GCA_000015785.2;GCA_000025805.1;GCF_000009045.1;GCF_000017885.4;GCF_006094295.1;GCF_034478925.1;GCF_034479305.1	0	0				0
end	orthogroup_1027	12	7	GCA_000015785.2;GCA_000025805.1;GCF_000009045.1;GCF_000017885.4;GCF_006094295.1;GCF_034478925.1;GCF_034479305.1	0	0				0
end	orthogroup_1032	1	9	GCA_000015785.2;GCA_000025805.1;GCF_000009045.1;GCF_000009785.1;GCF_000017885.4;GCF_005671335.1;GCF_006094295.1;GCF_034478925.1;GCF_034479305.1	1	0				0
end	orthogroup_1032	2	9	GCA_000015785.2;GCA_000025805.1;GCF_000009045.1;GCF_000009785.1;GCF_000017885.4;GCF_005671335.1;GCF_006094295.1;GCF_034478925.1;GCF_034479305.1	1	0				0
end	orthogroup_1032	3	9	GCA_000015785.2;GCA_000025805.1;GCF_000009045.1;GCF_000009785.1;GCF_000017885.4;GCF_005671335.1;GCF_006094295.1;GCF_034478925.1;GCF_034479305.1	1	0				0
end	orthogroup_1032	4	9	GCA_000015785.2;GCA_000025805.1;GCF_000009045.1;GCF_000009785.1;GCF_000017885.4;GCF_005671335.1;GCF_006094295.1;GCF_034478925.1;GCF_034479305.1	1	2	GCF_000009045.1;GCF_034478925.1	15.0	288.0	0
end	orthogroup_1038	1	9	GCA_000015785.2;GCA_000025805.1;GCF_000009045.1;GCF_000011245.1;GCF_000017885.4;GCF_005671335.1;GCF_006094295.1;GCF_034478925.1;GCF_034479305.1	1	0				0
end	orthogroup_1038	2	9	GCA_000015785.2;GCA_000025805.1;GCF_000009045.1;GCF_000011245.1;GCF_000017885.4;GCF_005671335.1;GCF_006094295.1;GCF_034478925.1;GCF_034479305.1	1	0				0
end	orthogroup_1038	3	9	GCA_000015785.2;GCA_000025805.1;GCF_000009045.1;GCF_000011245.1;GCF_000017885.4;GCF_005671335.1;GCF_006094295.1;GCF_034478925.1;GCF_034479305.1	1	1	GCF_000017885.4	6.0		0
end	orthogroup_1038	4	9	GCA_000015785.2;GCA_000025805.1;GCF_000009045.1;GCF_000011245.1;GCF_000017885.4;GCF_005671335.1;GCF_006094295.1;GCF_034478925.1;GCF_034479305.1	1	0				0
end	orthogroup_1038	5	9	GCA_000015785.2;GCA_000025805.1;GCF_000009045.1;GCF_000011245.1;GCF_000017885.4;GCF_005671335.1;GCF_006094295.1;GCF_034478925.1;GCF_034479305.1	1	0				0
end	orthogroup_1038	6	9	GCA_000015785.2;GCA_000025805.1;GCF_000009045.1;GCF_000011245.1;GCF_000017885.4;GCF_005671335.1;GCF_006094295.1;GCF_034478925.1;GCF_034479305.1	1	3	GCF_000011245.1;GCF_000017885.4;GCF_005671335.1	167.0	5334.333333333333	1
end	orthogroup_1043	1	8	GCA_000015785.2;GCA_000025805.1;GCF_000009045.1;GCF_000009785.1;GCF_000011245.1;GCF_005671335.1;GCF_006094295.1;GCF_034478925.1	1	1	GCF_005671335.1	-5.5		0
end	orthogroup_1043	2	8	GCA_000015785.2;GCA_000025805.1;GCF_000009045.1;GCF_000009785.1;GCF_000011245.1;GCF_005671335.1;GCF_006094295.1;GCF_034478925.1	1	0				0
end	orthogroup_1043	3	8	GCA_000015785.2;GCA_000025805.1;GCF_000009045.1;GCF_000009785.1;GCF_000011245.1;GCF_005671335.1;GCF_006094295.1;GCF_034478925.1	1	1	GCF_034478925.1	24.0		0
end	orthogroup_1043	4	8	GCA_000015785.2;GCA_000025805.1;GCF_000009045.1;GCF_000009785.1;GCF_000011245.1;GCF_005671335.1;GCF_006094295.1;GCF_034478925.1	1	0				0
end	orthogroup_1043	5	8	GCA_000015785.2;GCA_000025805.1;GCF_000009045.1;GCF_000009785.1;GCF_000011245.1;GCF_005671335.1;GCF_006094295.1;GCF_034478925.1	1	0				0
end	orthogroup_1043	8	8	GCA_000015785.2;GCA_000025805.1;GCF_000009045.1;GCF_000009785.1;GCF_000011245.1;GCF_005671335.1;GCF_006094295.1;GCF_034478925.1	1	0				0
end	orthogroup_1047	1	9	GCA_000015785.2;GCA_000025805.1;GCF_000009045.1;GCF_000009785.1;GCF_000011245.1;GCF_005671335.1;GCF_006094295.1;GCF_034478925.1;GCF_034479305.1	1	0				0
end	orthogroup_1047	2	9	GCA_000015785.2;GCA_000025805.1;GCF_000009045.1;GCF_000009785.1;GCF_000011245.1;GCF_005671335.1;GCF_006094295.1;GCF_034478925.1;GCF_034479305.1	1	2	GCF_000009045.1;GCF_000011245.1	7.0	200.0	0
end	orthogroup_1047	3	9	GCA_000015785.2;GCA_000025805.1;GCF_000009045.1;GCF_000009785.1;GCF_000011245.1;GCF_005671335.1;GCF_006094295.1;GCF_034478925.1;GCF_034479305.1	1	1	GCF_034478925.1	0.0		0
end	orthogroup_1047	4	9	GCA_000015785.2;GCA_000025805.1;GCF_000009045.1;GCF_000009785.1;GCF_000011245.1;GCF_005671335.1;GCF_006094295.1;GCF_034478925.1;GCF_034479305.1	1	3	GCA_000025805.1;GCF_000009045.1;GCF_006094295.1	-6.0	63.0	1
end	orthogroup_1047	5	9	GCA_000015785.2;GCA_000025805.1;GCF_000009045.1;GCF_000009785.1;GCF_000011245.1;GCF_005671335.1;GCF_006094295.1;GCF_034478925.1;GCF_034479305.1	1	0				0
end	orthogroup_1047	6	9	GCA_000015785.2;GCA_000025805.1;GCF_000009045.1;GCF_000009785.1;GCF_000011245.1;GCF_005671335.1;GCF_006094295.1;GCF_034478925.1;GCF_034479305.1	1	0				0
end	orthogroup_1047	7	9	GCA_000015785.2;GCA_000025805.1;GCF_000009045.1;GCF_000009785.1;GCF_000011245.1;GCF_005671335.1;GCF_006094295.1;GCF_034478925.1;GCF_034479305.1	1	2	GCF_000011245.1;GCF_034478925.1	24.75	45.125	0
end	orthogroup_1047	8	9	GCA_000015785.2;GCA_000025805.1;GCF_000009045.1;GCF_000009785.1;GCF_000011245.1;GCF_005671335.1;GCF_006094295.1;GCF_034478925.1;GCF_034479305.1	1	0				0
end	orthogroup_1047	9	9	GCA_000015785.2;GCA_000025805.1;GCF_000009045.1;GCF_000009785.1;GCF_000011245.1;GCF_005671335.1;GCF_006094295.1;GCF_034478925.1;GCF_034479305.1	1	1	GCF_006094295.1	0.0		0
end	orthogroup_1047	11	9	GCA_000015785.2;GCA_000025805.1;GCF_000009045.1;GCF_000009785.1;GCF_000011245.1;GCF_005671335.1;GCF_006094295.1;GCF_034478925.1;GCF_034479305.1	1	0				0
end	orthogroup_1047	12	9	GCA_000015785.2;GCA_000025805.1;GCF_000009045.1;GCF_000009785.1;GCF_000011245.1;GCF_005671335.1;GCF_006094295.1;GCF_034478925.1;GCF_034479305.1	1	1	GCF_000011245.1	-4.0		0
end	orthogroup_1047	13	9	GCA_000015785.2;GCA_000025805.1;GCF_000009045.1;GCF_000009785.1;GCF_000011245.1;GCF_005671335.1;GCF_006094295.1;GCF_034478925.1;GCF_034479305.1	1	1	GCF_000011245.1	-11.0		0
end	orthogroup_1047	14	9	GCA_000015785.2;GCA_000025805.1;GCF_000009045.1;GCF_000009785.1;GCF_000011245.1;GCF_005671335.1;GCF_006094295.1;GCF_034478925.1;GCF_034479305.1	1	0				0
end	orthogroup_1052	1	5	GCA_000015785.2;GCF_000009045.1;GCF_000017885.4;GCF_005671335.1;GCF_034478925.1	0	0				0
end	orthogroup_1052	3	5	GCA_000015785.2;GCF_000009045.1;GCF_000017885.4;GCF_005671335.1;GCF_034478925.1	0	1	GCF_000009045.1	-6.0		0
end	orthogroup_1052	4	5	GCA_000015785.2;GCF_000009045.1;GCF_000017885.4;GCF_005671335.1;GCF_034478925.1	0	0				0
end	orthogroup_1052	5	5	GCA_000015785.2;GCF_000009045.1;GCF_000017885.4;GCF_005671335.1;GCF_034478925.1	0	0				0
end	orthogroup_1052	6	5	GCA_000015785.2;GCF_000009045.1;GCF_000017885.4;GCF_005671335.1;GCF_034478925.1	0	0				0
end	orthogroup_1074	1	9	GCA_000015785.2;GCA_000025805.1;GCF_000009045.1;GCF_000011245.1;GCF_000017885.4;GCF_005671335.1;GCF_006094295.1;GCF_034478925.1;GCF_034479305.1	1	0				0
end	orthogroup_1074	2	9	GCA_000015785.2;GCA_000025805.1;GCF_000009045.1;GCF_000011245.1;GCF_000017885.4;GCF_005671335.1;GCF_006094295.1;GCF_034478925.1;GCF_034479305.1	1	0				0
end	orthogroup_1074	3	9	GCA_000015785.2;GCA_000025805.1;GCF_000009045.1;GCF_000011245.1;GCF_000017885.4;GCF_005671335.1;GCF_006094295.1;GCF_034478925.1;GCF_034479305.1	1	0				0
end	orthogroup_1074	4	9	GCA_000015785.2;GCA_000025805.1;GCF_000009045.1;GCF_000011245.1;GCF_000017885.4;GCF_005671335.1;GCF_006094295.1;GCF_034478925.1;GCF_034479305.1	1	0				0
end	orthogroup_109	1	10	GCA_000015785.2;GCA_000025805.1;GCF_000009045.1;GCF_000009785.1;GCF_000011245.1;GCF_000017885.4;GCF_005671335.1;GCF_006094295.1;GCF_034478925.1;GCF_034479305.1	1	3	GCF_000009045.1;GCF_005671335.1;GCF_034479305.1	-12.0	50.083333333333336	1
end	orthogroup_109	2	10	GCA_000015785.2;GCA_000025805.1;GCF_000009045.1;GCF_000009785.1;GCF_000011245.1;GCF_000017885.4;GCF_005671335.1;GCF_006094295.1;GCF_034478925.1;GCF_034479305.1	1	3	GCA_000025805.1;GCF_000011245.1;GCF_006094295.1	-2.0	5.333333333333333	1
end	orthogroup_109	3	10	GCA_000015785.2;GCA_000025805.1;GCF_000009045.1;GCF_000009785.1;GCF_000011245.1;GCF_000017885.4;GCF_005671335.1;GCF_006094295.1;GCF_034478925.1;GCF_034479305.1	1	0				0
end	orthogroup_109	4	10	GCA_000015785.2;GCA_000025805.1;GCF_000009045.1;GCF_000009785.1;GCF_000011245.1;GCF_000017885.4;GCF_005671335.1;GCF_006094295.1;GCF_034478925.1;GCF_034479305.1	1	1	GCF_034478925.1	-11.0		0
end	orthogroup_109	5	10	GCA_000015785.2;GCA_000025805.1;GCF_000009045.1;GCF_000009785.1;GCF_000011245.1;GCF_000017885.4;GCF_005671335.1;GCF_006094295.1;GCF_034478925.1;GCF_034479305.1	1	0				0
end	orthogroup_109	6	10	GCA_000015785.2;GCA_000025805.1;GCF_000009045.1;GCF_000009785.1;GCF_000011245.1;GCF_000017885.4;GCF_005671335.1;GCF_006094295.1;GCF_034478925.1;GCF_034479305.1	1	0				0
end	orthogroup_109	7	10	GCA_000015785.2;GCA_000025805.1;GCF_000009045.1;GCF_000009785.1;GCF_000011245.1;GCF_000017885.4;GCF_005671335.1;GCF_006094295.1;GCF_034478925.1;GCF_034479305.1	1	0				0
end	orthogroup_109	8	10	GCA_000015785.2;GCA_000025805.1;GCF_000009045.1;GCF_000009785.1;GCF_000011245.1;GCF_000017885.4;GCF_005671335.1;GCF_006094295.1;GCF_034478925.1;GCF_034479305.1	1	0				0
end	orthogroup_109	9	10	GCA_000015785.2;GCA_000025805.1;GCF_000009045.1;GCF_000009785.1;GCF_000011245.1;GCF_000017885.4;GCF_005671335.1;GCF_006094295.1;GCF_034478925.1;GCF_034479305.1	1	1	GCA_000025805.1	-1.0		0
end	orthogroup_109	10	10	GCA_000015785.2;GCA_000025805.1;GCF_000009045.1;GCF_000009785.1;GCF_000011245.1;GCF_000017885.4;GCF_005671335.1;GCF_006094295.1;GCF_034478925.1;GCF_034479305.1	1	0				0
end	orthogroup_1117	1	9	GCA_000015785.2;GCA_000025805.1;GCF_000009045.1;GCF_000009785.1;GCF_000011245.1;GCF_000017885.4;GCF_005671335.1;GCF_006094295.1;GCF_034478925.1	1	0				0
end	orthogroup_1117	2	9	GCA_000015785.2;GCA_000025805.1;GCF_000009045.1;GCF_000009785.1;GCF_000011245.1;GCF_000017885.4;GCF_005671335.1;GCF_006094295.1;GCF_034478925.1	1	0				0
end	orthogroup_1117	3	9	GCA_000015785.2;GCA_000025805.1;GCF_000009045.1;GCF_000009785.1;GCF_000011245.1;GCF_000017885.4;GCF_005671335.1;GCF_006094295.1;GCF_034478925.1	1	1	GCF_006094295.1	-10.0		0
end	orthogroup_1117	4	9	GCA_000015785.2;GCA_000025805.1;GCF_000009045.1;GCF_000009785.1;GCF_000011245.1;GCF_000017885.4;GCF_005671335.1;GCF_006094295.1;GCF_034478925.1	1	0				0
end	orthogroup_1117	5	9	GCA_000015785.2;GCA_000025805.1;GCF_000009045.1;GCF_000009785.1;GCF_000011245.1;GCF_000017885.4;GCF_005671335.1;GCF_006094295.1;GCF_034478925.1	1	0				0
end	orthogroup_1117	6	9	GCA_000015785.2;GCA_000025805.1;GCF_000009045.1;GCF_000009785.1;GCF_000011245.1;GCF_000017885.4;GCF_005671335.1;GCF_006094295.1;GCF_034478925.1	1	0				0
end	orthogroup_1117	7	9	GCA_000015785.2;GCA_000025805.1;GCF_000009045.1;GCF_000009785.1;GCF_000011245.1;GCF_000017885.4;GCF_005671335.1;GCF_006094295.1;GCF_034478925.1	1	0				0
end	orthogroup_1117	8	9	GCA_000015785.2;GCA_000025805.1;GCF_000009045.1;GCF_000009785.1;GCF_000011245.1;GCF_000017885.4;GCF_005671335.1;GCF_006094295.1;GCF_034478925.1	1	0				0
end	orthogroup_1117	9	9	GCA_000015785.2;GCA_000025805.1;GCF_000009045.1;GCF_000009785.1;GCF_000011245.1;GCF_000017885.4;GCF_005671335.1;GCF_006094295.1;GCF_034478925.1	1	0				0
end	orthogroup_1117	10	9	GCA_000015785.2;GCA_000025805.1;GCF_000009045.1;GCF_000009785.1;GCF_000011245.1;GCF_000017885.4;GCF_005671335.1;GCF_006094295.1;GCF_034478925.1	1	0				0
end	orthogroup_1117	11	9	GCA_000015785.2;GCA_000025805.1;GCF_000009045.1;GCF_000009785.1;GCF_000011245.1;GCF_000017885.4;GCF_005671335.1;GCF_006094295.1;GCF_034478925.1	1	0				0
end	orthogroup_1117	12	9	GCA_000015785.2;GCA_000025805.1;GCF_000009045.1;GCF_000009785.1;GCF_000011245.1;GCF_000017885.4;GCF_005671335.1;GCF_006094295.1;GCF_034478925.1	1	1	GCA_000025805.1	12.5		0
end	orthogroup_1120	1	9	GCA_000015785.2;GCA_000025805.1;GCF_000009045.1;GCF_000011245.1;GCF_000017885.4;GCF_005671335.1;GCF_006094295.1;GCF_034478925.1;GCF_034479305.1	1	2	GCF_005671335.1;GCF_034479305.1	-21.5	112.5	0
end	orthogroup_1120	2	9	GCA_000015785.2;GCA_000025805.1;GCF_000009045.1;GCF_000011245.1;GCF_000017885.4;GCF_005671335.1;GCF_006094295.1;GCF_034478925.1;GCF_034479305.1	1	1	GCF_000017885.4	15.5		0
end	orthogroup_1120	3	9	GCA_000015785.2;GCA_000025805.1;GCF_000009045.1;GCF_000011245.1;GCF_000017885.4;GCF_005671335.1;GCF_006094295.1;GCF_034478925.1;GCF_034479305.1	1	0				0
end	orthogroup_1120	4	9	GCA_000015785.2;GCA_000025805.1;GCF_000009045.1;GCF_000011245.1;GCF_000017885.4;GCF_005671335.1;GCF_006094295.1;GCF_034478925.1;GCF_034479305.1	1	0				0
end	orthogroup_1120	5	9	GCA_000015785.2;GCA_000025805.1;GCF_000009045.1;GCF_000011245.1;GCF_000017885.4;GCF_005671335.1;GCF_006094295.1;GCF_034478925.1;GCF_034479305.1	1	0				0
end	orthogroup_1120	6	9	GCA_000015785.2;GCA_000025805.1;GCF_000009045.1;GCF_000011245.1;GCF_000017885.4;GCF_005671335.1;GCF_006094295.1;GCF_034478925.1;GCF_034479305.1	1	0				0
end	orthogroup_1120	7	9	GCA_000015785.2;GCA_000025805.1;GCF_000009045.1;GCF_000011245.1;GCF_000017885.4;GCF_005671335.1;GCF_006094295.1;GCF_034478925.1;GCF_034479305.1	1	0				0
end	orthogroup_1125	1	9	GCA_000015785.2;GCA_000025805.1;GCF_000009045.1;GCF_000009785.1;GCF_000011245.1;GCF_000017885.4;GCF_005671335.1;GCF_034478925.1;GCF_034479305.1	1	0				0
end	orthogroup_1125	2	9	GCA_000015785.2;GCA_000025805.1;GCF_000009045.1;GCF_000009785.1;GCF_000011245.1;GCF_000017885.4;GCF_005671335.1;GCF_034478925.1;GCF_034479305.1	1	0				0
end	orthogroup_1125	3	9	GCA_000015785.2;GCA_000025805.1;GCF_000009045.1;GCF_000009785.1;GCF_000011245.1;GCF_000017885.4;GCF_005671335.1;GCF_034478925.1;GCF_034479305.1	1	1	GCF_034478925.1	21.5		0
end	orthogroup_1125	4	9	GCA_000015785.2;GCA_000025805.1;GCF_000009045.1;GCF_000009785.1;GCF_000011245.1;GCF_000017885.4;GCF_005671335.1;GCF_034478925.1;GCF_034479305.1	1	0				0
end	orthogroup_1125	5	9	GCA_000015785.2;GCA_000025805.1;GCF_000009045.1;GCF_000009785.1;GCF_000011245.1;GCF_000017885.4;GCF_005671335.1;GCF_034478925.1;GCF_034479305.1	1	1	GCF_034479305.1	19.5		0
end	orthogroup_1140	1	9	GCA_000015785.2;GCA_000025805.1;GCF_000009045.1;GCF_000009785.1;GCF_000017885.4;GCF_005671335.1;GCF_006094295.1;GCF_034478925.1;GCF_034479305.1	1	0				0
end	orthogroup_1140	2	9	GCA_000015785.2;GCA_000025805.1;GCF_000009045.1;GCF_000009785.1;GCF_000017885.4;GCF_005671335.1;GCF_006094295.1;GCF_034478925.1;GCF_034479305.1	1	1	GCA_000025805.1	-3.0		0
end	orthogroup_1140	3	9	GCA_000015785.2;GCA_000025805.1;GCF_000009045.1;GCF_000009785.1;GCF_000017885.4;GCF_005671335.1;GCF_006094295.1;GCF_034478925.1;GCF_034479305.1	1	1	GCF_034479305.1	0.0		0
end	orthogroup_1140	4	9	GCA_000015785.2;GCA_000025805.1;GCF_000009045.1;GCF_000009785.1;GCF_000017885.4;GCF_005671335.1;GCF_006094295.1;GCF_034478925.1;GCF_034479305.1	1	1	GCF_034478925.1	10.0		0
end	orthogroup_1140	5	9	GCA_000015785.2;GCA_000025805.1;GCF_000009045.1;GCF_000009785.1;GCF_000017885.4;GCF_005671335.1;GCF_006094295.1;GCF_034478925.1;GCF_034479305.1	1	1	GCA_000015785.2	7.0		0
end	orthogroup_1140	6	9	GCA_000015785.2;GCA_000025805.1;GCF_000009045.1;GCF_000009785.1;GCF_000017885.4;GCF_005671335.1;GCF_006094295.1;GCF_034478925.1;GCF_034479305.1	1	1	GCA_000015785.2	-3.5		0
end	orthogroup_1140	7	9	GCA_000015785.2;GCA_000025805.1;GCF_000009045.1;GCF_000009785.1;GCF_000017885.4;GCF_005671335.1;GCF_006094295.1;GCF_034478925.1;GCF_034479305.1	1	2	GCF_000009785.1;GCF_006094295.1	-9.5	24.5	0
end	orthogroup_1141	1	9	GCA_000015785.2;GCA_000025805.1;GCF_000009045.1;GCF_000009785.1;GCF_000011245.1;GCF_000017885.4;GCF_005671335.1;GCF_034478925.1;GCF_034479305.1	1	0				0
end	orthogroup_1141	2	9	GCA_000015785.2;GCA_000025805.1;GCF_000009045.1;GCF_000009785.1;GCF_000011245.1;GCF_000017885.4;GCF_005671335.1;GCF_034478925.1;GCF_034479305.1	1	0				0
end	orthogroup_1141	3	9	GCA_000015785.2;GCA_000025805.1;GCF_000009045.1;GCF_000009785.1;GCF_000011245.1;GCF_000017885.4;GCF_005671335.1;GCF_034478925.1;GCF_034479305.1	1	0				0
end	orthogroup_1141	4	9	GCA_000015785.2;GCA_000025805.1;GCF_000009045.1;GCF_000009785.1;GCF_000011245.1;GCF_000017885.4;GCF_005671335.1;GCF_034478925.1;GCF_034479305.1	1	0				0
end	orthogroup_1141	5	9	GCA_000015785.2;GCA_000025805.1;GCF_000009045.1;GCF_000009785.1;GCF_000011245.1;GCF_000017885.4;GCF_005671335.1;GCF_034478925.1;GCF_034479305.1	1	0				0
end	orthogroup_1141	6	9	GCA_000015785.2;GCA_000025805.1;GCF_000009045.1;GCF_000009785.1;GCF_000011245.1;GCF_000017885.4;GCF_005671335.1;GCF_034478925.1;GCF_034479305.1	1	0				0
end	orthogroup_1141	7	9	GCA_000015785.2;GCA_000025805.1;GCF_000009045.1;GCF_000009785.1;GCF_000011245.1;GCF_000017885.4;GCF_005671335.1;GCF_034478925.1;GCF_034479305.1	1	0				0
end	orthogroup_1150	1	9	GCA_000015785.2;GCA_000025805.1;GCF_000009045.1;GCF_000009785.1;GCF_000017885.4;GCF_005671335.1;GCF_006094295.1;GCF_034478925.1;GCF_034479305.1	1	0				0
end	orthogroup_1150	2	9	GCA_000015785.2;GCA_000025805.1;GCF_000009045.1;GCF_000009785.1;GCF_000017885.4;GCF_005671335.1;GCF_006094295.1;GCF_034478925.1;GCF_034479305.1	1	2	GCF_000009785.1;GCF_000017885.4	1.0	200.0	0
end	orthogroup_1150	3	9	GCA_000015785.2;GCA_000025805.1;GCF_000009045.1;GCF_000009785.1;GCF_000017885.4;GCF_005671335.1;GCF_006094295.1;GCF_034478925.1;GCF_034479305.1	1	0				0
end	orthogroup_1152	1	9	GCA_000015785.2;GCA_000025805.1;GCF_000009045.1;GCF_000009785.1;GCF_000017885.4;GCF_005671335.1;GCF_006094295.1;GCF_034478925.1;GCF_034479305.1	1	8	GCA_000015785.2;GCA_000025805.1;GCF_000009045.1;GCF_000009785.1;GCF_000017885.4;GCF_005671335.1;GCF_006094295.1;GCF_034479305.1	-11.5	2789.4285714285716	1
end	orthogroup_1152	2	9	GCA_000015785.2;GCA_000025805.1;GCF_000009045.1;GCF_000009785.1;GCF_000017885.4;GCF_005671335.1;GCF_006094295.1;GCF_034478925.1;GCF_034479305.1	1	2	GCA_000015785.2;GCF_006094295.1	17.0	2.0	0
end	orthogroup_1152	3	9	GCA_000015785.2;GCA_000025805.1;GCF_000009045.1;GCF_000009785.1;GCF_000017885.4;GCF_005671335.1;GCF_006094295.1;GCF_034478925.1;GCF_034479305.1	1	2	GCF_000017885.4;GCF_034478925.1	-39.5	2244.5	0
end	orthogroup_1153	1	9	GCA_000015785.2;GCA_000025805.1;GCF_000009045.1;GCF_000011245.1;GCF_000017885.4;GCF_005671335.1;GCF_006094295.1;GCF_034478925.1;GCF_034479305.1	1	1	GCA_000025805.1	1.0		0
end	orthogroup_1153	2	9	GCA_000015785.2;GCA_000025805.1;GCF_000009045.1;GCF_000011245.1;GCF_000017885.4;GCF_005671335.1;GCF_006094295.1;GCF_034478925.1;GCF_034479305.1	1	0				0
end	orthogroup_1153	3	9	GCA_000015785.2;GCA_000025805.1;GCF_000009045.1;GCF_000011245.1;GCF_000017885.4;GCF_005671335.1;GCF_006094295.1;GCF_034478925.1;GCF_034479305.1	1	0				0
end	orthogroup_1153	4	9	GCA_000015785.2;GCA_000025805.1;GCF_000009045.1;GCF_000011245.1;GCF_000017885.4;GCF_005671335.1;GCF_006094295.1;GCF_034478925.1;GCF_034479305.1	1	0				0
end	orthogroup_1153	5	9	GCA_000015785.2;GCA_000025805.1;GCF_000009045.1;GCF_000011245.1;GCF_000017885.4;GCF_005671335.1;GCF_006094295.1;GCF_034478925.1;GCF_034479305.1	1	0				0
end	orthogroup_1153	6	9	GCA_000015785.2;GCA_000025805.1;GCF_000009045.1;GCF_000011245.1;GCF_000017885.4;GCF_005671335.1;GCF_006094295.1;GCF_034478925.1;GCF_034479305.1	1	1	GCF_000011245.1	-6.5		0
end	orthogroup_1175	1	9	GCA_000015785.2;GCA_000025805.1;GCF_000009045.1;GCF_000009785.1;GCF_000017885.4;GCF_005671335.1;GCF_006094295.1;GCF_034478925.1;GCF_034479305.1	1	0				0
end	orthogroup_1175	2	9	GCA_000015785.2;GCA_000025805.1;GCF_000009045.1;GCF_000009785.1;GCF_000017885.4;GCF_005671335.1;GCF_006094295.1;GCF_034478925.1;GCF_034479305.1	1	0				0
end	orthogroup_1175	3	9	GCA_000015785.2;GCA_000025805.1;GCF_000009045.1;GCF_000009785.1;GCF_000017885.4;GCF_005671335.1;GCF_006094295.1;GCF_034478925.1;GCF_034479305.1	1	0				0
end	orthogroup_1175	4	9	GCA_000015785.2;GCA_000025805.1;GCF_000009045.1;GCF_000009785.1;GCF_000017885.4;GCF_005671335.1;GCF_006094295.1;GCF_034478925.1;GCF_034479305.1	1	0				0
end	orthogroup_1175	5	9	GCA_000015785.2;GCA_000025805.1;GCF_000009045.1;GCF_000009785.1;GCF_000017885.4;GCF_005671335.1;GCF_006094295.1;GCF_034478925.1;GCF_034479305.1	1	0				0
end	orthogroup_1175	6	9	GCA_000015785.2;GCA_000025805.1;GCF_000009045.1;GCF_000009785.1;GCF_000017885.4;GCF_005671335.1;GCF_006094295.1;GCF_034478925.1;GCF_034479305.1	1	0				0
end	orthogroup_1176	1	9	GCA_000015785.2;GCA_000025805.1;GCF_000009045.1;GCF_000011245.1;GCF_000017885.4;GCF_005671335.1;GCF_006094295.1;GCF_034478925.1;GCF_034479305.1	1	1	GCF_000009045.1	-1.0		0
end	orthogroup_1176	2	9	GCA_000015785.2;GCA_000025805.1;GCF_000009045.1;GCF_000011245.1;GCF_000017885.4;GCF_005671335.1;GCF_006094295.1;GCF_034478925.1;GCF_034479305.1	1	0				0
end	orthogroup_1176	3	9	GCA_000015785.2;GCA_000025805.1;GCF_000009045.1;GCF_000011245.1;GCF_000017885.4;GCF_005671335.1;GCF_006094295.1;GCF_034478925.1;GCF_034479305.1	1	0				0
end	orthogroup_1176	4	9	GCA_000015785.2;GCA_000025805.1;GCF_000009045.1;GCF_000011245.1;GCF_000017885.4;GCF_005671335.1;GCF_006094295.1;GCF_034478925.1;GCF_034479305.1	1	0				0
end	orthogroup_1181	1	9	GCA_000015785.2;GCA_000025805.1;GCF_000009785.1;GCF_000011245.1;GCF_000017885.4;GCF_005671335.1;GCF_006094295.1;GCF_034478925.1;GCF_034479305.1	1	0				0
end	orthogroup_1181	2	9	GCA_000015785.2;GCA_000025805.1;GCF_000009785.1;GCF_000011245.1;GCF_000017885.4;GCF_005671335.1;GCF_006094295.1;GCF_034478925.1;GCF_034479305.1	1	0				0
end	orthogroup_1181	3	9	GCA_000015785.2;GCA_000025805.1;GCF_000009785.1;GCF_000011245.1;GCF_000017885.4;GCF_005671335.1;GCF_006094295.1;GCF_034478925.1;GCF_034479305.1	1	0				0
end	orthogroup_1181	4	9	GCA_000015785.2;GCA_000025805.1;GCF_000009785.1;GCF_000011245.1;GCF_000017885.4;GCF_005671335.1;GCF_006094295.1;GCF_034478925.1;GCF_034479305.1	1	1	GCF_005671335.1	-5.0		0
end	orthogroup_1181	5	9	GCA_000015785.2;GCA_000025805.1;GCF_000009785.1;GCF_000011245.1;GCF_000017885.4;GCF_005671335.1;GCF_006094295.1;GCF_034478925.1;GCF_034479305.1	1	0				0
end	orthogroup_1181	6	9	GCA_000015785.2;GCA_000025805.1;GCF_000009785.1;GCF_000011245.1;GCF_000017885.4;GCF_005671335.1;GCF_006094295.1;GCF_034478925.1;GCF_034479305.1	1	0				0
end	orthogroup_1181	7	9	GCA_000015785.2;GCA_000025805.1;GCF_000009785.1;GCF_000011245.1;GCF_000017885.4;GCF_005671335.1;GCF_006094295.1;GCF_034478925.1;GCF_034479305.1	1	0				0
end	orthogroup_1181	8	9	GCA_000015785.2;GCA_000025805.1;GCF_000009785.1;GCF_000011245.1;GCF_000017885.4;GCF_005671335.1;GCF_006094295.1;GCF_034478925.1;GCF_034479305.1	1	1	GCF_034478925.1	10.0		0
end	orthogroup_1188	1	9	GCA_000015785.2;GCA_000025805.1;GCF_000009045.1;GCF_000009785.1;GCF_000011245.1;GCF_000017885.4;GCF_005671335.1;GCF_034478925.1;GCF_034479305.1	1	0				0
end	orthogroup_1188	2	9	GCA_000015785.2;GCA_000025805.1;GCF_000009045.1;GCF_000009785.1;GCF_000011245.1;GCF_000017885.4;GCF_005671335.1;GCF_034478925.1;GCF_034479305.1	1	0				0
end	orthogroup_1188	3	9	GCA_000015785.2;GCA_000025805.1;GCF_000009045.1;GCF_000009785.1;GCF_000011245.1;GCF_000017885.4;GCF_005671335.1;GCF_034478925.1;GCF_034479305.1	1	2	GCF_000009045.1;GCF_000009785.1	8.75	351.125	0
end	orthogroup_1188	4	9	GCA_000015785.2;GCA_000025805.1;GCF_000009045.1;GCF_000009785.1;GCF_000011245.1;GCF_000017885.4;GCF_005671335.1;GCF_034478925.1;GCF_034479305.1	1	1	GCF_034478925.1	20.0		0
end	orthogroup_1188	5	9	GCA_000015785.2;GCA_000025805.1;GCF_000009045.1;GCF_000009785.1;GCF_000011245.1;GCF_000017885.4;GCF_005671335.1;GCF_034478925.1;GCF_034479305.1	1	0				0
end	orthogroup_1188	6	9	GCA_000015785.2;GCA_000025805.1;GCF_000009045.1;GCF_000009785.1;GCF_000011245.1;GCF_000017885.4;GCF_005671335.1;GCF_034478925.1;GCF_034479305.1	1	0				0
end	orthogroup_1188	7	9	GCA_000015785.2;GCA_000025805.1;GCF_000009045.1;GCF_000009785.1;GCF_000011245.1;GCF_000017885.4;GCF_005671335.1;GCF_034478925.1;GCF_034479305.1	1	4	GCA_000015785.2;GCF_000009785.1;GCF_005671335.1;GCF_034478925.1	56.0	3561.6666666666665	1
end	orthogroup_1188	8	9	GCA_000015785.2;GCA_000025805.1;GCF_000009045.1;GCF_000009785.1;GCF_000011245.1;GCF_000017885.4;GCF_005671335.1;GCF_034478925.1;GCF_034479305.1	1	3	GCF_000011245.1;GCF_005671335.1;GCF_034478925.1	19.0	490.75	1
end	orthogroup_1188	9	9	GCA_000015785.2;GCA_000025805.1;GCF_000009045.1;GCF_000009785.1;GCF_000011245.1;GCF_000017885.4;GCF_005671335.1;GCF_034478925.1;GCF_034479305.1	1	0				0
end	orthogroup_1188	10	9	GCA_000015785.2;GCA_000025805.1;GCF_000009045.1;GCF_000009785.1;GCF_000011245.1;GCF_000017885.4;GCF_005671335.1;GCF_034478925.1;GCF_034479305.1	1	1	GCF_034479305.1	4.0		0
end	orthogroup_1191	1	9	GCA_000015785.2;GCA_000025805.1;GCF_000009045.1;GCF_000009785.1;GCF_000011245.1;GCF_000017885.4;GCF_006094295.1;GCF_034478925.1;GCF_034479305.1	1	0				0
end	orthogroup_1191	2	9	GCA_000015785.2;GCA_000025805.1;GCF_000009045.1;GCF_000009785.1;GCF_000011245.1;GCF_000017885.4;GCF_006094295.1;GCF_034478925.1;GCF_034479305.1	1	1	GCF_006094295.1	6.0		0
end	orthogroup_1191	3	9	GCA_000015785.2;GCA_000025805.1;GCF_000009045.1;GCF_000009785.1;GCF_000011245.1;GCF_000017885.4;GCF_006094295.1;GCF_034478925.1;GCF_034479305.1	1	1	GCF_006094295.1	-1.0		0
end	orthogroup_1191	4	9	GCA_000015785.2;GCA_000025805.1;GCF_000009045.1;GCF_000009785.1;GCF_000011245.1;GCF_000017885.4;GCF_006094295.1;GCF_034478925.1;GCF_034479305.1	1	1	GCF_006094295.1	-8.0		0
end	orthogroup_1191	5	9	GCA_000015785.2;GCA_000025805.1;GCF_000009045.1;GCF_000009785.1;GCF_000011245.1;GCF_000017885.4;GCF_006094295.1;GCF_034478925.1;GCF_034479305.1	1	0				0
end	orthogroup_1191	6	9	GCA_000015785.2;GCA_000025805.1;GCF_000009045.1;GCF_000009785.1;GCF_000011245.1;GCF_000017885.4;GCF_006094295.1;GCF_034478925.1;GCF_034479305.1	1	1	GCF_034479305.1	4.0		0
end	orthogroup_1192	1	8	GCA_000015785.2;GCA_000025805.1;GCF_000009045.1;GCF_000009785.1;GCF_000017885.4;GCF_005671335.1;GCF_006094295.1;GCF_034478925.1	1	0				0
end	orthogroup_1192	2	8	GCA_000015785.2;GCA_000025805.1;GCF_000009045.1;GCF_000009785.1;GCF_000017885.4;GCF_005671335.1;GCF_006094295.1;GCF_034478925.1	1	1	GCF_000009785.1	12.0		0
end	orthogroup_1192	3	8	GCA_000015785.2;GCA_000025805.1;GCF_000009045.1;GCF_000009785.1;GCF_000017885.4;GCF_005671335.1;GCF_006094295.1;GCF_034478925.1	1	0				0
end	orthogroup_1192	4	8	GCA_000015785.2;GCA_000025805.1;GCF_000009045.1;GCF_000009785.1;GCF_000017885.4;GCF_005671335.1;GCF_006094295.1;GCF_034478925.1	1	0				0
end	orthogroup_1238	1	9	GCA_000015785.2;GCA_000025805.1;GCF_000009045.1;GCF_000009785.1;GCF_000011245.1;GCF_000017885.4;GCF_006094295.1;GCF_034478925.1;GCF_034479305.1	1	1	GCF_000011245.1	-9.0		0
end	orthogroup_1238	2	9	GCA_000015785.2;GCA_000025805.1;GCF_000009045.1;GCF_000009785.1;GCF_000011245.1;GCF_000017885.4;GCF_006094295.1;GCF_034478925.1;GCF_034479305.1	1	1	GCF_034478925.1	5.0		0
end	orthogroup_1238	3	9	GCA_000015785.2;GCA_000025805.1;GCF_000009045.1;GCF_000009785.1;GCF_000011245.1;GCF_000017885.4;GCF_006094295.1;GCF_034478925.1;GCF_034479305.1	1	0				0
end	orthogroup_124	1	10	GCA_000015785.2;GCA_000025805.1;GCF_000009045.1;GCF_000009785.1;GCF_000011245.1;GCF_000017885.4;GCF_005671335.1;GCF_006094295.1;GCF_034478925.1;GCF_034479305.1	1	0				0
end	orthogroup_124	2	10	GCA_000015785.2;GCA_000025805.1;GCF_000009045.1;GCF_000009785.1;GCF_000011245.1;GCF_000017885.4;GCF_005671335.1;GCF_006094295.1;GCF_034478925.1;GCF_034479305.1	1	0				0
end	orthogroup_124	3	10	GCA_000015785.2;GCA_000025805.1;GCF_000009045.1;GCF_000009785.1;GCF_000011245.1;GCF_000017885.4;GCF_005671335.1;GCF_006094295.1;GCF_034478925.1;GCF_034479305.1	1	1	GCF_006094295.1	-15.0		0
end	orthogroup_124	4	10	GCA_000015785.2;GCA_000025805.1;GCF_000009045.1;GCF_000009785.1;GCF_000011245.1;GCF_000017885.4;GCF_005671335.1;GCF_006094295.1;GCF_034478925.1;GCF_034479305.1	1	0				0
end	orthogroup_124	5	10	GCA_000015785.2;GCA_000025805.1;GCF_000009045.1;GCF_000009785.1;GCF_000011245.1;GCF_000017885.4;GCF_005671335.1;GCF_006094295.1;GCF_034478925.1;GCF_034479305.1	1	0				0
end	orthogroup_124	6	10	GCA_000015785.2;GCA_000025805.1;GCF_000009045.1;GCF_000009785.1;GCF_000011245.1;GCF_000017885.4;GCF_005671335.1;GCF_006094295.1;GCF_034478925.1;GCF_034479305.1	1	1	GCF_000009785.1	-11.5		0
end	orthogroup_1241	1	9	GCA_000015785.2;GCA_000025805.1;GCF_000009045.1;GCF_000009785.1;GCF_000011245.1;GCF_000017885.4;GCF_005671335.1;GCF_006094295.1;GCF_034478925.1	1	0				0
end	orthogroup_1241	2	9	GCA_000015785.2;GCA_000025805.1;GCF_000009045.1;GCF_000009785.1;GCF_000011245.1;GCF_000017885.4;GCF_005671335.1;GCF_006094295.1;GCF_034478925.1	1	1	GCF_034478925.1	6.0		0
end	orthogroup_1241	3	9	GCA_000015785.2;GCA_000025805.1;GCF_000009045.1;GCF_000009785.1;GCF_000011245.1;GCF_000017885.4;GCF_005671335.1;GCF_006094295.1;GCF_034478925.1	1	0				0
end	orthogroup_1241	4	9	GCA_000015785.2;GCA_000025805.1;GCF_000009045.1;GCF_000009785.1;GCF_000011245.1;GCF_000017885.4;GCF_005671335.1;GCF_006094295.1;GCF_034478925.1	1	1	GCF_034478925.1	-9.0		0
end	orthogroup_1241	5	9	GCA_000015785.2;GCA_000025805.1;GCF_000009045.1;GCF_000009785.1;GCF_000011245.1;GCF_000017885.4;GCF_005671335.1;GCF_006094295.1;GCF_034478925.1	1	0				0
end	orthogroup_1241	6	9	GCA_000015785.2;GCA_000025805.1;GCF_000009045.1;GCF_000009785.1;GCF_000011245.1;GCF_000017885.4;GCF_005671335.1;GCF_006094295.1;GCF_034478925.1	1	1	GCF_000009045.1	2.0		0
end	orthogroup_1241	7	9	GCA_000015785.2;GCA_000025805.1;GCF_000009045.1;GCF_000009785.1;GCF_000011245.1;GCF_000017885.4;GCF_005671335.1;GCF_006094295.1;GCF_034478925.1	1	0				0
end	orthogroup_1241	8	9	GCA_000015785.2;GCA_000025805.1;GCF_000009045.1;GCF_000009785.1;GCF_000011245.1;GCF_000017885.4;GCF_005671335.1;GCF_006094295.1;GCF_034478925.1	1	1	GCF_005671335.1	3.0		0
end	orthogroup_1241	9	9	GCA_000015785.2;GCA_000025805.1;GCF_000009045.1;GCF_000009785.1;GCF_000011245.1;GCF_000017885.4;GCF_005671335.1;GCF_006094295.1;GCF_034478925.1	1	0				0
end	orthogroup_1241	10	9	GCA_000015785.2;GCA_000025805.1;GCF_000009045.1;GCF_000009785.1;GCF_000011245.1;GCF_000017885.4;GCF_005671335.1;GCF_006094295.1;GCF_034478925.1	1	0				0
end	orthogroup_1244	1	9	GCA_000025805.1;GCF_000009045.1;GCF_000009785.1;GCF_000011245.1;GCF_000017885.4;GCF_005671335.1;GCF_006094295.1;GCF_034478925.1;GCF_034479305.1	1	2	GCF_005671335.1;GCF_006094295.1	-0.5	40.5	0
end	orthogroup_1244	2	9	GCA_000025805.1;GCF_000009045.1;GCF_000009785.1;GCF_000011245.1;GCF_000017885.4;GCF_005671335.1;GCF_006094295.1;GCF_034478925.1;GCF_034479305.1	1	0				0
end	orthogroup_1244	3	9	GCA_000025805.1;GCF_000009045.1;GCF_000009785.1;GCF_000011245.1;GCF_000017885.4;GCF_005671335.1;GCF_006094295.1;GCF_034478925.1;GCF_034479305.1	1	1	GCF_006094295.1	-12.0		0
end	orthogroup_1244	4	9	GCA_000025805.1;GCF_000009045.1;GCF_000009785.1;GCF_000011245.1;GCF_000017885.4;GCF_005671335.1;GCF_006094295.1;GCF_034478925.1;GCF_034479305.1	1	0				0
end	orthogroup_1244	5	9	GCA_000025805.1;GCF_000009045.1;GCF_000009785.1;GCF_000011245.1;GCF_000017885.4;GCF_005671335.1;GCF_006094295.1;GCF_034478925.1;GCF_034479305.1	1	0				0
end	orthogroup_1244	6	9	GCA_000025805.1;GCF_000009045.1;GCF_000009785.1;GCF_000011245.1;GCF_000017885.4;GCF_005671335.1;GCF_006094295.1;GCF_034478925.1;GCF_034479305.1	1	0				0
end	orthogroup_1244	7	9	GCA_000025805.1;GCF_000009045.1;GCF_000009785.1;GCF_000011245.1;GCF_000017885.4;GCF_005671335.1;GCF_006094295.1;GCF_034478925.1;GCF_034479305.1	1	0				0
end	orthogroup_1244	8	9	GCA_000025805.1;GCF_000009045.1;GCF_000009785.1;GCF_000011245.1;GCF_000017885.4;GCF_005671335.1;GCF_006094295.1;GCF_034478925.1;GCF_034479305.1	1	0				0
end	orthogroup_1253	1	8	GCA_000015785.2;GCA_000025805.1;GCF_000009045.1;GCF_000011245.1;GCF_000017885.4;GCF_005671335.1;GCF_006094295.1;GCF_034478925.1	1	0				0
end	orthogroup_1253	2	8	GCA_000015785.2;GCA_000025805.1;GCF_000009045.1;GCF_000011245.1;GCF_000017885.4;GCF_005671335.1;GCF_006094295.1;GCF_034478925.1	1	0				0
end	orthogroup_1253	3	8	GCA_000015785.2;GCA_000025805.1;GCF_000009045.1;GCF_000011245.1;GCF_000017885.4;GCF_005671335.1;GCF_006094295.1;GCF_034478925.1	1	0				0
end	orthogroup_1253	4	8	GCA_000015785.2;GCA_000025805.1;GCF_000009045.1;GCF_000011245.1;GCF_000017885.4;GCF_005671335.1;GCF_006094295.1;GCF_034478925.1	1	0				0
end	orthogroup_1253	5	8	GCA_000015785.2;GCA_000025805.1;GCF_000009045.1;GCF_000011245.1;GCF_000017885.4;GCF_005671335.1;GCF_006094295.1;GCF_034478925.1	1	0				0
end	orthogroup_1253	6	8	GCA_000015785.2;GCA_000025805.1;GCF_000009045.1;GCF_000011245.1;GCF_000017885.4;GCF_005671335.1;GCF_006094295.1;GCF_034478925.1	1	2	GCA_000025805.1;GCF_000017885.4	0.0	128.0	0
end	orthogroup_1253	7	8	GCA_000015785.2;GCA_000025805.1;GCF_000009045.1;GCF_000011245.1;GCF_000017885.4;GCF_005671335.1;GCF_006094295.1;GCF_034478925.1	1	1	GCF_005671335.1	23.0		0
end	orthogroup_1253	8	8	GCA_000015785.2;GCA_000025805.1;GCF_000009045.1;GCF_000011245.1;GCF_000017885.4;GCF_005671335.1;GCF_006094295.1;GCF_034478925.1	1	1	GCF_000011245.1	-1.0		0
end	orthogroup_1253	9	8	GCA_000015785.2;GCA_000025805.1;GCF_000009045.1;GCF_000011245.1;GCF_000017885.4;GCF_005671335.1;GCF_006094295.1;GCF_034478925.1	1	0				0
end	orthogroup_1253	10	8	GCA_000015785.2;GCA_000025805.1;GCF_000009045.1;GCF_000011245.1;GCF_000017885.4;GCF_005671335.1;GCF_006094295.1;GCF_034478925.1	1	0				0
end	orthogroup_1253	11	8	GCA_000015785.2;GCA_000025805.1;GCF_000009045.1;GCF_000011245.1;GCF_000017885.4;GCF_005671335.1;GCF_006094295.1;GCF_034478925.1	1	0				0
end	orthogroup_1253	12	8	GCA_000015785.2;GCA_000025805.1;GCF_000009045.1;GCF_000011245.1;GCF_000017885.4;GCF_005671335.1;GCF_006094295.1;GCF_034478925.1	1	0				0
end	orthogroup_1253	13	8	GCA_000015785.2;GCA_000025805.1;GCF_000009045.1;GCF_000011245.1;GCF_000017885.4;GCF_005671335.1;GCF_006094295.1;GCF_034478925.1	1	0				0
end	orthogroup_1253	14	8	GCA_000015785.2;GCA_000025805.1;GCF_000009045.1;GCF_000011245.1;GCF_000017885.4;GCF_005671335.1;GCF_006094295.1;GCF_034478925.1	1	1	GCF_000017885.4	3.0		0
end	orthogroup_1254	1	8	GCA_000015785.2;GCA_000025805.1;GCF_000009045.1;GCF_000009785.1;GCF_000017885.4;GCF_005671335.1;GCF_034478925.1;GCF_034479305.1	1	0				0
end	orthogroup_1254	2	8	GCA_000015785.2;GCA_000025805.1;GCF_000009045.1;GCF_000009785.1;GCF_000017885.4;GCF_005671335.1;GCF_034478925.1;GCF_034479305.1	1	0				0
end	orthogroup_1254	3	8	GCA_000015785.2;GCA_000025805.1;GCF_000009045.1;GCF_000009785.1;GCF_000017885.4;GCF_005671335.1;GCF_034478925.1;GCF_034479305.1	1	0				0
end	orthogroup_1254	4	8	GCA_000015785.2;GCA_000025805.1;GCF_000009045.1;GCF_000009785.1;GCF_000017885.4;GCF_005671335.1;GCF_034478925.1;GCF_034479305.1	1	1	GCA_000025805.1	12.0		0
end	orthogroup_1254	5	8	GCA_000015785.2;GCA_000025805.1;GCF_000009045.1;GCF_000009785.1;GCF_000017885.4;GCF_005671335.1;GCF_034478925.1;GCF_034479305.1	1	0				0
end	orthogroup_1254	6	8	GCA_000015785.2;GCA_000025805.1;GCF_000009045.1;GCF_000009785.1;GCF_000017885.4;GCF_005671335.1;GCF_034478925.1;GCF_034479305.1	1	0				0
end	orthogroup_1254	7	8	GCA_000015785.2;GCA_000025805.1;GCF_000009045.1;GCF_000009785.1;GCF_000017885.4;GCF_005671335.1;GCF_034478925.1;GCF_034479305.1	1	0				0
end	orthogroup_1254	8	8	GCA_000015785.2;GCA_000025805.1;GCF_000009045.1;GCF_000009785.1;GCF_000017885.4;GCF_005671335.1;GCF_034478925.1;GCF_034479305.1	1	0				0
end	orthogroup_1254	9	8	GCA_000015785.2;GCA_000025805.1;GCF_000009045.1;GCF_000009785.1;GCF_000017885.4;GCF_005671335.1;GCF_034478925.1;GCF_034479305.1	1	0				0
end	orthogroup_1254	10	8	GCA_000015785.2;GCA_000025805.1;GCF_000009045.1;GCF_000009785.1;GCF_000017885.4;GCF_005671335.1;GCF_034478925.1;GCF_034479305.1	1	1	GCF_005671335.1	10.0		0
end	orthogroup_126	1	10	GCA_000015785.2;GCA_000025805.1;GCF_000009045.1;GCF_000009785.1;GCF_000011245.1;GCF_000017885.4;GCF_005671335.1;GCF_006094295.1;GCF_034478925.1;GCF_034479305.1	1	1	GCF_005671335.1	-14.0		0
end	orthogroup_126	2	10	GCA_000015785.2;GCA_000025805.1;GCF_000009045.1;GCF_000009785.1;GCF_000011245.1;GCF_000017885.4;GCF_005671335.1;GCF_006094295.1;GCF_034478925.1;GCF_034479305.1	1	0				0
end	orthogroup_126	3	10	GCA_000015785.2;GCA_000025805.1;GCF_000009045.1;GCF_000009785.1;GCF_000011245.1;GCF_000017885.4;GCF_005671335.1;GCF_006094295.1;GCF_034478925.1;GCF_034479305.1	1	5	GCF_000009045.1;GCF_000009785.1;GCF_000011245.1;GCF_000017885.4;GCF_005671335.1	158.0	2613.3	1
end	orthogroup_1261	1	8	GCA_000015785.2;GCF_000009045.1;GCF_000009785.1;GCF_000017885.4;GCF_005671335.1;GCF_006094295.1;GCF_034478925.1;GCF_034479305.1	1	1	GCF_034479305.1	-27.0		0
end	orthogroup_1261	2	8	GCA_000015785.2;GCF_000009045.1;GCF_000009785.1;GCF_000017885.4;GCF_005671335.1;GCF_006094295.1;GCF_034478925.1;GCF_034479305.1	1	2	GCF_000017885.4;GCF_034478925.1	10.5	40.5	0
end	orthogroup_1261	3	8	GCA_000015785.2;GCF_000009045.1;GCF_000009785.1;GCF_000017885.4;GCF_005671335.1;GCF_006094295.1;GCF_034478925.1;GCF_034479305.1	1	2	GCA_000015785.2;GCF_000017885.4	-37.5	180.5	0
end	orthogroup_1261	4	8	GCA_000015785.2;GCF_000009045.1;GCF_000009785.1;GCF_000017885.4;GCF_005671335.1;GCF_006094295.1;GCF_034478925.1;GCF_034479305.1	1	0				0
end	orthogroup_1261	5	8	GCA_000015785.2;GCF_000009045.1;GCF_000009785.1;GCF_000017885.4;GCF_005671335.1;GCF_006094295.1;GCF_034478925.1;GCF_034479305.1	1	2	GCF_005671335.1;GCF_006094295.1	-9.5	264.5	0
end	orthogroup_1261	6	8	GCA_000015785.2;GCF_000009045.1;GCF_000009785.1;GCF_000017885.4;GCF_005671335.1;GCF_006094295.1;GCF_034478925.1;GCF_034479305.1	1	0				0
end	orthogroup_1267	1	8	GCA_000015785.2;GCA_000025805.1;GCF_000009045.1;GCF_000009785.1;GCF_000011245.1;GCF_006094295.1;GCF_034478925.1;GCF_034479305.1	1	0				0
end	orthogroup_1267	2	8	GCA_000015785.2;GCA_000025805.1;GCF_000009045.1;GCF_000009785.1;GCF_000011245.1;GCF_006094295.1;GCF_034478925.1;GCF_034479305.1	1	1	GCF_000009785.1	-9.0		0
end	orthogroup_1267	3	8	GCA_000015785.2;GCA_000025805.1;GCF_000009045.1;GCF_000009785.1;GCF_000011245.1;GCF_006094295.1;GCF_034478925.1;GCF_034479305.1	1	1	GCF_000009785.1	7.0		0
end	orthogroup_1267	4	8	GCA_000015785.2;GCA_000025805.1;GCF_000009045.1;GCF_000009785.1;GCF_000011245.1;GCF_006094295.1;GCF_034478925.1;GCF_034479305.1	1	1	GCF_000011245.1	14.0		0
end	orthogroup_1267	5	8	GCA_000015785.2;GCA_000025805.1;GCF_000009045.1;GCF_000009785.1;GCF_000011245.1;GCF_006094295.1;GCF_034478925.1;GCF_034479305.1	1	1	GCF_000009785.1	-7.0		0
end	orthogroup_1267	6	8	GCA_000015785.2;GCA_000025805.1;GCF_000009045.1;GCF_000009785.1;GCF_000011245.1;GCF_006094295.1;GCF_034478925.1;GCF_034479305.1	1	1	GCF_000009785.1	48.0		0
end	orthogroup_1274	1	8	GCA_000015785.2;GCA_000025805.1;GCF_000009045.1;GCF_000009785.1;GCF_000017885.4;GCF_005671335.1;GCF_006094295.1;GCF_034478925.1	1	0				0
end	orthogroup_1274	2	8	GCA_000015785.2;GCA_000025805.1;GCF_000009045.1;GCF_000009785.1;GCF_000017885.4;GCF_005671335.1;GCF_006094295.1;GCF_034478925.1	1	0				0
end	orthogroup_1274	3	8	GCA_000015785.2;GCA_000025805.1;GCF_000009045.1;GCF_000009785.1;GCF_000017885.4;GCF_005671335.1;GCF_006094295.1;GCF_034478925.1	1	0				0
end	orthogroup_1274	4	8	GCA_000015785.2;GCA_000025805.1;GCF_000009045.1;GCF_000009785.1;GCF_000017885.4;GCF_005671335.1;GCF_006094295.1;GCF_034478925.1	1	0				0
end	orthogroup_1274	5	8	GCA_000015785.2;GCA_000025805.1;GCF_000009045.1;GCF_000009785.1;GCF_000017885.4;GCF_005671335.1;GCF_006094295.1;GCF_034478925.1	1	1	GCF_005671335.1	3.0		0
end	orthogroup_1274	6	8	GCA_000015785.2;GCA_000025805.1;GCF_000009045.1;GCF_000009785.1;GCF_000017885.4;GCF_005671335.1;GCF_006094295.1;GCF_034478925.1	1	2	GCF_000009045.1;GCF_000009785.1	3.75	561.125	0
end	orthogroup_1274	7	8	GCA_000015785.2;GCA_000025805.1;GCF_000009045.1;GCF_000009785.1;GCF_000017885.4;GCF_005671335.1;GCF_006094295.1;GCF_034478925.1	1	0				0
end	orthogroup_1274	8	8	GCA_000015785.2;GCA_000025805.1;GCF_000009045.1;GCF_000009785.1;GCF_000017885.4;GCF_005671335.1;GCF_006094295.1;GCF_034478925.1	1	3	GCA_000015785.2;GCA_000025805.1;GCF_000009785.1	-15.0	290.3333333333333	1
end	orthogroup_1274	9	8	GCA_000015785.2;GCA_000025805.1;GCF_000009045.1;GCF_000009785.1;GCF_000017885.4;GCF_005671335.1;GCF_006094295.1;GCF_034478925.1	1	0				0
end	orthogroup_1274	10	8	GCA_000015785.2;GCA_000025805.1;GCF_000009045.1;GCF_000009785.1;GCF_000017885.4;GCF_005671335.1;GCF_006094295.1;GCF_034478925.1	1	0				0
end	orthogroup_1274	11	8	GCA_000015785.2;GCA_000025805.1;GCF_000009045.1;GCF_000009785.1;GCF_000017885.4;GCF_005671335.1;GCF_006094295.1;GCF_034478925.1	1	1	GCF_000009045.1	-13.0		0
end	orthogroup_1274	12	8	GCA_000015785.2;GCA_000025805.1;GCF_000009045.1;GCF_000009785.1;GCF_000017885.4;GCF_005671335.1;GCF_006094295.1;GCF_034478925.1	1	0				0
end	orthogroup_1279	1	8	GCA_000015785.2;GCA_000025805.1;GCF_000009045.1;GCF_000017885.4;GCF_005671335.1;GCF_006094295.1;GCF_034478925.1;GCF_034479305.1	1	1	GCF_005671335.1	1.0		0
end	orthogroup_1279	2	8	GCA_000015785.2;GCA_000025805.1;GCF_000009045.1;GCF_000017885.4;GCF_005671335.1;GCF_006094295.1;GCF_034478925.1;GCF_034479305.1	1	0				0
end	orthogroup_1279	3	8	GCA_000015785.2;GCA_000025805.1;GCF_000009045.1;GCF_000017885.4;GCF_005671335.1;GCF_006094295.1;GCF_034478925.1;GCF_034479305.1	1	0				0
end	orthogroup_1279	4	8	GCA_000015785.2;GCA_000025805.1;GCF_000009045.1;GCF_000017885.4;GCF_005671335.1;GCF_006094295.1;GCF_034478925.1;GCF_034479305.1	1	0				0
end	orthogroup_1279	5	8	GCA_000015785.2;GCA_000025805.1;GCF_000009045.1;GCF_000017885.4;GCF_005671335.1;GCF_006094295.1;GCF_034478925.1;GCF_034479305.1	1	1	GCF_005671335.1	16.0		0
end	orthogroup_1279	6	8	GCA_000015785.2;GCA_000025805.1;GCF_000009045.1;GCF_000017885.4;GCF_005671335.1;GCF_006094295.1;GCF_034478925.1;GCF_034479305.1	1	2	GCF_005671335.1;GCF_034479305.1	190.0	18.0	0
end	orthogroup_1299	1	8	GCA_000015785.2;GCA_000025805.1;GCF_000009045.1;GCF_000009785.1;GCF_000017885.4;GCF_005671335.1;GCF_006094295.1;GCF_034478925.1	1	1	GCF_005671335.1	-22.0		0
end	orthogroup_1299	2	8	GCA_000015785.2;GCA_000025805.1;GCF_000009045.1;GCF_000009785.1;GCF_000017885.4;GCF_005671335.1;GCF_006094295.1;GCF_034478925.1	1	0				0
end	orthogroup_1299	3	8	GCA_000015785.2;GCA_000025805.1;GCF_000009045.1;GCF_000009785.1;GCF_000017885.4;GCF_005671335.1;GCF_006094295.1;GCF_034478925.1	1	0				0
end	orthogroup_1299	4	8	GCA_000015785.2;GCA_000025805.1;GCF_000009045.1;GCF_000009785.1;GCF_000017885.4;GCF_005671335.1;GCF_006094295.1;GCF_034478925.1	1	0				0
end	orthogroup_1299	5	8	GCA_000015785.2;GCA_000025805.1;GCF_000009045.1;GCF_000009785.1;GCF_000017885.4;GCF_005671335.1;GCF_006094295.1;GCF_034478925.1	1	1	GCF_000009785.1	15.0		0
end	orthogroup_1299	6	8	GCA_000015785.2;GCA_000025805.1;GCF_000009045.1;GCF_000009785.1;GCF_000017885.4;GCF_005671335.1;GCF_006094295.1;GCF_034478925.1	1	1	GCF_000009785.1	11.0		0
end	orthogroup_1299	7	8	GCA_000015785.2;GCA_000025805.1;GCF_000009045.1;GCF_000009785.1;GCF_000017885.4;GCF_005671335.1;GCF_006094295.1;GCF_034478925.1	1	0				0
end	orthogroup_1299	8	8	GCA_000015785.2;GCA_000025805.1;GCF_000009045.1;GCF_000009785.1;GCF_000017885.4;GCF_005671335.1;GCF_006094295.1;GCF_034478925.1	1	0				0
end	orthogroup_1299	9	8	GCA_000015785.2;GCA_000025805.1;GCF_000009045.1;GCF_000009785.1;GCF_000017885.4;GCF_005671335.1;GCF_006094295.1;GCF_034478925.1	1	1	GCF_005671335.1	10.0		0
end	orthogroup_1299	10	8	GCA_000015785.2;GCA_000025805.1;GCF_000009045.1;GCF_000009785.1;GCF_000017885.4;GCF_005671335.1;GCF_006094295.1;GCF_034478925.1	1	1	GCF_006094295.1	-5.0		0
end	orthogroup_1299	11	8	GCA_000015785.2;GCA_000025805.1;GCF_000009045.1;GCF_000009785.1;GCF_000017885.4;GCF_005671335.1;GCF_006094295.1;GCF_034478925.1	1	1	GCF_005671335.1	2.0		0
end	orthogroup_1299	12	8	GCA_000015785.2;GCA_000025805.1;GCF_000009045.1;GCF_000009785.1;GCF_000017885.4;GCF_005671335.1;GCF_006094295.1;GCF_034478925.1	1	1	GCF_006094295.1	-11.5		0
end	orthogroup_1336	1	8	GCA_000015785.2;GCA_000025805.1;GCF_000009045.1;GCF_000017885.4;GCF_005671335.1;GCF_006094295.1;GCF_034478925.1;GCF_034479305.1	1	1	GCA_000025805.1	-2.0		0
end	orthogroup_1336	2	8	GCA_000015785.2;GCA_000025805.1;GCF_000009045.1;GCF_000017885.4;GCF_005671335.1;GCF_006094295.1;GCF_034478925.1;GCF_034479305.1	1	0				0
end	orthogroup_1336	3	8	GCA_000015785.2;GCA_000025805.1;GCF_000009045.1;GCF_000017885.4;GCF_005671335.1;GCF_006094295.1;GCF_034478925.1;GCF_034479305.1	1	0				0
end	orthogroup_1336	4	8	GCA_000015785.2;GCA_000025805.1;GCF_000009045.1;GCF_000017885.4;GCF_005671335.1;GCF_006094295.1;GCF_034478925.1;GCF_034479305.1	1	0				0
end	orthogroup_1336	5	8	GCA_000015785.2;GCA_000025805.1;GCF_000009045.1;GCF_000017885.4;GCF_005671335.1;GCF_006094295.1;GCF_034478925.1;GCF_034479305.1	1	0				0
end	orthogroup_1339	1	8	GCA_000015785.2;GCA_000025805.1;GCF_000009045.1;GCF_000011245.1;GCF_000017885.4;GCF_005671335.1;GCF_034478925.1;GCF_034479305.1	1	0				0
end	orthogroup_1339	2	8	GCA_000015785.2;GCA_000025805.1;GCF_000009045.1;GCF_000011245.1;GCF_000017885.4;GCF_005671335.1;GCF_034478925.1;GCF_034479305.1	1	0				0
end	orthogroup_1339	3	8	GCA_000015785.2;GCA_000025805.1;GCF_000009045.1;GCF_000011245.1;GCF_000017885.4;GCF_005671335.1;GCF_034478925.1;GCF_034479305.1	1	0				0
end	orthogroup_1339	4	8	GCA_000015785.2;GCA_000025805.1;GCF_000009045.1;GCF_000011245.1;GCF_000017885.4;GCF_005671335.1;GCF_034478925.1;GCF_034479305.1	1	0				0
end	orthogroup_1339	5	8	GCA_000015785.2;GCA_000025805.1;GCF_000009045.1;GCF_000011245.1;GCF_000017885.4;GCF_005671335.1;GCF_034478925.1;GCF_034479305.1	1	1	GCF_000017885.4	-14.0		0
end	orthogroup_1339	6	8	GCA_000015785.2;GCA_000025805.1;GCF_000009045.1;GCF_000011245.1;GCF_000017885.4;GCF_005671335.1;GCF_034478925.1;GCF_034479305.1	1	0				0
end	orthogroup_1339	7	8	GCA_000015785.2;GCA_000025805.1;GCF_000009045.1;GCF_000011245.1;GCF_000017885.4;GCF_005671335.1;GCF_034478925.1;GCF_034479305.1	1	0				0
end	orthogroup_1339	8	8	GCA_000015785.2;GCA_000025805.1;GCF_000009045.1;GCF_000011245.1;GCF_000017885.4;GCF_005671335.1;GCF_034478925.1;GCF_034479305.1	1	0				0
end	orthogroup_1339	9	8	GCA_000015785.2;GCA_000025805.1;GCF_000009045.1;GCF_000011245.1;GCF_000017885.4;GCF_005671335.1;GCF_034478925.1;GCF_034479305.1	1	0				0
end	orthogroup_1339	10	8	GCA_000015785.2;GCA_000025805.1;GCF_000009045.1;GCF_000011245.1;GCF_000017885.4;GCF_005671335.1;GCF_034478925.1;GCF_034479305.1	1	1	GCF_000009045.1	-11.0		0
end	orthogroup_1354	1	8	GCA_000015785.2;GCA_000025805.1;GCF_000009045.1;GCF_000009785.1;GCF_000011245.1;GCF_000017885.4;GCF_006094295.1;GCF_034478925.1	1	1	GCF_000009785.1	-32.0		0
end	orthogroup_1354	2	8	GCA_000015785.2;GCA_000025805.1;GCF_000009045.1;GCF_000009785.1;GCF_000011245.1;GCF_000017885.4;GCF_006094295.1;GCF_034478925.1	1	0				0
end	orthogroup_1354	3	8	GCA_000015785.2;GCA_000025805.1;GCF_000009045.1;GCF_000009785.1;GCF_000011245.1;GCF_000017885.4;GCF_006094295.1;GCF_034478925.1	1	0				0
end	orthogroup_1354	4	8	GCA_000015785.2;GCA_000025805.1;GCF_000009045.1;GCF_000009785.1;GCF_000011245.1;GCF_000017885.4;GCF_006094295.1;GCF_034478925.1	1	0				0
end	orthogroup_1354	5	8	GCA_000015785.2;GCA_000025805.1;GCF_000009045.1;GCF_000009785.1;GCF_000011245.1;GCF_000017885.4;GCF_006094295.1;GCF_034478925.1	1	0				0
end	orthogroup_1354	6	8	GCA_000015785.2;GCA_000025805.1;GCF_000009045.1;GCF_000009785.1;GCF_000011245.1;GCF_000017885.4;GCF_006094295.1;GCF_034478925.1	1	0				0
end	orthogroup_1356	1	8	GCA_000015785.2;GCA_000025805.1;GCF_000009045.1;GCF_000009785.1;GCF_000011245.1;GCF_000017885.4;GCF_006094295.1;GCF_034478925.1	1	0				0
end	orthogroup_1356	2	8	GCA_000015785.2;GCA_000025805.1;GCF_000009045.1;GCF_000009785.1;GCF_000011245.1;GCF_000017885.4;GCF_006094295.1;GCF_034478925.1	1	0				0
end	orthogroup_1356	3	8	GCA_000015785.2;GCA_000025805.1;GCF_000009045.1;GCF_000009785.1;GCF_000011245.1;GCF_000017885.4;GCF_006094295.1;GCF_034478925.1	1	1	GCF_000009785.1	-1.0		0
end	orthogroup_1356	4	8	GCA_000015785.2;GCA_000025805.1;GCF_000009045.1;GCF_000009785.1;GCF_000011245.1;GCF_000017885.4;GCF_006094295.1;GCF_034478925.1	1	0				0
end	orthogroup_136	1	7	GCA_000015785.2;GCA_000025805.1;GCF_000009045.1;GCF_000009785.1;GCF_000017885.4;GCF_006094295.1;GCF_034478925.1	0	0				0
end	orthogroup_136	2	7	GCA_000015785.2;GCA_000025805.1;GCF_000009045.1;GCF_000009785.1;GCF_000017885.4;GCF_006094295.1;GCF_034478925.1	0	0				0
end	orthogroup_136	3	7	GCA_000015785.2;GCA_000025805.1;GCF_000009045.1;GCF_000009785.1;GCF_000017885.4;GCF_006094295.1;GCF_034478925.1	0	0				0
end	orthogroup_136	4	7	GCA_000015785.2;GCA_000025805.1;GCF_000009045.1;GCF_000009785.1;GCF_000017885.4;GCF_006094295.1;GCF_034478925.1	0	0				0
end	orthogroup_136	5	7	GCA_000015785.2;GCA_000025805.1;GCF_000009045.1;GCF_000009785.1;GCF_000017885.4;GCF_006094295.1;GCF_034478925.1	0	0				0
end	orthogroup_136	6	7	GCA_000015785.2;GCA_000025805.1;GCF_000009045.1;GCF_000009785.1;GCF_000017885.4;GCF_006094295.1;GCF_034478925.1	0	0				0
end	orthogroup_1366	1	8	GCA_000015785.2;GCA_000025805.1;GCF_000009045.1;GCF_000009785.1;GCF_000017885.4;GCF_005671335.1;GCF_006094295.1;GCF_034478925.1	1	3	GCA_000015785.2;GCF_000017885.4;GCF_006094295.1	-51.0	739.0833333333334	1
end	orthogroup_1366	2	8	GCA_000015785.2;GCA_000025805.1;GCF_000009045.1;GCF_000009785.1;GCF_000017885.4;GCF_005671335.1;GCF_006094295.1;GCF_034478925.1	1	0				0
end	orthogroup_1366	3	8	GCA_000015785.2;GCA_000025805.1;GCF_000009045.1;GCF_000009785.1;GCF_000017885.4;GCF_005671335.1;GCF_006094295.1;GCF_034478925.1	1	0				0
end	orthogroup_1366	4	8	GCA_000015785.2;GCA_000025805.1;GCF_000009045.1;GCF_000009785.1;GCF_000017885.4;GCF_005671335.1;GCF_006094295.1;GCF_034478925.1	1	0				0
end	orthogroup_1370	1	8	GCA_000015785.2;GCA_000025805.1;GCF_000009045.1;GCF_000009785.1;GCF_000017885.4;GCF_005671335.1;GCF_006094295.1;GCF_034478925.1	1	0				0
end	orthogroup_1370	2	8	GCA_000015785.2;GCA_000025805.1;GCF_000009045.1;GCF_000009785.1;GCF_000017885.4;GCF_005671335.1;GCF_006094295.1;GCF_034478925.1	1	0				0
end	orthogroup_1370	3	8	GCA_000015785.2;GCA_000025805.1;GCF_000009045.1;GCF_000009785.1;GCF_000017885.4;GCF_005671335.1;GCF_006094295.1;GCF_034478925.1	1	1	GCF_005671335.1	8.0		0
end	orthogroup_1370	4	8	GCA_000015785.2;GCA_000025805.1;GCF_000009045.1;GCF_000009785.1;GCF_000017885.4;GCF_005671335.1;GCF_006094295.1;GCF_034478925.1	1	0				0
end	orthogroup_1372	1	8	GCA_000015785.2;GCA_000025805.1;GCF_000009045.1;GCF_000011245.1;GCF_000017885.4;GCF_005671335.1;GCF_034478925.1;GCF_034479305.1	1	0				0
end	orthogroup_1372	2	8	GCA_000015785.2;GCA_000025805.1;GCF_000009045.1;GCF_000011245.1;GCF_000017885.4;GCF_005671335.1;GCF_034478925.1;GCF_034479305.1	1	1	GCF_034479305.1	-4.0		0
end	orthogroup_1372	3	8	GCA_000015785.2;GCA_000025805.1;GCF_000009045.1;GCF_000011245.1;GCF_000017885.4;GCF_005671335.1;GCF_034478925.1;GCF_034479305.1	1	0				0
end	orthogroup_1372	4	8	GCA_000015785.2;GCA_000025805.1;GCF_000009045.1;GCF_000011245.1;GCF_000017885.4;GCF_005671335.1;GCF_034478925.1;GCF_034479305.1	1	0				0
end	orthogroup_1372	5	8	GCA_000015785.2;GCA_000025805.1;GCF_000009045.1;GCF_000011245.1;GCF_000017885.4;GCF_005671335.1;GCF_034478925.1;GCF_034479305.1	1	2	GCF_034478925.1;GCF_034479305.1	53.25	3916.125	0
end	orthogroup_1379	1	8	GCA_000015785.2;GCA_000025805.1;GCF_000009045.1;GCF_000009785.1;GCF_000011245.1;GCF_000017885.4;GCF_006094295.1;GCF_034478925.1	1	1	GCF_006094295.1	-10.0		0
end	orthogroup_1379	2	8	GCA_000015785.2;GCA_000025805.1;GCF_000009045.1;GCF_000009785.1;GCF_000011245.1;GCF_000017885.4;GCF_006094295.1;GCF_034478925.1	1	2	GCF_000009045.1;GCF_000017885.4	-73.0	3200.0	0
end	orthogroup_1379	3	8	GCA_000015785.2;GCA_000025805.1;GCF_000009045.1;GCF_000009785.1;GCF_000011245.1;GCF_000017885.4;GCF_006094295.1;GCF_034478925.1	1	0				0
end	orthogroup_1379	4	8	GCA_000015785.2;GCA_000025805.1;GCF_000009045.1;GCF_000009785.1;GCF_000011245.1;GCF_000017885.4;GCF_006094295.1;GCF_034478925.1	1	1	GCF_000009045.1	12.0		0
end	orthogroup_1379	5	8	GCA_000015785.2;GCA_000025805.1;GCF_000009045.1;GCF_000009785.1;GCF_000011245.1;GCF_000017885.4;GCF_006094295.1;GCF_034478925.1	1	0				0
end	orthogroup_1379	6	8	GCA_000015785.2;GCA_000025805.1;GCF_000009045.1;GCF_000009785.1;GCF_000011245.1;GCF_000017885.4;GCF_006094295.1;GCF_034478925.1	1	0				0
end	orthogroup_1379	7	8	GCA_000015785.2;GCA_000025805.1;GCF_000009045.1;GCF_000009785.1;GCF_000011245.1;GCF_000017885.4;GCF_006094295.1;GCF_034478925.1	1	1	GCF_006094295.1	16.0		0
end	orthogroup_1379	8	8	GCA_000015785.2;GCA_000025805.1;GCF_000009045.1;GCF_000009785.1;GCF_000011245.1;GCF_000017885.4;GCF_006094295.1;GCF_034478925.1	1	1	GCA_000025805.1	3.0		0
end	orthogroup_1379	9	8	GCA_000015785.2;GCA_000025805.1;GCF_000009045.1;GCF_000009785.1;GCF_000011245.1;GCF_000017885.4;GCF_006094295.1;GCF_034478925.1	1	1	GCF_000009045.1	-3.0		0
end	orthogroup_1379	10	8	GCA_000015785.2;GCA_000025805.1;GCF_000009045.1;GCF_000009785.1;GCF_000011245.1;GCF_000017885.4;GCF_006094295.1;GCF_034478925.1	1	0				0
end	orthogroup_1379	11	8	GCA_000015785.2;GCA_000025805.1;GCF_000009045.1;GCF_000009785.1;GCF_000011245.1;GCF_000017885.4;GCF_006094295.1;GCF_034478925.1	1	0				0
end	orthogroup_1379	12	8	GCA_000015785.2;GCA_000025805.1;GCF_000009045.1;GCF_000009785.1;GCF_000011245.1;GCF_000017885.4;GCF_006094295.1;GCF_034478925.1	1	0				0
end	orthogroup_1386	1	8	GCA_000015785.2;GCA_000025805.1;GCF_000009045.1;GCF_000011245.1;GCF_000017885.4;GCF_006094295.1;GCF_034478925.1;GCF_034479305.1	1	0				0
end	orthogroup_1386	2	8	GCA_000015785.2;GCA_000025805.1;GCF_000009045.1;GCF_000011245.1;GCF_000017885.4;GCF_006094295.1;GCF_034478925.1;GCF_034479305.1	1	0				0
end	orthogroup_1386	3	8	GCA_000015785.2;GCA_000025805.1;GCF_000009045.1;GCF_000011245.1;GCF_000017885.4;GCF_006094295.1;GCF_034478925.1;GCF_034479305.1	1	0				0
end	orthogroup_1386	4	8	GCA_000015785.2;GCA_000025805.1;GCF_000009045.1;GCF_000011245.1;GCF_000017885.4;GCF_006094295.1;GCF_034478925.1;GCF_034479305.1	1	0				0
end	orthogroup_1386	5	8	GCA_000015785.2;GCA_000025805.1;GCF_000009045.1;GCF_000011245.1;GCF_000017885.4;GCF_006094295.1;GCF_034478925.1;GCF_034479305.1	1	1	GCF_000017885.4	6.0		0
end	orthogroup_1386	6	8	GCA_000015785.2;GCA_000025805.1;GCF_000009045.1;GCF_000011245.1;GCF_000017885.4;GCF_006094295.1;GCF_034478925.1;GCF_034479305.1	1	0				0
end	orthogroup_1386	7	8	GCA_000015785.2;GCA_000025805.1;GCF_000009045.1;GCF_000011245.1;GCF_000017885.4;GCF_006094295.1;GCF_034478925.1;GCF_034479305.1	1	5	GCA_000015785.2;GCA_000025805.1;GCF_000009045.1;GCF_000011245.1;GCF_000017885.4	211.0	4258.55	1
end	orthogroup_1398	1	8	GCA_000015785.2;GCA_000025805.1;GCF_000009045.1;GCF_000009785.1;GCF_005671335.1;GCF_006094295.1;GCF_034478925.1;GCF_034479305.1	1	1	GCA_000015785.2	-20.0		0
end	orthogroup_1398	2	8	GCA_000015785.2;GCA_000025805.1;GCF_000009045.1;GCF_000009785.1;GCF_005671335.1;GCF_006094295.1;GCF_034478925.1;GCF_034479305.1	1	0				0
end	orthogroup_1398	3	8	GCA_000015785.2;GCA_000025805.1;GCF_000009045.1;GCF_000009785.1;GCF_005671335.1;GCF_006094295.1;GCF_034478925.1;GCF_034479305.1	1	0				0
end	orthogroup_1398	4	8	GCA_000015785.2;GCA_000025805.1;GCF_000009045.1;GCF_000009785.1;GCF_005671335.1;GCF_006094295.1;GCF_034478925.1;GCF_034479305.1	1	0				0
end	orthogroup_1398	5	8	GCA_000015785.2;GCA_000025805.1;GCF_000009045.1;GCF_000009785.1;GCF_005671335.1;GCF_006094295.1;GCF_034478925.1;GCF_034479305.1	1	0				0
end	orthogroup_1398	6	8	GCA_000015785.2;GCA_000025805.1;GCF_000009045.1;GCF_000009785.1;GCF_005671335.1;GCF_006094295.1;GCF_034478925.1;GCF_034479305.1	1	0				0
end	orthogroup_1398	7	8	GCA_000015785.2;GCA_000025805.1;GCF_000009045.1;GCF_000009785.1;GCF_005671335.1;GCF_006094295.1;GCF_034478925.1;GCF_034479305.1	1	0				0
end	orthogroup_1398	8	8	GCA_000015785.2;GCA_000025805.1;GCF_000009045.1;GCF_000009785.1;GCF_005671335.1;GCF_006094295.1;GCF_034478925.1;GCF_034479305.1	1	0				0
end	orthogroup_1398	9	8	GCA_000015785.2;GCA_000025805.1;GCF_000009045.1;GCF_000009785.1;GCF_005671335.1;GCF_006094295.1;GCF_034478925.1;GCF_034479305.1	1	0				0
end	orthogroup_1398	10	8	GCA_000015785.2;GCA_000025805.1;GCF_000009045.1;GCF_000009785.1;GCF_005671335.1;GCF_006094295.1;GCF_034478925.1;GCF_034479305.1	1	1	GCA_000015785.2	9.0		0
end	orthogroup_1398	11	8	GCA_000015785.2;GCA_000025805.1;GCF_000009045.1;GCF_000009785.1;GCF_005671335.1;GCF_006094295.1;GCF_034478925.1;GCF_034479305.1	1	0				0
end	orthogroup_1398	12	8	GCA_000015785.2;GCA_000025805.1;GCF_000009045.1;GCF_000009785.1;GCF_005671335.1;GCF_006094295.1;GCF_034478925.1;GCF_034479305.1	1	0				0
end	orthogroup_1407	2	6	GCA_000025805.1;GCF_000009045.1;GCF_000017885.4;GCF_006094295.1;GCF_034478925.1;GCF_034479305.1	0	0				0
end	orthogroup_1407	3	6	GCA_000025805.1;GCF_000009045.1;GCF_000017885.4;GCF_006094295.1;GCF_034478925.1;GCF_034479305.1	0	0				0
end	orthogroup_1407	4	6	GCA_000025805.1;GCF_000009045.1;GCF_000017885.4;GCF_006094295.1;GCF_034478925.1;GCF_034479305.1	0	0				0
end	orthogroup_1407	5	6	GCA_000025805.1;GCF_000009045.1;GCF_000017885.4;GCF_006094295.1;GCF_034478925.1;GCF_034479305.1	0	0				0
end	orthogroup_1407	6	6	GCA_000025805.1;GCF_000009045.1;GCF_000017885.4;GCF_006094295.1;GCF_034478925.1;GCF_034479305.1	0	0				0
end	orthogroup_1407	7	6	GCA_000025805.1;GCF_000009045.1;GCF_000017885.4;GCF_006094295.1;GCF_034478925.1;GCF_034479305.1	0	0				0
end	orthogroup_1407	8	6	GCA_000025805.1;GCF_000009045.1;GCF_000017885.4;GCF_006094295.1;GCF_034478925.1;GCF_034479305.1	0	0				0
end	orthogroup_1407	9	6	GCA_000025805.1;GCF_000009045.1;GCF_000017885.4;GCF_006094295.1;GCF_034478925.1;GCF_034479305.1	0	0				0
end	orthogroup_1411	1	4	GCA_000015785.2;GCA_000025805.1;GCF_000009045.1;GCF_000017885.4	0	0				0
end	orthogroup_1411	2	4	GCA_000015785.2;GCA_000025805.1;GCF_000009045.1;GCF_000017885.4	0	1	GCF_000009045.1	1.0		0
end	orthogroup_1411	3	4	GCA_000015785.2;GCA_000025805.1;GCF_000009045.1;GCF_000017885.4	0	0				0
end	orthogroup_1411	4	4	GCA_000015785.2;GCA_000025805.1;GCF_000009045.1;GCF_000017885.4	0	0				0
end	orthogroup_1411	5	4	GCA_000015785.2;GCA_000025805.1;GCF_000009045.1;GCF_000017885.4	0	0				0
end	orthogroup_1411	6	4	GCA_000015785.2;GCA_000025805.1;GCF_000009045.1;GCF_000017885.4	0	1	GCA_000025805.1	8.0		0
end	orthogroup_1411	7	4	GCA_000015785.2;GCA_000025805.1;GCF_000009045.1;GCF_000017885.4	0	0				0
end	orthogroup_1411	9	4	GCA_000015785.2;GCA_000025805.1;GCF_000009045.1;GCF_000017885.4	0	0				0
end	orthogroup_1411	10	4	GCA_000015785.2;GCA_000025805.1;GCF_000009045.1;GCF_000017885.4	0	0				0
end	orthogroup_1412	1	8	GCA_000015785.2;GCA_000025805.1;GCF_000009045.1;GCF_000009785.1;GCF_000011245.1;GCF_000017885.4;GCF_006094295.1;GCF_034479305.1	1	0				0
end	orthogroup_1412	2	8	GCA_000015785.2;GCA_000025805.1;GCF_000009045.1;GCF_000009785.1;GCF_000011245.1;GCF_000017885.4;GCF_006094295.1;GCF_034479305.1	1	0				0
end	orthogroup_1412	3	8	GCA_000015785.2;GCA_000025805.1;GCF_000009045.1;GCF_000009785.1;GCF_000011245.1;GCF_000017885.4;GCF_006094295.1;GCF_034479305.1	1	0				0
end	orthogroup_1412	4	8	GCA_000015785.2;GCA_000025805.1;GCF_000009045.1;GCF_000009785.1;GCF_000011245.1;GCF_000017885.4;GCF_006094295.1;GCF_034479305.1	1	0				0
end	orthogroup_1412	5	8	GCA_000015785.2;GCA_000025805.1;GCF_000009045.1;GCF_000009785.1;GCF_000011245.1;GCF_000017885.4;GCF_006094295.1;GCF_034479305.1	1	2	GCF_000011245.1;GCF_000017885.4	-2.5	220.5	0
end	orthogroup_1412	6	8	GCA_000015785.2;GCA_000025805.1;GCF_000009045.1;GCF_000009785.1;GCF_000011245.1;GCF_000017885.4;GCF_006094295.1;GCF_034479305.1	1	0				0
end	orthogroup_1412	7	8	GCA_000015785.2;GCA_000025805.1;GCF_000009045.1;GCF_000009785.1;GCF_000011245.1;GCF_000017885.4;GCF_006094295.1;GCF_034479305.1	1	0				0
end	orthogroup_1412	8	8	GCA_000015785.2;GCA_000025805.1;GCF_000009045.1;GCF_000009785.1;GCF_000011245.1;GCF_000017885.4;GCF_006094295.1;GCF_034479305.1	1	0				0
end	orthogroup_1412	9	8	GCA_000015785.2;GCA_000025805.1;GCF_000009045.1;GCF_000009785.1;GCF_000011245.1;GCF_000017885.4;GCF_006094295.1;GCF_034479305.1	1	0				0
end	orthogroup_1416	2	5	GCF_000009045.1;GCF_000009785.1;GCF_005671335.1;GCF_006094295.1;GCF_034478925.1	0	0				0
end	orthogroup_1416	3	5	GCF_000009045.1;GCF_000009785.1;GCF_005671335.1;GCF_006094295.1;GCF_034478925.1	0	0				0
end	orthogroup_1416	4	5	GCF_000009045.1;GCF_000009785.1;GCF_005671335.1;GCF_006094295.1;GCF_034478925.1	0	0				0
end	orthogroup_1416	5	5	GCF_000009045.1;GCF_000009785.1;GCF_005671335.1;GCF_006094295.1;GCF_034478925.1	0	0				0
end	orthogroup_1416	6	5	GCF_000009045.1;GCF_000009785.1;GCF_005671335.1;GCF_006094295.1;GCF_034478925.1	0	0				0
end	orthogroup_1416	7	5	GCF_000009045.1;GCF_000009785.1;GCF_005671335.1;GCF_006094295.1;GCF_034478925.1	0	0				0
end	orthogroup_1416	8	5	GCF_000009045.1;GCF_000009785.1;GCF_005671335.1;GCF_006094295.1;GCF_034478925.1	0	0				0
end	orthogroup_1416	9	5	GCF_000009045.1;GCF_000009785.1;GCF_005671335.1;GCF_006094295.1;GCF_034478925.1	0	0				0
end	orthogroup_1420	1	8	GCA_000015785.2;GCA_000025805.1;GCF_000009045.1;GCF_000009785.1;GCF_000017885.4;GCF_005671335.1;GCF_034478925.1;GCF_034479305.1	1	0				0
end	orthogroup_1420	2	8	GCA_000015785.2;GCA_000025805.1;GCF_000009045.1;GCF_000009785.1;GCF_000017885.4;GCF_005671335.1;GCF_034478925.1;GCF_034479305.1	1	0				0
end	orthogroup_1420	3	8	GCA_000015785.2;GCA_000025805.1;GCF_000009045.1;GCF_000009785.1;GCF_000017885.4;GCF_005671335.1;GCF_034478925.1;GCF_034479305.1	1	0				0
end	orthogroup_1420	4	8	GCA_000015785.2;GCA_000025805.1;GCF_000009045.1;GCF_000009785.1;GCF_000017885.4;GCF_005671335.1;GCF_034478925.1;GCF_034479305.1	1	1	GCA_000025805.1	13.0		0
end	orthogroup_1420	5	8	GCA_000015785.2;GCA_000025805.1;GCF_000009045.1;GCF_000009785.1;GCF_000017885.4;GCF_005671335.1;GCF_034478925.1;GCF_034479305.1	1	0				0
end	orthogroup_1420	6	8	GCA_000015785.2;GCA_000025805.1;GCF_000009045.1;GCF_000009785.1;GCF_000017885.4;GCF_005671335.1;GCF_034478925.1;GCF_034479305.1	1	0				0
end	orthogroup_1420	7	8	GCA_000015785.2;GCA_000025805.1;GCF_000009045.1;GCF_000009785.1;GCF_000017885.4;GCF_005671335.1;GCF_034478925.1;GCF_034479305.1	1	0				0
end	orthogroup_1420	8	8	GCA_000015785.2;GCA_000025805.1;GCF_000009045.1;GCF_000009785.1;GCF_000017885.4;GCF_005671335.1;GCF_034478925.1;GCF_034479305.1	1	2	GCF_000017885.4;GCF_005671335.1	9.5	0.5	0
end	orthogroup_1420	9	8	GCA_000015785.2;GCA_000025805.1;GCF_000009045.1;GCF_000009785.1;GCF_000017885.4;GCF_005671335.1;GCF_034478925.1;GCF_034479305.1	1	0				0
end	orthogroup_1420	10	8	GCA_000015785.2;GCA_000025805.1;GCF_000009045.1;GCF_000009785.1;GCF_000017885.4;GCF_005671335.1;GCF_034478925.1;GCF_034479305.1	1	1	GCA_000025805.1	2.0		0
end	orthogroup_1423	1	8	GCA_000015785.2;GCA_000025805.1;GCF_000009045.1;GCF_000009785.1;GCF_000011245.1;GCF_005671335.1;GCF_034478925.1;GCF_034479305.1	1	0				0
end	orthogroup_1423	2	8	GCA_000015785.2;GCA_000025805.1;GCF_000009045.1;GCF_000009785.1;GCF_000011245.1;GCF_005671335.1;GCF_034478925.1;GCF_034479305.1	1	1	GCF_034479305.1	10.0		0
end	orthogroup_1423	3	8	GCA_000015785.2;GCA_000025805.1;GCF_000009045.1;GCF_000009785.1;GCF_000011245.1;GCF_005671335.1;GCF_034478925.1;GCF_034479305.1	1	1	GCF_005671335.1	-14.0		0
end	orthogroup_1423	4	8	GCA_000015785.2;GCA_000025805.1;GCF_000009045.1;GCF_000009785.1;GCF_000011245.1;GCF_005671335.1;GCF_034478925.1;GCF_034479305.1	1	1	GCF_034478925.1	0.0		0
end	orthogroup_1423	5	8	GCA_000015785.2;GCA_000025805.1;GCF_000009045.1;GCF_000009785.1;GCF_000011245.1;GCF_005671335.1;GCF_034478925.1;GCF_034479305.1	1	0				0
end	orthogroup_1424	1	8	GCA_000015785.2;GCA_000025805.1;GCF_000009045.1;GCF_000009785.1;GCF_000017885.4;GCF_005671335.1;GCF_006094295.1;GCF_034478925.1	1	0				0
end	orthogroup_1424	2	8	GCA_000015785.2;GCA_000025805.1;GCF_000009045.1;GCF_000009785.1;GCF_000017885.4;GCF_005671335.1;GCF_006094295.1;GCF_034478925.1	1	0				0
end	orthogroup_1424	3	8	GCA_000015785.2;GCA_000025805.1;GCF_000009045.1;GCF_000009785.1;GCF_000017885.4;GCF_005671335.1;GCF_006094295.1;GCF_034478925.1	1	2	GCF_000017885.4;GCF_005671335.1	2.5	24.5	0
end	orthogroup_1424	4	8	GCA_000015785.2;GCA_000025805.1;GCF_000009045.1;GCF_000009785.1;GCF_000017885.4;GCF_005671335.1;GCF_006094295.1;GCF_034478925.1	1	0				0
end	orthogroup_1424	5	8	GCA_000015785.2;GCA_000025805.1;GCF_000009045.1;GCF_000009785.1;GCF_000017885.4;GCF_005671335.1;GCF_006094295.1;GCF_034478925.1	1	0				0
end	orthogroup_1424	6	8	GCA_000015785.2;GCA_000025805.1;GCF_000009045.1;GCF_000009785.1;GCF_000017885.4;GCF_005671335.1;GCF_006094295.1;GCF_034478925.1	1	0				0
end	orthogroup_1424	7	8	GCA_000015785.2;GCA_000025805.1;GCF_000009045.1;GCF_000009785.1;GCF_000017885.4;GCF_005671335.1;GCF_006094295.1;GCF_034478925.1	1	1	GCF_000017885.4	2.0		0
end	orthogroup_1427	1	8	GCA_000015785.2;GCF_000009045.1;GCF_000011245.1;GCF_000017885.4;GCF_005671335.1;GCF_006094295.1;GCF_034478925.1;GCF_034479305.1	1	0				0
end	orthogroup_1427	2	8	GCA_000015785.2;GCF_000009045.1;GCF_000011245.1;GCF_000017885.4;GCF_005671335.1;GCF_006094295.1;GCF_034478925.1;GCF_034479305.1	1	0				0
end	orthogroup_1427	3	8	GCA_000015785.2;GCF_000009045.1;GCF_000011245.1;GCF_000017885.4;GCF_005671335.1;GCF_006094295.1;GCF_034478925.1;GCF_034479305.1	1	0				0
end	orthogroup_1427	4	8	GCA_000015785.2;GCF_000009045.1;GCF_000011245.1;GCF_000017885.4;GCF_005671335.1;GCF_006094295.1;GCF_034478925.1;GCF_034479305.1	1	2	GCF_000011245.1;GCF_000017885.4	195.25	75078.125	0
end	orthogroup_1428	1	4	GCF_000009045.1;GCF_000009785.1;GCF_005671335.1;GCF_034478925.1	0	0				0
end	orthogroup_1428	4	4	GCF_000009045.1;GCF_000009785.1;GCF_005671335.1;GCF_034478925.1	0	0				0
end	orthogroup_1428	5	4	GCF_000009045.1;GCF_000009785.1;GCF_005671335.1;GCF_034478925.1	0	0				0
end	orthogroup_1428	7	4	GCF_000009045.1;GCF_000009785.1;GCF_005671335.1;GCF_034478925.1	0	0				0
end	orthogroup_1428	8	4	GCF_000009045.1;GCF_000009785.1;GCF_005671335.1;GCF_034478925.1	0	0				0
end	orthogroup_1433	1	8	GCA_000015785.2;GCF_000009045.1;GCF_000011245.1;GCF_000017885.4;GCF_005671335.1;GCF_006094295.1;GCF_034478925.1;GCF_034479305.1	1	1	GCF_000017885.4	-27.0		0
end	orthogroup_1433	2	8	GCA_000015785.2;GCF_000009045.1;GCF_000011245.1;GCF_000017885.4;GCF_005671335.1;GCF_006094295.1;GCF_034478925.1;GCF_034479305.1	1	1	GCF_000009045.1	21.5		0
end	orthogroup_1433	3	8	GCA_000015785.2;GCF_000009045.1;GCF_000011245.1;GCF_000017885.4;GCF_005671335.1;GCF_006094295.1;GCF_034478925.1;GCF_034479305.1	1	1	GCF_000009045.1	-34.0		0
end	orthogroup_1433	4	8	GCA_000015785.2;GCF_000009045.1;GCF_000011245.1;GCF_000017885.4;GCF_005671335.1;GCF_006094295.1;GCF_034478925.1;GCF_034479305.1	1	0				0
end	orthogroup_1433	5	8	GCA_000015785.2;GCF_000009045.1;GCF_000011245.1;GCF_000017885.4;GCF_005671335.1;GCF_006094295.1;GCF_034478925.1;GCF_034479305.1	1	1	GCF_005671335.1	-3.0		0
end	orthogroup_1433	6	8	GCA_000015785.2;GCF_000009045.1;GCF_000011245.1;GCF_000017885.4;GCF_005671335.1;GCF_006094295.1;GCF_034478925.1;GCF_034479305.1	1	2	GCF_000011245.1;GCF_006094295.1	251.0	162.0	0
end	orthogroup_1434	1	8	GCA_000015785.2;GCA_000025805.1;GCF_000009045.1;GCF_000009785.1;GCF_005671335.1;GCF_006094295.1;GCF_034478925.1;GCF_034479305.1	1	1	GCF_005671335.1	10.0		0
end	orthogroup_1434	2	8	GCA_000015785.2;GCA_000025805.1;GCF_000009045.1;GCF_000009785.1;GCF_005671335.1;GCF_006094295.1;GCF_034478925.1;GCF_034479305.1	1	0				0
end	orthogroup_1434	3	8	GCA_000015785.2;GCA_000025805.1;GCF_000009045.1;GCF_000009785.1;GCF_005671335.1;GCF_006094295.1;GCF_034478925.1;GCF_034479305.1	1	0				0
end	orthogroup_1434	4	8	GCA_000015785.2;GCA_000025805.1;GCF_000009045.1;GCF_000009785.1;GCF_005671335.1;GCF_006094295.1;GCF_034478925.1;GCF_034479305.1	1	0				0
end	orthogroup_1434	5	8	GCA_000015785.2;GCA_000025805.1;GCF_000009045.1;GCF_000009785.1;GCF_005671335.1;GCF_006094295.1;GCF_034478925.1;GCF_034479305.1	1	0				0
end	orthogroup_1434	6	8	GCA_000015785.2;GCA_000025805.1;GCF_000009045.1;GCF_000009785.1;GCF_005671335.1;GCF_006094295.1;GCF_034478925.1;GCF_034479305.1	1	0				0
end	orthogroup_1434	7	8	GCA_000015785.2;GCA_000025805.1;GCF_000009045.1;GCF_000009785.1;GCF_005671335.1;GCF_006094295.1;GCF_034478925.1;GCF_034479305.1	1	0				0
end	orthogroup_1434	8	8	GCA_000015785.2;GCA_000025805.1;GCF_000009045.1;GCF_000009785.1;GCF_005671335.1;GCF_006094295.1;GCF_034478925.1;GCF_034479305.1	1	1	GCA_000025805.1	11.0		0
end	orthogroup_1434	9	8	GCA_000015785.2;GCA_000025805.1;GCF_000009045.1;GCF_000009785.1;GCF_005671335.1;GCF_006094295.1;GCF_034478925.1;GCF_034479305.1	1	2	GCA_000025805.1;GCF_000009045.1	2.25	28.125	0
end	orthogroup_1434	10	8	GCA_000015785.2;GCA_000025805.1;GCF_000009045.1;GCF_000009785.1;GCF_005671335.1;GCF_006094295.1;GCF_034478925.1;GCF_034479305.1	1	0				0
end	orthogroup_1434	11	8	GCA_000015785.2;GCA_000025805.1;GCF_000009045.1;GCF_000009785.1;GCF_005671335.1;GCF_006094295.1;GCF_034478925.1;GCF_034479305.1	1	1	GCF_000009785.1	4.0		0
end	orthogroup_1434	12	8	GCA_000015785.2;GCA_000025805.1;GCF_000009045.1;GCF_000009785.1;GCF_005671335.1;GCF_006094295.1;GCF_034478925.1;GCF_034479305.1	1	0				0
end	orthogroup_1441	1	8	GCA_000015785.2;GCA_000025805.1;GCF_000009045.1;GCF_000011245.1;GCF_000017885.4;GCF_005671335.1;GCF_006094295.1;GCF_034478925.1	1	3	GCA_000015785.2;GCF_000011245.1;GCF_005671335.1	10.0	320.5833333333333	1
end	orthogroup_1441	2	8	GCA_000015785.2;GCA_000025805.1;GCF_000009045.1;GCF_000011245.1;GCF_000017885.4;GCF_005671335.1;GCF_006094295.1;GCF_034478925.1	1	1	GCF_006094295.1	2.0		0
end	orthogroup_1441	3	8	GCA_000015785.2;GCA_000025805.1;GCF_000009045.1;GCF_000011245.1;GCF_000017885.4;GCF_005671335.1;GCF_006094295.1;GCF_034478925.1	1	0				0
end	orthogroup_1441	4	8	GCA_000015785.2;GCA_000025805.1;GCF_000009045.1;GCF_000011245.1;GCF_000017885.4;GCF_005671335.1;GCF_006094295.1;GCF_034478925.1	1	0				0
end	orthogroup_1441	5	8	GCA_000015785.2;GCA_000025805.1;GCF_000009045.1;GCF_000011245.1;GCF_000017885.4;GCF_005671335.1;GCF_006094295.1;GCF_034478925.1	1	1	GCF_000017885.4	15.0		0
end	orthogroup_1441	6	8	GCA_000015785.2;GCA_000025805.1;GCF_000009045.1;GCF_000011245.1;GCF_000017885.4;GCF_005671335.1;GCF_006094295.1;GCF_034478925.1	1	3	GCA_000025805.1;GCF_005671335.1;GCF_034478925.1	157.0	6245.333333333333	1
end	orthogroup_1442	1	8	GCA_000015785.2;GCA_000025805.1;GCF_000009045.1;GCF_000011245.1;GCF_000017885.4;GCF_005671335.1;GCF_006094295.1;GCF_034478925.1	1	1	GCF_005671335.1	-15.0		0
end	orthogroup_1442	2	8	GCA_000015785.2;GCA_000025805.1;GCF_000009045.1;GCF_000011245.1;GCF_000017885.4;GCF_005671335.1;GCF_006094295.1;GCF_034478925.1	1	0				0
end	orthogroup_1442	3	8	GCA_000015785.2;GCA_000025805.1;GCF_000009045.1;GCF_000011245.1;GCF_000017885.4;GCF_005671335.1;GCF_006094295.1;GCF_034478925.1	1	1	GCA_000025805.1	-21.0		0
end	orthogroup_1442	4	8	GCA_000015785.2;GCA_000025805.1;GCF_000009045.1;GCF_000011245.1;GCF_000017885.4;GCF_005671335.1;GCF_006094295.1;GCF_034478925.1	1	0				0
end	orthogroup_1442	5	8	GCA_000015785.2;GCA_000025805.1;GCF_000009045.1;GCF_000011245.1;GCF_000017885.4;GCF_005671335.1;GCF_006094295.1;GCF_034478925.1	1	1	GCF_005671335.1	14.5		0
end	orthogroup_1442	6	8	GCA_000015785.2;GCA_000025805.1;GCF_000009045.1;GCF_000011245.1;GCF_000017885.4;GCF_005671335.1;GCF_006094295.1;GCF_034478925.1	1	4	GCA_000015785.2;GCA_000025805.1;GCF_000017885.4;GCF_034478925.1	198.0	8050.729166666667	1
end	orthogroup_1444	1	8	GCA_000015785.2;GCF_000009045.1;GCF_000011245.1;GCF_000017885.4;GCF_005671335.1;GCF_006094295.1;GCF_034478925.1;GCF_034479305.1	1	2	GCF_000017885.4;GCF_006094295.1	-22.5	480.5	0
end	orthogroup_1444	2	8	GCA_000015785.2;GCF_000009045.1;GCF_000011245.1;GCF_000017885.4;GCF_005671335.1;GCF_006094295.1;GCF_034478925.1;GCF_034479305.1	1	1	GCF_000009045.1	12.0		0
end	orthogroup_1444	3	8	GCA_000015785.2;GCF_000009045.1;GCF_000011245.1;GCF_000017885.4;GCF_005671335.1;GCF_006094295.1;GCF_034478925.1;GCF_034479305.1	1	1	GCF_000017885.4	-11.0		0
end	orthogroup_1444	4	8	GCA_000015785.2;GCF_000009045.1;GCF_000011245.1;GCF_000017885.4;GCF_005671335.1;GCF_006094295.1;GCF_034478925.1;GCF_034479305.1	1	0				0
end	orthogroup_1444	5	8	GCA_000015785.2;GCF_000009045.1;GCF_000011245.1;GCF_000017885.4;GCF_005671335.1;GCF_006094295.1;GCF_034478925.1;GCF_034479305.1	1	0				0
end	orthogroup_1444	6	8	GCA_000015785.2;GCF_000009045.1;GCF_000011245.1;GCF_000017885.4;GCF_005671335.1;GCF_006094295.1;GCF_034478925.1;GCF_034479305.1	1	2	GCA_000015785.2;GCF_000009045.1	-2.0	288.0	0
end	orthogroup_1444	7	8	GCA_000015785.2;GCF_000009045.1;GCF_000011245.1;GCF_000017885.4;GCF_005671335.1;GCF_006094295.1;GCF_034478925.1;GCF_034479305.1	1	2	GCF_000009045.1;GCF_005671335.1	-4.0	512.0	0
end	orthogroup_1444	8	8	GCA_000015785.2;GCF_000009045.1;GCF_000011245.1;GCF_000017885.4;GCF_005671335.1;GCF_006094295.1;GCF_034478925.1;GCF_034479305.1	1	0				0
end	orthogroup_1444	9	8	GCA_000015785.2;GCF_000009045.1;GCF_000011245.1;GCF_000017885.4;GCF_005671335.1;GCF_006094295.1;GCF_034478925.1;GCF_034479305.1	1	0				0
end	orthogroup_1444	10	8	GCA_000015785.2;GCF_000009045.1;GCF_000011245.1;GCF_000017885.4;GCF_005671335.1;GCF_006094295.1;GCF_034478925.1;GCF_034479305.1	1	0				0
end	orthogroup_1444	11	8	GCA_000015785.2;GCF_000009045.1;GCF_000011245.1;GCF_000017885.4;GCF_005671335.1;GCF_006094295.1;GCF_034478925.1;GCF_034479305.1	1	0				0
end	orthogroup_1444	12	8	GCA_000015785.2;GCF_000009045.1;GCF_000011245.1;GCF_000017885.4;GCF_005671335.1;GCF_006094295.1;GCF_034478925.1;GCF_034479305.1	1	1	GCA_000015785.2	5.0		0
end	orthogroup_1446	1	8	GCA_000015785.2;GCA_000025805.1;GCF_000009045.1;GCF_000011245.1;GCF_000017885.4;GCF_005671335.1;GCF_034478925.1;GCF_034479305.1	1	0				0
end	orthogroup_1446	2	8	GCA_000015785.2;GCA_000025805.1;GCF_000009045.1;GCF_000011245.1;GCF_000017885.4;GCF_005671335.1;GCF_034478925.1;GCF_034479305.1	1	0				0
end	orthogroup_1446	3	8	GCA_000015785.2;GCA_000025805.1;GCF_000009045.1;GCF_000011245.1;GCF_000017885.4;GCF_005671335.1;GCF_034478925.1;GCF_034479305.1	1	0				0
end	orthogroup_1446	4	8	GCA_000015785.2;GCA_000025805.1;GCF_000009045.1;GCF_000011245.1;GCF_000017885.4;GCF_005671335.1;GCF_034478925.1;GCF_034479305.1	1	0				0
end	orthogroup_1446	5	8	GCA_000015785.2;GCA_000025805.1;GCF_000009045.1;GCF_000011245.1;GCF_000017885.4;GCF_005671335.1;GCF_034478925.1;GCF_034479305.1	1	0				0
end	orthogroup_1446	6	8	GCA_000015785.2;GCA_000025805.1;GCF_000009045.1;GCF_000011245.1;GCF_000017885.4;GCF_005671335.1;GCF_034478925.1;GCF_034479305.1	1	0				0
end	orthogroup_1446	7	8	GCA_000015785.2;GCA_000025805.1;GCF_000009045.1;GCF_000011245.1;GCF_000017885.4;GCF_005671335.1;GCF_034478925.1;GCF_034479305.1	1	0				0
end	orthogroup_1446	8	8	GCA_000015785.2;GCA_000025805.1;GCF_000009045.1;GCF_000011245.1;GCF_000017885.4;GCF_005671335.1;GCF_034478925.1;GCF_034479305.1	1	0				0
end	orthogroup_1446	9	8	GCA_000015785.2;GCA_000025805.1;GCF_000009045.1;GCF_000011245.1;GCF_000017885.4;GCF_005671335.1;GCF_034478925.1;GCF_034479305.1	1	0				0
end	orthogroup_1446	10	8	GCA_000015785.2;GCA_000025805.1;GCF_000009045.1;GCF_000011245.1;GCF_000017885.4;GCF_005671335.1;GCF_034478925.1;GCF_034479305.1	1	0				0
end	orthogroup_1450	1	8	GCA_000025805.1;GCF_000009045.1;GCF_000009785.1;GCF_000017885.4;GCF_005671335.1;GCF_006094295.1;GCF_034478925.1;GCF_034479305.1	1	2	GCF_000009045.1;GCF_034479305.1	-18.0	18.0	0
end	orthogroup_1450	2	8	GCA_000025805.1;GCF_000009045.1;GCF_000009785.1;GCF_000017885.4;GCF_005671335.1;GCF_006094295.1;GCF_034478925.1;GCF_034479305.1	1	1	GCF_000009785.1	-18.0		0
end	orthogroup_1450	3	8	GCA_000025805.1;GCF_000009045.1;GCF_000009785.1;GCF_000017885.4;GCF_005671335.1;GCF_006094295.1;GCF_034478925.1;GCF_034479305.1	1	0				0
end	orthogroup_1450	4	8	GCA_000025805.1;GCF_000009045.1;GCF_000009785.1;GCF_000017885.4;GCF_005671335.1;GCF_006094295.1;GCF_034478925.1;GCF_034479305.1	1	0				0
end	orthogroup_1450	5	8	GCA_000025805.1;GCF_000009045.1;GCF_000009785.1;GCF_000017885.4;GCF_005671335.1;GCF_006094295.1;GCF_034478925.1;GCF_034479305.1	1	0				0
end	orthogroup_1450	6	8	GCA_000025805.1;GCF_000009045.1;GCF_000009785.1;GCF_000017885.4;GCF_005671335.1;GCF_006094295.1;GCF_034478925.1;GCF_034479305.1	1	1	GCF_000009045.1	0.0		0
end	orthogroup_1450	7	8	GCA_000025805.1;GCF_000009045.1;GCF_000009785.1;GCF_000017885.4;GCF_005671335.1;GCF_006094295.1;GCF_034478925.1;GCF_034479305.1	1	1	GCF_000009785.1	-3.0		0
end	orthogroup_1450	8	8	GCA_000025805.1;GCF_000009045.1;GCF_000009785.1;GCF_000017885.4;GCF_005671335.1;GCF_006094295.1;GCF_034478925.1;GCF_034479305.1	1	1	GCF_000017885.4	11.5		0
end	orthogroup_1450	9	8	GCA_000025805.1;GCF_000009045.1;GCF_000009785.1;GCF_000017885.4;GCF_005671335.1;GCF_006094295.1;GCF_034478925.1;GCF_034479305.1	1	0				0
end	orthogroup_1450	10	8	GCA_000025805.1;GCF_000009045.1;GCF_000009785.1;GCF_000017885.4;GCF_005671335.1;GCF_006094295.1;GCF_034478925.1;GCF_034479305.1	1	1	GCF_000009785.1	5.0		0
end	orthogroup_1451	1	8	GCA_000025805.1;GCF_000009045.1;GCF_000009785.1;GCF_000011245.1;GCF_000017885.4;GCF_006094295.1;GCF_034478925.1;GCF_034479305.1	1	0				0
end	orthogroup_1451	2	8	GCA_000025805.1;GCF_000009045.1;GCF_000009785.1;GCF_000011245.1;GCF_000017885.4;GCF_006094295.1;GCF_034478925.1;GCF_034479305.1	1	0				0
end	orthogroup_1451	3	8	GCA_000025805.1;GCF_000009045.1;GCF_000009785.1;GCF_000011245.1;GCF_000017885.4;GCF_006094295.1;GCF_034478925.1;GCF_034479305.1	1	0				0
end	orthogroup_1451	4	8	GCA_000025805.1;GCF_000009045.1;GCF_000009785.1;GCF_000011245.1;GCF_000017885.4;GCF_006094295.1;GCF_034478925.1;GCF_034479305.1	1	0				0
end	orthogroup_1451	5	8	GCA_000025805.1;GCF_000009045.1;GCF_000009785.1;GCF_000011245.1;GCF_000017885.4;GCF_006094295.1;GCF_034478925.1;GCF_034479305.1	1	0				0
end	orthogroup_1451	6	8	GCA_000025805.1;GCF_000009045.1;GCF_000009785.1;GCF_000011245.1;GCF_000017885.4;GCF_006094295.1;GCF_034478925.1;GCF_034479305.1	1	0				0
end	orthogroup_1451	7	8	GCA_000025805.1;GCF_000009045.1;GCF_000009785.1;GCF_000011245.1;GCF_000017885.4;GCF_006094295.1;GCF_034478925.1;GCF_034479305.1	1	0				0
end	orthogroup_1451	8	8	GCA_000025805.1;GCF_000009045.1;GCF_000009785.1;GCF_000011245.1;GCF_000017885.4;GCF_006094295.1;GCF_034478925.1;GCF_034479305.1	1	0				0
end	orthogroup_1451	9	8	GCA_000025805.1;GCF_000009045.1;GCF_000009785.1;GCF_000011245.1;GCF_000017885.4;GCF_006094295.1;GCF_034478925.1;GCF_034479305.1	1	0				0
end	orthogroup_1451	10	8	GCA_000025805.1;GCF_000009045.1;GCF_000009785.1;GCF_000011245.1;GCF_000017885.4;GCF_006094295.1;GCF_034478925.1;GCF_034479305.1	1	0				0
end	orthogroup_1451	11	8	GCA_000025805.1;GCF_000009045.1;GCF_000009785.1;GCF_000011245.1;GCF_000017885.4;GCF_006094295.1;GCF_034478925.1;GCF_034479305.1	1	1	GCF_000011245.1	-1.0		0
end	orthogroup_1451	12	8	GCA_000025805.1;GCF_000009045.1;GCF_000009785.1;GCF_000011245.1;GCF_000017885.4;GCF_006094295.1;GCF_034478925.1;GCF_034479305.1	1	0				0
end	orthogroup_1451	13	8	GCA_000025805.1;GCF_000009045.1;GCF_000009785.1;GCF_000011245.1;GCF_000017885.4;GCF_006094295.1;GCF_034478925.1;GCF_034479305.1	1	0				0
end	orthogroup_1455	1	7	GCA_000025805.1;GCF_000009045.1;GCF_000009785.1;GCF_000017885.4;GCF_005671335.1;GCF_034478925.1;GCF_034479305.1	0	0				0
end	orthogroup_1455	2	7	GCA_000025805.1;GCF_000009045.1;GCF_000009785.1;GCF_000017885.4;GCF_005671335.1;GCF_034478925.1;GCF_034479305.1	0	1	GCA_000025805.1	1.0		0
end	orthogroup_1455	3	7	GCA_000025805.1;GCF_000009045.1;GCF_000009785.1;GCF_000017885.4;GCF_005671335.1;GCF_034478925.1;GCF_034479305.1	0	0				0
end	orthogroup_1455	4	7	GCA_000025805.1;GCF_000009045.1;GCF_000009785.1;GCF_000017885.4;GCF_005671335.1;GCF_034478925.1;GCF_034479305.1	0	0				0
end	orthogroup_1455	5	7	GCA_000025805.1;GCF_000009045.1;GCF_000009785.1;GCF_000017885.4;GCF_005671335.1;GCF_034478925.1;GCF_034479305.1	0	0				0
end	orthogroup_1455	6	7	GCA_000025805.1;GCF_000009045.1;GCF_000009785.1;GCF_000017885.4;GCF_005671335.1;GCF_034478925.1;GCF_034479305.1	0	1	GCF_000009785.1	7.0		0
end	orthogroup_151	1	10	GCA_000015785.2;GCA_000025805.1;GCF_000009045.1;GCF_000009785.1;GCF_000011245.1;GCF_000017885.4;GCF_005671335.1;GCF_006094295.1;GCF_034478925.1;GCF_034479305.1	1	2	GCA_000025805.1;GCF_034479305.1	-10.0	18.0	0
end	orthogroup_151	2	10	GCA_000015785.2;GCA_000025805.1;GCF_000009045.1;GCF_000009785.1;GCF_000011245.1;GCF_000017885.4;GCF_005671335.1;GCF_006094295.1;GCF_034478925.1;GCF_034479305.1	1	1	GCA_000025805.1	0.0		0
end	orthogroup_151	3	10	GCA_000015785.2;GCA_000025805.1;GCF_000009045.1;GCF_000009785.1;GCF_000011245.1;GCF_000017885.4;GCF_005671335.1;GCF_006094295.1;GCF_034478925.1;GCF_034479305.1	1	0				0
end	orthogroup_151	4	10	GCA_000015785.2;GCA_000025805.1;GCF_000009045.1;GCF_000009785.1;GCF_000011245.1;GCF_000017885.4;GCF_005671335.1;GCF_006094295.1;GCF_034478925.1;GCF_034479305.1	1	0				0
end	orthogroup_151	5	10	GCA_000015785.2;GCA_000025805.1;GCF_000009045.1;GCF_000009785.1;GCF_000011245.1;GCF_000017885.4;GCF_005671335.1;GCF_006094295.1;GCF_034478925.1;GCF_034479305.1	1	1	GCF_005671335.1	1.5		0
end	orthogroup_151	6	10	GCA_000015785.2;GCA_000025805.1;GCF_000009045.1;GCF_000009785.1;GCF_000011245.1;GCF_000017885.4;GCF_005671335.1;GCF_006094295.1;GCF_034478925.1;GCF_034479305.1	1	0				0
end	orthogroup_151	7	10	GCA_000015785.2;GCA_000025805.1;GCF_000009045.1;GCF_000009785.1;GCF_000011245.1;GCF_000017885.4;GCF_005671335.1;GCF_006094295.1;GCF_034478925.1;GCF_034479305.1	1	1	GCF_034479305.1	17.0		0
end	orthogroup_156	1	10	GCA_000015785.2;GCA_000025805.1;GCF_000009045.1;GCF_000009785.1;GCF_000011245.1;GCF_000017885.4;GCF_005671335.1;GCF_006094295.1;GCF_034478925.1;GCF_034479305.1	1	2	GCF_000009785.1;GCF_005671335.1	-9.0	128.0	0
end	orthogroup_156	2	10	GCA_000015785.2;GCA_000025805.1;GCF_000009045.1;GCF_000009785.1;GCF_000011245.1;GCF_000017885.4;GCF_005671335.1;GCF_006094295.1;GCF_034478925.1;GCF_034479305.1	1	0				0
end	orthogroup_156	3	10	GCA_000015785.2;GCA_000025805.1;GCF_000009045.1;GCF_000009785.1;GCF_000011245.1;GCF_000017885.4;GCF_005671335.1;GCF_006094295.1;GCF_034478925.1;GCF_034479305.1	1	1	GCF_006094295.1	24.0		0
end	orthogroup_156	4	10	GCA_000015785.2;GCA_000025805.1;GCF_000009045.1;GCF_000009785.1;GCF_000011245.1;GCF_000017885.4;GCF_005671335.1;GCF_006094295.1;GCF_034478925.1;GCF_034479305.1	1	0				0
end	orthogroup_156	5	10	GCA_000015785.2;GCA_000025805.1;GCF_000009045.1;GCF_000009785.1;GCF_000011245.1;GCF_000017885.4;GCF_005671335.1;GCF_006094295.1;GCF_034478925.1;GCF_034479305.1	1	0				0
end	orthogroup_156	6	10	GCA_000015785.2;GCA_000025805.1;GCF_000009045.1;GCF_000009785.1;GCF_000011245.1;GCF_000017885.4;GCF_005671335.1;GCF_006094295.1;GCF_034478925.1;GCF_034479305.1	1	0				0
end	orthogroup_156	7	10	GCA_000015785.2;GCA_000025805.1;GCF_000009045.1;GCF_000009785.1;GCF_000011245.1;GCF_000017885.4;GCF_005671335.1;GCF_006094295.1;GCF_034478925.1;GCF_034479305.1	1	4	GCF_000009785.1;GCF_000017885.4;GCF_005671335.1;GCF_034479305.1	98.5	1726.25	1
end	orthogroup_156	8	10	GCA_000015785.2;GCA_000025805.1;GCF_000009045.1;GCF_000009785.1;GCF_000011245.1;GCF_000017885.4;GCF_005671335.1;GCF_006094295.1;GCF_034478925.1;GCF_034479305.1	1	5	GCF_000011245.1;GCF_000017885.4;GCF_005671335.1;GCF_034478925.1;GCF_034479305.1	-139.0	11463.05	1
end	orthogroup_158	1	10	GCA_000015785.2;GCA_000025805.1;GCF_000009045.1;GCF_000009785.1;GCF_000011245.1;GCF_000017885.4;GCF_005671335.1;GCF_006094295.1;GCF_034478925.1;GCF_034479305.1	1	0				0
end	orthogroup_158	2	10	GCA_000015785.2;GCA_000025805.1;GCF_000009045.1;GCF_000009785.1;GCF_000011245.1;GCF_000017885.4;GCF_005671335.1;GCF_006094295.1;GCF_034478925.1;GCF_034479305.1	1	1	GCF_005671335.1	-5.0		0
end	orthogroup_158	3	10	GCA_000015785.2;GCA_000025805.1;GCF_000009045.1;GCF_000009785.1;GCF_000011245.1;GCF_000017885.4;GCF_005671335.1;GCF_006094295.1;GCF_034478925.1;GCF_034479305.1	1	0				0
end	orthogroup_158	4	10	GCA_000015785.2;GCA_000025805.1;GCF_000009045.1;GCF_000009785.1;GCF_000011245.1;GCF_000017885.4;GCF_005671335.1;GCF_006094295.1;GCF_034478925.1;GCF_034479305.1	1	0				0
end	orthogroup_158	5	10	GCA_000015785.2;GCA_000025805.1;GCF_000009045.1;GCF_000009785.1;GCF_000011245.1;GCF_000017885.4;GCF_005671335.1;GCF_006094295.1;GCF_034478925.1;GCF_034479305.1	1	1	GCF_000017885.4	-16.0		0
end	orthogroup_158	6	10	GCA_000015785.2;GCA_000025805.1;GCF_000009045.1;GCF_000009785.1;GCF_000011245.1;GCF_000017885.4;GCF_005671335.1;GCF_006094295.1;GCF_034478925.1;GCF_034479305.1	1	0				0
end	orthogroup_158	7	10	GCA_000015785.2;GCA_000025805.1;GCF_000009045.1;GCF_000009785.1;GCF_000011245.1;GCF_000017885.4;GCF_005671335.1;GCF_006094295.1;GCF_034478925.1;GCF_034479305.1	1	1	GCF_000009785.1	21.0		0
end	orthogroup_158	8	10	GCA_000015785.2;GCA_000025805.1;GCF_000009045.1;GCF_000009785.1;GCF_000011245.1;GCF_000017885.4;GCF_005671335.1;GCF_006094295.1;GCF_034478925.1;GCF_034479305.1	1	0				0
end	orthogroup_158	9	10	GCA_000015785.2;GCA_000025805.1;GCF_000009045.1;GCF_000009785.1;GCF_000011245.1;GCF_000017885.4;GCF_005671335.1;GCF_006094295.1;GCF_034478925.1;GCF_034479305.1	1	0				0
end	orthogroup_158	10	10	GCA_000015785.2;GCA_000025805.1;GCF_000009045.1;GCF_000009785.1;GCF_000011245.1;GCF_000017885.4;GCF_005671335.1;GCF_006094295.1;GCF_034478925.1;GCF_034479305.1	1	0				0
end	orthogroup_158	11	10	GCA_000015785.2;GCA_000025805.1;GCF_000009045.1;GCF_000009785.1;GCF_000011245.1;GCF_000017885.4;GCF_005671335.1;GCF_006094295.1;GCF_034478925.1;GCF_034479305.1	1	0				0
end	orthogroup_158	12	10	GCA_000015785.2;GCA_000025805.1;GCF_000009045.1;GCF_000009785.1;GCF_000011245.1;GCF_000017885.4;GCF_005671335.1;GCF_006094295.1;GCF_034478925.1;GCF_034479305.1	1	0				0
end	orthogroup_158	13	10	GCA_000015785.2;GCA_000025805.1;GCF_000009045.1;GCF_000009785.1;GCF_000011245.1;GCF_000017885.4;GCF_005671335.1;GCF_006094295.1;GCF_034478925.1;GCF_034479305.1	1	0				0
end	orthogroup_158	14	10	GCA_000015785.2;GCA_000025805.1;GCF_000009045.1;GCF_000009785.1;GCF_000011245.1;GCF_000017885.4;GCF_005671335.1;GCF_006094295.1;GCF_034478925.1;GCF_034479305.1	1	0				0
end	orthogroup_158	15	10	GCA_000015785.2;GCA_000025805.1;GCF_000009045.1;GCF_000009785.1;GCF_000011245.1;GCF_000017885.4;GCF_005671335.1;GCF_006094295.1;GCF_034478925.1;GCF_034479305.1	1	1	GCA_000025805.1	-4.0		0
end	orthogroup_18	1	10	GCA_000015785.2;GCA_000025805.1;GCF_000009045.1;GCF_000009785.1;GCF_000011245.1;GCF_000017885.4;GCF_005671335.1;GCF_006094295.1;GCF_034478925.1;GCF_034479305.1	1	1	GCF_000011245.1	13.0		0
end	orthogroup_18	2	10	GCA_000015785.2;GCA_000025805.1;GCF_000009045.1;GCF_000009785.1;GCF_000011245.1;GCF_000017885.4;GCF_005671335.1;GCF_006094295.1;GCF_034478925.1;GCF_034479305.1	1	0				0
end	orthogroup_18	3	10	GCA_000015785.2;GCA_000025805.1;GCF_000009045.1;GCF_000009785.1;GCF_000011245.1;GCF_000017885.4;GCF_005671335.1;GCF_006094295.1;GCF_034478925.1;GCF_034479305.1	1	1	GCF_034478925.1	-7.0		0
end	orthogroup_190	1	10	GCA_000015785.2;GCA_000025805.1;GCF_000009045.1;GCF_000009785.1;GCF_000011245.1;GCF_000017885.4;GCF_005671335.1;GCF_006094295.1;GCF_034478925.1;GCF_034479305.1	1	0				0
end	orthogroup_190	2	10	GCA_000015785.2;GCA_000025805.1;GCF_000009045.1;GCF_000009785.1;GCF_000011245.1;GCF_000017885.4;GCF_005671335.1;GCF_006094295.1;GCF_034478925.1;GCF_034479305.1	1	2	GCA_000015785.2;GCF_000011245.1	7.5	112.5	0
end	orthogroup_190	3	10	GCA_000015785.2;GCA_000025805.1;GCF_000009045.1;GCF_000009785.1;GCF_000011245.1;GCF_000017885.4;GCF_005671335.1;GCF_006094295.1;GCF_034478925.1;GCF_034479305.1	1	0				0
end	orthogroup_190	4	10	GCA_000015785.2;GCA_000025805.1;GCF_000009045.1;GCF_000009785.1;GCF_000011245.1;GCF_000017885.4;GCF_005671335.1;GCF_006094295.1;GCF_034478925.1;GCF_034479305.1	1	1	GCF_000017885.4	3.0		0
end	orthogroup_190	5	10	GCA_000015785.2;GCA_000025805.1;GCF_000009045.1;GCF_000009785.1;GCF_000011245.1;GCF_000017885.4;GCF_005671335.1;GCF_006094295.1;GCF_034478925.1;GCF_034479305.1	1	0				0
end	orthogroup_190	6	10	GCA_000015785.2;GCA_000025805.1;GCF_000009045.1;GCF_000009785.1;GCF_000011245.1;GCF_000017885.4;GCF_005671335.1;GCF_006094295.1;GCF_034478925.1;GCF_034479305.1	1	4	GCA_000015785.2;GCF_000011245.1;GCF_006094295.1;GCF_034479305.1	2.75	3529.8333333333335	1
end	orthogroup_203	1	9	GCA_000015785.2;GCA_000025805.1;GCF_000009045.1;GCF_000009785.1;GCF_000011245.1;GCF_000017885.4;GCF_005671335.1;GCF_006094295.1;GCF_034478925.1	1	0				0
end	orthogroup_203	2	9	GCA_000015785.2;GCA_000025805.1;GCF_000009045.1;GCF_000009785.1;GCF_000011245.1;GCF_000017885.4;GCF_005671335.1;GCF_006094295.1;GCF_034478925.1	1	0				0
end	orthogroup_203	3	9	GCA_000015785.2;GCA_000025805.1;GCF_000009045.1;GCF_000009785.1;GCF_000011245.1;GCF_000017885.4;GCF_005671335.1;GCF_006094295.1;GCF_034478925.1	1	0				0
end	orthogroup_203	4	9	GCA_000015785.2;GCA_000025805.1;GCF_000009045.1;GCF_000009785.1;GCF_000011245.1;GCF_000017885.4;GCF_005671335.1;GCF_006094295.1;GCF_034478925.1	1	0				0
end	orthogroup_203	5	9	GCA_000015785.2;GCA_000025805.1;GCF_000009045.1;GCF_000009785.1;GCF_000011245.1;GCF_000017885.4;GCF_005671335.1;GCF_006094295.1;GCF_034478925.1	1	0				0
end	orthogroup_203	6	9	GCA_000015785.2;GCA_000025805.1;GCF_000009045.1;GCF_000009785.1;GCF_000011245.1;GCF_000017885.4;GCF_005671335.1;GCF_006094295.1;GCF_034478925.1	1	0				0
end	orthogroup_203	7	9	GCA_000015785.2;GCA_000025805.1;GCF_000009045.1;GCF_000009785.1;GCF_000011245.1;GCF_000017885.4;GCF_005671335.1;GCF_006094295.1;GCF_034478925.1	1	1	GCF_000009785.1	-10.0		0
end	orthogroup_210	1	6	GCA_000025805.1;GCF_000009045.1;GCF_000011245.1;GCF_000017885.4;GCF_006094295.1;GCF_034478925.1	0	0				0
end	orthogroup_210	2	6	GCA_000025805.1;GCF_000009045.1;GCF_000011245.1;GCF_000017885.4;GCF_006094295.1;GCF_034478925.1	0	0				0
end	orthogroup_210	3	6	GCA_000025805.1;GCF_000009045.1;GCF_000011245.1;GCF_000017885.4;GCF_006094295.1;GCF_034478925.1	0	0				0
end	orthogroup_210	4	6	GCA_000025805.1;GCF_000009045.1;GCF_000011245.1;GCF_000017885.4;GCF_006094295.1;GCF_034478925.1	0	0				0
end	orthogroup_210	5	6	GCA_000025805.1;GCF_000009045.1;GCF_000011245.1;GCF_000017885.4;GCF_006094295.1;GCF_034478925.1	0	0				0
end	orthogroup_210	6	6	GCA_000025805.1;GCF_000009045.1;GCF_000011245.1;GCF_000017885.4;GCF_006094295.1;GCF_034478925.1	0	0				0
end	orthogroup_210	9	6	GCA_000025805.1;GCF_000009045.1;GCF_000011245.1;GCF_000017885.4;GCF_006094295.1;GCF_034478925.1	0	1	GCF_006094295.1	-11.0		0
end	orthogroup_210	10	6	GCA_000025805.1;GCF_000009045.1;GCF_000011245.1;GCF_000017885.4;GCF_006094295.1;GCF_034478925.1	0	0				0
end	orthogroup_210	11	6	GCA_000025805.1;GCF_000009045.1;GCF_000011245.1;GCF_000017885.4;GCF_006094295.1;GCF_034478925.1	0	0				0
end	orthogroup_210	12	6	GCA_000025805.1;GCF_000009045.1;GCF_000011245.1;GCF_000017885.4;GCF_006094295.1;GCF_034478925.1	0	0				0
end	orthogroup_245	1	6	GCA_000015785.2;GCA_000025805.1;GCF_000009045.1;GCF_000017885.4;GCF_005671335.1;GCF_034478925.1	0	0				0
end	orthogroup_245	2	6	GCA_000015785.2;GCA_000025805.1;GCF_000009045.1;GCF_000017885.4;GCF_005671335.1;GCF_034478925.1	0	0				0
end	orthogroup_245	3	6	GCA_000015785.2;GCA_000025805.1;GCF_000009045.1;GCF_000017885.4;GCF_005671335.1;GCF_034478925.1	0	0				0
end	orthogroup_245	4	6	GCA_000015785.2;GCA_000025805.1;GCF_000009045.1;GCF_000017885.4;GCF_005671335.1;GCF_034478925.1	0	1	GCA_000015785.2	-19.0		0
end	orthogroup_245	8	6	GCA_000015785.2;GCA_000025805.1;GCF_000009045.1;GCF_000017885.4;GCF_005671335.1;GCF_034478925.1	0	0				0
end	orthogroup_245	10	6	GCA_000015785.2;GCA_000025805.1;GCF_000009045.1;GCF_000017885.4;GCF_005671335.1;GCF_034478925.1	0	0				0
end	orthogroup_245	11	6	GCA_000015785.2;GCA_000025805.1;GCF_000009045.1;GCF_000017885.4;GCF_005671335.1;GCF_034478925.1	0	1	GCF_000009045.1	-4.0		0
end	orthogroup_255	1	7	GCA_000025805.1;GCF_000009785.1;GCF_000011245.1;GCF_000017885.4;GCF_005671335.1;GCF_034478925.1;GCF_034479305.1	0	4	GCA_000025805.1;GCF_000009785.1;GCF_000017885.4;GCF_034478925.1	-50.0	7996.916666666667	0
end	orthogroup_255	2	7	GCA_000025805.1;GCF_000009785.1;GCF_000011245.1;GCF_000017885.4;GCF_005671335.1;GCF_034478925.1;GCF_034479305.1	0	0				0
end	orthogroup_255	3	7	GCA_000025805.1;GCF_000009785.1;GCF_000011245.1;GCF_000017885.4;GCF_005671335.1;GCF_034478925.1;GCF_034479305.1	0	0				0
end	orthogroup_255	4	7	GCA_000025805.1;GCF_000009785.1;GCF_000011245.1;GCF_000017885.4;GCF_005671335.1;GCF_034478925.1;GCF_034479305.1	0	0				0
end	orthogroup_255	8	7	GCA_000025805.1;GCF_000009785.1;GCF_000011245.1;GCF_000017885.4;GCF_005671335.1;GCF_034478925.1;GCF_034479305.1	0	0				0
end	orthogroup_255	10	7	GCA_000025805.1;GCF_000009785.1;GCF_000011245.1;GCF_000017885.4;GCF_005671335.1;GCF_034478925.1;GCF_034479305.1	0	0				0
end	orthogroup_255	12	7	GCA_000025805.1;GCF_000009785.1;GCF_000011245.1;GCF_000017885.4;GCF_005671335.1;GCF_034478925.1;GCF_034479305.1	0	0				0
end	orthogroup_269	1	10	GCA_000015785.2;GCA_000025805.1;GCF_000009045.1;GCF_000009785.1;GCF_000011245.1;GCF_000017885.4;GCF_005671335.1;GCF_006094295.1;GCF_034478925.1;GCF_034479305.1	1	2	GCF_000009045.1;GCF_000011245.1	-18.5	312.5	0
end	orthogroup_269	2	10	GCA_000015785.2;GCA_000025805.1;GCF_000009045.1;GCF_000009785.1;GCF_000011245.1;GCF_000017885.4;GCF_005671335.1;GCF_006094295.1;GCF_034478925.1;GCF_034479305.1	1	1	GCF_000011245.1	-10.0		0
end	orthogroup_269	3	10	GCA_000015785.2;GCA_000025805.1;GCF_000009045.1;GCF_000009785.1;GCF_000011245.1;GCF_000017885.4;GCF_005671335.1;GCF_006094295.1;GCF_034478925.1;GCF_034479305.1	1	1	GCA_000025805.1	1.0		0
end	orthogroup_274	1	10	GCA_000015785.2;GCA_000025805.1;GCF_000009045.1;GCF_000009785.1;GCF_000011245.1;GCF_000017885.4;GCF_005671335.1;GCF_006094295.1;GCF_034478925.1;GCF_034479305.1	1	0				0
end	orthogroup_274	2	10	GCA_000015785.2;GCA_000025805.1;GCF_000009045.1;GCF_000009785.1;GCF_000011245.1;GCF_000017885.4;GCF_005671335.1;GCF_006094295.1;GCF_034478925.1;GCF_034479305.1	1	0				0
end	orthogroup_274	3	10	GCA_000015785.2;GCA_000025805.1;GCF_000009045.1;GCF_000009785.1;GCF_000011245.1;GCF_000017885.4;GCF_005671335.1;GCF_006094295.1;GCF_034478925.1;GCF_034479305.1	1	1	GCA_000025805.1	-8.0		0
end	orthogroup_274	4	10	GCA_000015785.2;GCA_000025805.1;GCF_000009045.1;GCF_000009785.1;GCF_000011245.1;GCF_000017885.4;GCF_005671335.1;GCF_006094295.1;GCF_034478925.1;GCF_034479305.1	1	0				0
end	orthogroup_274	5	10	GCA_000015785.2;GCA_000025805.1;GCF_000009045.1;GCF_000009785.1;GCF_000011245.1;GCF_000017885.4;GCF_005671335.1;GCF_006094295.1;GCF_034478925.1;GCF_034479305.1	1	2	GCF_006094295.1;GCF_034478925.1	8.5	480.5	0
end	orthogroup_274	6	10	GCA_000015785.2;GCA_000025805.1;GCF_000009045.1;GCF_000009785.1;GCF_000011245.1;GCF_000017885.4;GCF_005671335.1;GCF_006094295.1;GCF_034478925.1;GCF_034479305.1	1	0				0
end	orthogroup_274	7	10	GCA_000015785.2;GCA_000025805.1;GCF_000009045.1;GCF_000009785.1;GCF_000011245.1;GCF_000017885.4;GCF_005671335.1;GCF_006094295.1;GCF_034478925.1;GCF_034479305.1	1	1	GCA_000025805.1	10.0		0
end	orthogroup_274	8	10	GCA_000015785.2;GCA_000025805.1;GCF_000009045.1;GCF_000009785.1;GCF_000011245.1;GCF_000017885.4;GCF_005671335.1;GCF_006094295.1;GCF_034478925.1;GCF_034479305.1	1	1	GCA_000025805.1	-9.0		0
end	orthogroup_276	1	10	GCA_000015785.2;GCA_000025805.1;GCF_000009045.1;GCF_000009785.1;GCF_000011245.1;GCF_000017885.4;GCF_005671335.1;GCF_006094295.1;GCF_034478925.1;GCF_034479305.1	1	1	GCF_005671335.1	-11.0		0
end	orthogroup_276	2	10	GCA_000015785.2;GCA_000025805.1;GCF_000009045.1;GCF_000009785.1;GCF_000011245.1;GCF_000017885.4;GCF_005671335.1;GCF_006094295.1;GCF_034478925.1;GCF_034479305.1	1	0				0
end	orthogroup_276	3	10	GCA_000015785.2;GCA_000025805.1;GCF_000009045.1;GCF_000009785.1;GCF_000011245.1;GCF_000017885.4;GCF_005671335.1;GCF_006094295.1;GCF_034478925.1;GCF_034479305.1	1	0				0
end	orthogroup_276	4	10	GCA_000015785.2;GCA_000025805.1;GCF_000009045.1;GCF_000009785.1;GCF_000011245.1;GCF_000017885.4;GCF_005671335.1;GCF_006094295.1;GCF_034478925.1;GCF_034479305.1	1	0				0
end	orthogroup_276	5	10	GCA_000015785.2;GCA_000025805.1;GCF_000009045.1;GCF_000009785.1;GCF_000011245.1;GCF_000017885.4;GCF_005671335.1;GCF_006094295.1;GCF_034478925.1;GCF_034479305.1	1	0				0
end	orthogroup_276	6	10	GCA_000015785.2;GCA_000025805.1;GCF_000009045.1;GCF_000009785.1;GCF_000011245.1;GCF_000017885.4;GCF_005671335.1;GCF_006094295.1;GCF_034478925.1;GCF_034479305.1	1	0				0
end	orthogroup_276	7	10	GCA_000015785.2;GCA_000025805.1;GCF_000009045.1;GCF_000009785.1;GCF_000011245.1;GCF_000017885.4;GCF_005671335.1;GCF_006094295.1;GCF_034478925.1;GCF_034479305.1	1	0				0
end	orthogroup_276	8	10	GCA_000015785.2;GCA_000025805.1;GCF_000009045.1;GCF_000009785.1;GCF_000011245.1;GCF_000017885.4;GCF_005671335.1;GCF_006094295.1;GCF_034478925.1;GCF_034479305.1	1	1	GCF_000017885.4	1.0		0
end	orthogroup_276	9	10	GCA_000015785.2;GCA_000025805.1;GCF_000009045.1;GCF_000009785.1;GCF_000011245.1;GCF_000017885.4;GCF_005671335.1;GCF_006094295.1;GCF_034478925.1;GCF_034479305.1	1	0				0
end	orthogroup_276	10	10	GCA_000015785.2;GCA_000025805.1;GCF_000009045.1;GCF_000009785.1;GCF_000011245.1;GCF_000017885.4;GCF_005671335.1;GCF_006094295.1;GCF_034478925.1;GCF_034479305.1	1	1	GCF_005671335.1	-16.0		0
end	orthogroup_276	11	10	GCA_000015785.2;GCA_000025805.1;GCF_000009045.1;GCF_000009785.1;GCF_000011245.1;GCF_000017885.4;GCF_005671335.1;GCF_006094295.1;GCF_034478925.1;GCF_034479305.1	1	0				0
end	orthogroup_276	12	10	GCA_000015785.2;GCA_000025805.1;GCF_000009045.1;GCF_000009785.1;GCF_000011245.1;GCF_000017885.4;GCF_005671335.1;GCF_006094295.1;GCF_034478925.1;GCF_034479305.1	1	2	GCA_000015785.2;GCF_000009785.1	3.5	0.5	0
end	orthogroup_276	13	10	GCA_000015785.2;GCA_000025805.1;GCF_000009045.1;GCF_000009785.1;GCF_000011245.1;GCF_000017885.4;GCF_005671335.1;GCF_006094295.1;GCF_034478925.1;GCF_034479305.1	1	0				0
end	orthogroup_276	14	10	GCA_000015785.2;GCA_000025805.1;GCF_000009045.1;GCF_000009785.1;GCF_000011245.1;GCF_000017885.4;GCF_005671335.1;GCF_006094295.1;GCF_034478925.1;GCF_034479305.1	1	0				0
end	orthogroup_277	1	10	GCA_000015785.2;GCA_000025805.1;GCF_000009045.1;GCF_000009785.1;GCF_000011245.1;GCF_000017885.4;GCF_005671335.1;GCF_006094295.1;GCF_034478925.1;GCF_034479305.1	1	1	GCF_005671335.1	-13.0		0
end	orthogroup_277	2	10	GCA_000015785.2;GCA_000025805.1;GCF_000009045.1;GCF_000009785.1;GCF_000011245.1;GCF_000017885.4;GCF_005671335.1;GCF_006094295.1;GCF_034478925.1;GCF_034479305.1	1	0				0
end	orthogroup_277	3	10	GCA_000015785.2;GCA_000025805.1;GCF_000009045.1;GCF_000009785.1;GCF_000011245.1;GCF_000017885.4;GCF_005671335.1;GCF_006094295.1;GCF_034478925.1;GCF_034479305.1	1	1	GCA_000025805.1	5.0		0
end	orthogroup_277	4	10	GCA_000015785.2;GCA_000025805.1;GCF_000009045.1;GCF_000009785.1;GCF_000011245.1;GCF_000017885.4;GCF_005671335.1;GCF_006094295.1;GCF_034478925.1;GCF_034479305.1	1	0				0
end	orthogroup_277	5	10	GCA_000015785.2;GCA_000025805.1;GCF_000009045.1;GCF_000009785.1;GCF_000011245.1;GCF_000017885.4;GCF_005671335.1;GCF_006094295.1;GCF_034478925.1;GCF_034479305.1	1	0				0
end	orthogroup_278	1	10	GCA_000015785.2;GCA_000025805.1;GCF_000009045.1;GCF_000009785.1;GCF_000011245.1;GCF_000017885.4;GCF_005671335.1;GCF_006094295.1;GCF_034478925.1;GCF_034479305.1	1	0				0
end	orthogroup_278	2	10	GCA_000015785.2;GCA_000025805.1;GCF_000009045.1;GCF_000009785.1;GCF_000011245.1;GCF_000017885.4;GCF_005671335.1;GCF_006094295.1;GCF_034478925.1;GCF_034479305.1	1	0				0
end	orthogroup_278	3	10	GCA_000015785.2;GCA_000025805.1;GCF_000009045.1;GCF_000009785.1;GCF_000011245.1;GCF_000017885.4;GCF_005671335.1;GCF_006094295.1;GCF_034478925.1;GCF_034479305.1	1	0				0
end	orthogroup_279	1	10	GCA_000015785.2;GCA_000025805.1;GCF_000009045.1;GCF_000009785.1;GCF_000011245.1;GCF_000017885.4;GCF_005671335.1;GCF_006094295.1;GCF_034478925.1;GCF_034479305.1	1	3	GCA_000015785.2;GCF_000009045.1;GCF_034479305.1	10.0	22.333333333333332	1
end	orthogroup_279	2	10	GCA_000015785.2;GCA_000025805.1;GCF_000009045.1;GCF_000009785.1;GCF_000011245.1;GCF_000017885.4;GCF_005671335.1;GCF_006094295.1;GCF_034478925.1;GCF_034479305.1	1	0				0
end	orthogroup_279	3	10	GCA_000015785.2;GCA_000025805.1;GCF_000009045.1;GCF_000009785.1;GCF_000011245.1;GCF_000017885.4;GCF_005671335.1;GCF_006094295.1;GCF_034478925.1;GCF_034479305.1	1	0				0
end	orthogroup_279	4	10	GCA_000015785.2;GCA_000025805.1;GCF_000009045.1;GCF_000009785.1;GCF_000011245.1;GCF_000017885.4;GCF_005671335.1;GCF_006094295.1;GCF_034478925.1;GCF_034479305.1	1	0				0
end	orthogroup_279	5	10	GCA_000015785.2;GCA_000025805.1;GCF_000009045.1;GCF_000009785.1;GCF_000011245.1;GCF_000017885.4;GCF_005671335.1;GCF_006094295.1;GCF_034478925.1;GCF_034479305.1	1	0				0
end	orthogroup_279	6	10	GCA_000015785.2;GCA_000025805.1;GCF_000009045.1;GCF_000009785.1;GCF_000011245.1;GCF_000017885.4;GCF_005671335.1;GCF_006094295.1;GCF_034478925.1;GCF_034479305.1	1	0				0
end	orthogroup_279	7	10	GCA_000015785.2;GCA_000025805.1;GCF_000009045.1;GCF_000009785.1;GCF_000011245.1;GCF_000017885.4;GCF_005671335.1;GCF_006094295.1;GCF_034478925.1;GCF_034479305.1	1	1	GCF_005671335.1	10.0		0
end	orthogroup_288	1	10	GCA_000015785.2;GCA_000025805.1;GCF_000009045.1;GCF_000009785.1;GCF_000011245.1;GCF_000017885.4;GCF_005671335.1;GCF_006094295.1;GCF_034478925.1;GCF_034479305.1	1	3	GCF_006094295.1;GCF_034478925.1;GCF_034479305.1	-14.0	104.33333333333333	1
end	orthogroup_288	2	10	GCA_000015785.2;GCA_000025805.1;GCF_000009045.1;GCF_000009785.1;GCF_000011245.1;GCF_000017885.4;GCF_005671335.1;GCF_006094295.1;GCF_034478925.1;GCF_034479305.1	1	1	GCA_000025805.1	-6.0		0
end	orthogroup_288	3	10	GCA_000015785.2;GCA_000025805.1;GCF_000009045.1;GCF_000009785.1;GCF_000011245.1;GCF_000017885.4;GCF_005671335.1;GCF_006094295.1;GCF_034478925.1;GCF_034479305.1	1	0				0
end	orthogroup_288	4	10	GCA_000015785.2;GCA_000025805.1;GCF_000009045.1;GCF_000009785.1;GCF_000011245.1;GCF_000017885.4;GCF_005671335.1;GCF_006094295.1;GCF_034478925.1;GCF_034479305.1	1	1	GCA_000025805.1	7.0		0
end	orthogroup_288	5	10	GCA_000015785.2;GCA_000025805.1;GCF_000009045.1;GCF_000009785.1;GCF_000011245.1;GCF_000017885.4;GCF_005671335.1;GCF_006094295.1;GCF_034478925.1;GCF_034479305.1	1	2	GCF_000009785.1;GCF_000011245.1	-10.0	128.0	0
end	orthogroup_288	6	10	GCA_000015785.2;GCA_000025805.1;GCF_000009045.1;GCF_000009785.1;GCF_000011245.1;GCF_000017885.4;GCF_005671335.1;GCF_006094295.1;GCF_034478925.1;GCF_034479305.1	1	1	GCF_034478925.1	15.0		0
end	orthogroup_288	7	10	GCA_000015785.2;GCA_000025805.1;GCF_000009045.1;GCF_000009785.1;GCF_000011245.1;GCF_000017885.4;GCF_005671335.1;GCF_006094295.1;GCF_034478925.1;GCF_034479305.1	1	0				0
end	orthogroup_288	8	10	GCA_000015785.2;GCA_000025805.1;GCF_000009045.1;GCF_000009785.1;GCF_000011245.1;GCF_000017885.4;GCF_005671335.1;GCF_006094295.1;GCF_034478925.1;GCF_034479305.1	1	0				0
end	orthogroup_288	9	10	GCA_000015785.2;GCA_000025805.1;GCF_000009045.1;GCF_000009785.1;GCF_000011245.1;GCF_000017885.4;GCF_005671335.1;GCF_006094295.1;GCF_034478925.1;GCF_034479305.1	1	0				0
end	orthogroup_288	10	10	GCA_000015785.2;GCA_000025805.1;GCF_000009045.1;GCF_000009785.1;GCF_000011245.1;GCF_000017885.4;GCF_005671335.1;GCF_006094295.1;GCF_034478925.1;GCF_034479305.1	1	0				0
end	orthogroup_288	11	10	GCA_000015785.2;GCA_000025805.1;GCF_000009045.1;GCF_000009785.1;GCF_000011245.1;GCF_000017885.4;GCF_005671335.1;GCF_006094295.1;GCF_034478925.1;GCF_034479305.1	1	1	GCF_000011245.1	-2.0		0
end	orthogroup_288	12	10	GCA_000015785.2;GCA_000025805.1;GCF_000009045.1;GCF_000009785.1;GCF_000011245.1;GCF_000017885.4;GCF_005671335.1;GCF_006094295.1;GCF_034478925.1;GCF_034479305.1	1	0				0
end	orthogroup_299	1	10	GCA_000015785.2;GCA_000025805.1;GCF_000009045.1;GCF_000009785.1;GCF_000011245.1;GCF_000017885.4;GCF_005671335.1;GCF_006094295.1;GCF_034478925.1;GCF_034479305.1	1	0				0
end	orthogroup_299	2	10	GCA_000015785.2;GCA_000025805.1;GCF_000009045.1;GCF_000009785.1;GCF_000011245.1;GCF_000017885.4;GCF_005671335.1;GCF_006094295.1;GCF_034478925.1;GCF_034479305.1	1	0				0
end	orthogroup_299	3	10	GCA_000015785.2;GCA_000025805.1;GCF_000009045.1;GCF_000009785.1;GCF_000011245.1;GCF_000017885.4;GCF_005671335.1;GCF_006094295.1;GCF_034478925.1;GCF_034479305.1	1	0				0
end	orthogroup_299	4	10	GCA_000015785.2;GCA_000025805.1;GCF_000009045.1;GCF_000009785.1;GCF_000011245.1;GCF_000017885.4;GCF_005671335.1;GCF_006094295.1;GCF_034478925.1;GCF_034479305.1	1	1	GCF_034479305.1	-9.0		0
end	orthogroup_299	5	10	GCA_000015785.2;GCA_000025805.1;GCF_000009045.1;GCF_000009785.1;GCF_000011245.1;GCF_000017885.4;GCF_005671335.1;GCF_006094295.1;GCF_034478925.1;GCF_034479305.1	1	1	GCA_000025805.1	-11.5		0
end	orthogroup_299	6	10	GCA_000015785.2;GCA_000025805.1;GCF_000009045.1;GCF_000009785.1;GCF_000011245.1;GCF_000017885.4;GCF_005671335.1;GCF_006094295.1;GCF_034478925.1;GCF_034479305.1	1	0				0
end	orthogroup_299	7	10	GCA_000015785.2;GCA_000025805.1;GCF_000009045.1;GCF_000009785.1;GCF_000011245.1;GCF_000017885.4;GCF_005671335.1;GCF_006094295.1;GCF_034478925.1;GCF_034479305.1	1	0				0
end	orthogroup_299	8	10	GCA_000015785.2;GCA_000025805.1;GCF_000009045.1;GCF_000009785.1;GCF_000011245.1;GCF_000017885.4;GCF_005671335.1;GCF_006094295.1;GCF_034478925.1;GCF_034479305.1	1	0				0
end	orthogroup_299	9	10	GCA_000015785.2;GCA_000025805.1;GCF_000009045.1;GCF_000009785.1;GCF_000011245.1;GCF_000017885.4;GCF_005671335.1;GCF_006094295.1;GCF_034478925.1;GCF_034479305.1	1	1	GCF_000017885.4	20.0		0
end	orthogroup_299	10	10	GCA_000015785.2;GCA_000025805.1;GCF_000009045.1;GCF_000009785.1;GCF_000011245.1;GCF_000017885.4;GCF_005671335.1;GCF_006094295.1;GCF_034478925.1;GCF_034479305.1	1	0				0
end	orthogroup_301	1	9	GCA_000015785.2;GCF_000009045.1;GCF_000009785.1;GCF_000011245.1;GCF_000017885.4;GCF_005671335.1;GCF_006094295.1;GCF_034478925.1;GCF_034479305.1	1	1	GCF_006094295.1	-13.0		0
end	orthogroup_301	2	9	GCA_000015785.2;GCF_000009045.1;GCF_000009785.1;GCF_000011245.1;GCF_000017885.4;GCF_005671335.1;GCF_006094295.1;GCF_034478925.1;GCF_034479305.1	1	1	GCF_000011245.1	4.0		0
end	orthogroup_301	3	9	GCA_000015785.2;GCF_000009045.1;GCF_000009785.1;GCF_000011245.1;GCF_000017885.4;GCF_005671335.1;GCF_006094295.1;GCF_034478925.1;GCF_034479305.1	1	0				0
end	orthogroup_301	4	9	GCA_000015785.2;GCF_000009045.1;GCF_000009785.1;GCF_000011245.1;GCF_000017885.4;GCF_005671335.1;GCF_006094295.1;GCF_034478925.1;GCF_034479305.1	1	0				0
end	orthogroup_301	5	9	GCA_000015785.2;GCF_000009045.1;GCF_000009785.1;GCF_000011245.1;GCF_000017885.4;GCF_005671335.1;GCF_006094295.1;GCF_034478925.1;GCF_034479305.1	1	0				0
end	orthogroup_301	6	9	GCA_000015785.2;GCF_000009045.1;GCF_000009785.1;GCF_000011245.1;GCF_000017885.4;GCF_005671335.1;GCF_006094295.1;GCF_034478925.1;GCF_034479305.1	1	0				0
end	orthogroup_301	7	9	GCA_000015785.2;GCF_000009045.1;GCF_000009785.1;GCF_000011245.1;GCF_000017885.4;GCF_005671335.1;GCF_006094295.1;GCF_034478925.1;GCF_034479305.1	1	0				0
end	orthogroup_301	8	9	GCA_000015785.2;GCF_000009045.1;GCF_000009785.1;GCF_000011245.1;GCF_000017885.4;GCF_005671335.1;GCF_006094295.1;GCF_034478925.1;GCF_034479305.1	1	2	GCF_000009045.1;GCF_000009785.1	-10.0	18.0	0
end	orthogroup_301	9	9	GCA_000015785.2;GCF_000009045.1;GCF_000009785.1;GCF_000011245.1;GCF_000017885.4;GCF_005671335.1;GCF_006094295.1;GCF_034478925.1;GCF_034479305.1	1	0				0
end	orthogroup_301	10	9	GCA_000015785.2;GCF_000009045.1;GCF_000009785.1;GCF_000011245.1;GCF_000017885.4;GCF_005671335.1;GCF_006094295.1;GCF_034478925.1;GCF_034479305.1	1	0				0
end	orthogroup_305	1	10	GCA_000015785.2;GCA_000025805.1;GCF_000009045.1;GCF_000009785.1;GCF_000011245.1;GCF_000017885.4;GCF_005671335.1;GCF_006094295.1;GCF_034478925.1;GCF_034479305.1	1	2	GCF_000011245.1;GCF_005671335.1	9.0	2.0	0
end	orthogroup_305	2	10	GCA_000015785.2;GCA_000025805.1;GCF_000009045.1;GCF_000009785.1;GCF_000011245.1;GCF_000017885.4;GCF_005671335.1;GCF_006094295.1;GCF_034478925.1;GCF_034479305.1	1	0				0
end	orthogroup_305	3	10	GCA_000015785.2;GCA_000025805.1;GCF_000009045.1;GCF_000009785.1;GCF_000011245.1;GCF_000017885.4;GCF_005671335.1;GCF_006094295.1;GCF_034478925.1;GCF_034479305.1	1	0				0
end	orthogroup_305	4	10	GCA_000015785.2;GCA_000025805.1;GCF_000009045.1;GCF_000009785.1;GCF_000011245.1;GCF_000017885.4;GCF_005671335.1;GCF_006094295.1;GCF_034478925.1;GCF_034479305.1	1	0				0
end	orthogroup_305	5	10	GCA_000015785.2;GCA_000025805.1;GCF_000009045.1;GCF_000009785.1;GCF_000011245.1;GCF_000017885.4;GCF_005671335.1;GCF_006094295.1;GCF_034478925.1;GCF_034479305.1	1	1	GCF_000017885.4	68.0		0
end	orthogroup_315	1	10	GCA_000015785.2;GCA_000025805.1;GCF_000009045.1;GCF_000009785.1;GCF_000011245.1;GCF_000017885.4;GCF_005671335.1;GCF_006094295.1;GCF_034478925.1;GCF_034479305.1	1	1	GCF_000009785.1	-27.0		0
end	orthogroup_315	2	10	GCA_000015785.2;GCA_000025805.1;GCF_000009045.1;GCF_000009785.1;GCF_000011245.1;GCF_000017885.4;GCF_005671335.1;GCF_006094295.1;GCF_034478925.1;GCF_034479305.1	1	1	GCF_000017885.4	7.0		0
end	orthogroup_315	3	10	GCA_000015785.2;GCA_000025805.1;GCF_000009045.1;GCF_000009785.1;GCF_000011245.1;GCF_000017885.4;GCF_005671335.1;GCF_006094295.1;GCF_034478925.1;GCF_034479305.1	1	0				0
end	orthogroup_315	4	10	GCA_000015785.2;GCA_000025805.1;GCF_000009045.1;GCF_000009785.1;GCF_000011245.1;GCF_000017885.4;GCF_005671335.1;GCF_006094295.1;GCF_034478925.1;GCF_034479305.1	1	3	GCA_000015785.2;GCF_005671335.1;GCF_034478925.1	9.0	243.25	1
end	orthogroup_318	1	10	GCA_000015785.2;GCA_000025805.1;GCF_000009045.1;GCF_000009785.1;GCF_000011245.1;GCF_000017885.4;GCF_005671335.1;GCF_006094295.1;GCF_034478925.1;GCF_034479305.1	1	0				0
end	orthogroup_318	2	10	GCA_000015785.2;GCA_000025805.1;GCF_000009045.1;GCF_000009785.1;GCF_000011245.1;GCF_000017885.4;GCF_005671335.1;GCF_006094295.1;GCF_034478925.1;GCF_034479305.1	1	1	GCA_000025805.1	-2.0		0
end	orthogroup_318	3	10	GCA_000015785.2;GCA_000025805.1;GCF_000009045.1;GCF_000009785.1;GCF_000011245.1;GCF_000017885.4;GCF_005671335.1;GCF_006094295.1;GCF_034478925.1;GCF_034479305.1	1	0				0
end	orthogroup_318	4	10	GCA_000015785.2;GCA_000025805.1;GCF_000009045.1;GCF_000009785.1;GCF_000011245.1;GCF_000017885.4;GCF_005671335.1;GCF_006094295.1;GCF_034478925.1;GCF_034479305.1	1	0				0
end	orthogroup_318	5	10	GCA_000015785.2;GCA_000025805.1;GCF_000009045.1;GCF_000009785.1;GCF_000011245.1;GCF_000017885.4;GCF_005671335.1;GCF_006094295.1;GCF_034478925.1;GCF_034479305.1	1	0				0
end	orthogroup_318	6	10	GCA_000015785.2;GCA_000025805.1;GCF_000009045.1;GCF_000009785.1;GCF_000011245.1;GCF_000017885.4;GCF_005671335.1;GCF_006094295.1;GCF_034478925.1;GCF_034479305.1	1	0				0
end	orthogroup_318	7	10	GCA_000015785.2;GCA_000025805.1;GCF_000009045.1;GCF_000009785.1;GCF_000011245.1;GCF_000017885.4;GCF_005671335.1;GCF_006094295.1;GCF_034478925.1;GCF_034479305.1	1	0				0
end	orthogroup_318	8	10	GCA_000015785.2;GCA_000025805.1;GCF_000009045.1;GCF_000009785.1;GCF_000011245.1;GCF_000017885.4;GCF_005671335.1;GCF_006094295.1;GCF_034478925.1;GCF_034479305.1	1	1	GCF_034478925.1	12.5		0
end	orthogroup_318	9	10	GCA_000015785.2;GCA_000025805.1;GCF_000009045.1;GCF_000009785.1;GCF_000011245.1;GCF_000017885.4;GCF_005671335.1;GCF_006094295.1;GCF_034478925.1;GCF_034479305.1	1	0				0
end	orthogroup_318	10	9	GCA_000015785.2;GCA_000025805.1;GCF_000009045.1;GCF_000009785.1;GCF_000011245.1;GCF_000017885.4;GCF_005671335.1;GCF_034478925.1;GCF_034479305.1	1	0				0
end	orthogroup_318	12	10	GCA_000015785.2;GCA_000025805.1;GCF_000009045.1;GCF_000009785.1;GCF_000011245.1;GCF_000017885.4;GCF_005671335.1;GCF_006094295.1;GCF_034478925.1;GCF_034479305.1	1	0				0
end	orthogroup_318	13	10	GCA_000015785.2;GCA_000025805.1;GCF_000009045.1;GCF_000009785.1;GCF_000011245.1;GCF_000017885.4;GCF_005671335.1;GCF_006094295.1;GCF_034478925.1;GCF_034479305.1	1	0				0
end	orthogroup_318	14	10	GCA_000015785.2;GCA_000025805.1;GCF_000009045.1;GCF_000009785.1;GCF_000011245.1;GCF_000017885.4;GCF_005671335.1;GCF_006094295.1;GCF_034478925.1;GCF_034479305.1	1	1	GCF_006094295.1	2.0		0
end	orthogroup_329	1	10	GCA_000015785.2;GCA_000025805.1;GCF_000009045.1;GCF_000009785.1;GCF_000011245.1;GCF_000017885.4;GCF_005671335.1;GCF_006094295.1;GCF_034478925.1;GCF_034479305.1	1	0				0
end	orthogroup_329	2	10	GCA_000015785.2;GCA_000025805.1;GCF_000009045.1;GCF_000009785.1;GCF_000011245.1;GCF_000017885.4;GCF_005671335.1;GCF_006094295.1;GCF_034478925.1;GCF_034479305.1	1	0				0
end	orthogroup_329	3	10	GCA_000015785.2;GCA_000025805.1;GCF_000009045.1;GCF_000009785.1;GCF_000011245.1;GCF_000017885.4;GCF_005671335.1;GCF_006094295.1;GCF_034478925.1;GCF_034479305.1	1	1	GCF_005671335.1	-76.0		0
end	orthogroup_329	4	10	GCA_000015785.2;GCA_000025805.1;GCF_000009045.1;GCF_000009785.1;GCF_000011245.1;GCF_000017885.4;GCF_005671335.1;GCF_006094295.1;GCF_034478925.1;GCF_034479305.1	1	1	GCF_034478925.1	60.0		0
end	orthogroup_329	5	10	GCA_000015785.2;GCA_000025805.1;GCF_000009045.1;GCF_000009785.1;GCF_000011245.1;GCF_000017885.4;GCF_005671335.1;GCF_006094295.1;GCF_034478925.1;GCF_034479305.1	1	1	GCF_005671335.1	-116.0		0
end	orthogroup_329	6	10	GCA_000015785.2;GCA_000025805.1;GCF_000009045.1;GCF_000009785.1;GCF_000011245.1;GCF_000017885.4;GCF_005671335.1;GCF_006094295.1;GCF_034478925.1;GCF_034479305.1	1	0				0
end	orthogroup_329	7	10	GCA_000015785.2;GCA_000025805.1;GCF_000009045.1;GCF_000009785.1;GCF_000011245.1;GCF_000017885.4;GCF_005671335.1;GCF_006094295.1;GCF_034478925.1;GCF_034479305.1	1	0				0
end	orthogroup_329	8	10	GCA_000015785.2;GCA_000025805.1;GCF_000009045.1;GCF_000009785.1;GCF_000011245.1;GCF_000017885.4;GCF_005671335.1;GCF_006094295.1;GCF_034478925.1;GCF_034479305.1	1	0				0
end	orthogroup_329	9	10	GCA_000015785.2;GCA_000025805.1;GCF_000009045.1;GCF_000009785.1;GCF_000011245.1;GCF_000017885.4;GCF_005671335.1;GCF_006094295.1;GCF_034478925.1;GCF_034479305.1	1	0				0
end	orthogroup_329	10	10	GCA_000015785.2;GCA_000025805.1;GCF_000009045.1;GCF_000009785.1;GCF_000011245.1;GCF_000017885.4;GCF_005671335.1;GCF_006094295.1;GCF_034478925.1;GCF_034479305.1	1	2	GCA_000015785.2;GCF_034479305.1	-2.75	21.125	0
end	orthogroup_377	1	9	GCA_000015785.2;GCA_000025805.1;GCF_000009045.1;GCF_000009785.1;GCF_000017885.4;GCF_005671335.1;GCF_006094295.1;GCF_034478925.1;GCF_034479305.1	1	1	GCF_000009045.1	-30.0		0
end	orthogroup_377	2	9	GCA_000015785.2;GCA_000025805.1;GCF_000009045.1;GCF_000009785.1;GCF_000017885.4;GCF_005671335.1;GCF_006094295.1;GCF_034478925.1;GCF_034479305.1	1	0				0
end	orthogroup_377	3	9	GCA_000015785.2;GCA_000025805.1;GCF_000009045.1;GCF_000009785.1;GCF_000017885.4;GCF_005671335.1;GCF_006094295.1;GCF_034478925.1;GCF_034479305.1	1	0				0
end	orthogroup_377	4	9	GCA_000015785.2;GCA_000025805.1;GCF_000009045.1;GCF_000009785.1;GCF_000017885.4;GCF_005671335.1;GCF_006094295.1;GCF_034478925.1;GCF_034479305.1	1	2	GCF_000017885.4;GCF_006094295.1	-2.0	162.0	0
end	orthogroup_379	1	10	GCA_000015785.2;GCA_000025805.1;GCF_000009045.1;GCF_000009785.1;GCF_000011245.1;GCF_000017885.4;GCF_005671335.1;GCF_006094295.1;GCF_034478925.1;GCF_034479305.1	1	1	GCF_034479305.1	-31.5		0
end	orthogroup_379	2	10	GCA_000015785.2;GCA_000025805.1;GCF_000009045.1;GCF_000009785.1;GCF_000011245.1;GCF_000017885.4;GCF_005671335.1;GCF_006094295.1;GCF_034478925.1;GCF_034479305.1	1	1	GCF_000017885.4	-18.0		0
end	orthogroup_379	3	10	GCA_000015785.2;GCA_000025805.1;GCF_000009045.1;GCF_000009785.1;GCF_000011245.1;GCF_000017885.4;GCF_005671335.1;GCF_006094295.1;GCF_034478925.1;GCF_034479305.1	1	1	GCA_000015785.2	13.0		0
end	orthogroup_379	4	10	GCA_000015785.2;GCA_000025805.1;GCF_000009045.1;GCF_000009785.1;GCF_000011245.1;GCF_000017885.4;GCF_005671335.1;GCF_006094295.1;GCF_034478925.1;GCF_034479305.1	1	0				0
end	orthogroup_380	1	10	GCA_000015785.2;GCA_000025805.1;GCF_000009045.1;GCF_000009785.1;GCF_000011245.1;GCF_000017885.4;GCF_005671335.1;GCF_006094295.1;GCF_034478925.1;GCF_034479305.1	1	0				0
end	orthogroup_380	2	10	GCA_000015785.2;GCA_000025805.1;GCF_000009045.1;GCF_000009785.1;GCF_000011245.1;GCF_000017885.4;GCF_005671335.1;GCF_006094295.1;GCF_034478925.1;GCF_034479305.1	1	0				0
end	orthogroup_380	3	10	GCA_000015785.2;GCA_000025805.1;GCF_000009045.1;GCF_000009785.1;GCF_000011245.1;GCF_000017885.4;GCF_005671335.1;GCF_006094295.1;GCF_034478925.1;GCF_034479305.1	1	1	GCF_000009785.1	1.0		0
end	orthogroup_380	4	10	GCA_000015785.2;GCA_000025805.1;GCF_000009045.1;GCF_000009785.1;GCF_000011245.1;GCF_000017885.4;GCF_005671335.1;GCF_006094295.1;GCF_034478925.1;GCF_034479305.1	1	1	GCF_005671335.1	14.5		0
end	orthogroup_380	5	10	GCA_000015785.2;GCA_000025805.1;GCF_000009045.1;GCF_000009785.1;GCF_000011245.1;GCF_000017885.4;GCF_005671335.1;GCF_006094295.1;GCF_034478925.1;GCF_034479305.1	1	1	GCF_034478925.1	-40.0		0
end	orthogroup_380	6	10	GCA_000015785.2;GCA_000025805.1;GCF_000009045.1;GCF_000009785.1;GCF_000011245.1;GCF_000017885.4;GCF_005671335.1;GCF_006094295.1;GCF_034478925.1;GCF_034479305.1	1	0				0
end	orthogroup_380	7	10	GCA_000015785.2;GCA_000025805.1;GCF_000009045.1;GCF_000009785.1;GCF_000011245.1;GCF_000017885.4;GCF_005671335.1;GCF_006094295.1;GCF_034478925.1;GCF_034479305.1	1	0				0
end	orthogroup_380	8	10	GCA_000015785.2;GCA_000025805.1;GCF_000009045.1;GCF_000009785.1;GCF_000011245.1;GCF_000017885.4;GCF_005671335.1;GCF_006094295.1;GCF_034478925.1;GCF_034479305.1	1	2	GCA_000025805.1;GCF_000011245.1	150.25	3321.125	0
end	orthogroup_386	1	10	GCA_000015785.2;GCA_000025805.1;GCF_000009045.1;GCF_000009785.1;GCF_000011245.1;GCF_000017885.4;GCF_005671335.1;GCF_006094295.1;GCF_034478925.1;GCF_034479305.1	1	2	GCF_000009045.1;GCF_000009785.1	7.25	0.125	0
end	orthogroup_386	2	10	GCA_000015785.2;GCA_000025805.1;GCF_000009045.1;GCF_000009785.1;GCF_000011245.1;GCF_000017885.4;GCF_005671335.1;GCF_006094295.1;GCF_034478925.1;GCF_034479305.1	1	2	GCF_000017885.4;GCF_034478925.1	-1.5	84.5	0
end	orthogroup_386	3	10	GCA_000015785.2;GCA_000025805.1;GCF_000009045.1;GCF_000009785.1;GCF_000011245.1;GCF_000017885.4;GCF_005671335.1;GCF_006094295.1;GCF_034478925.1;GCF_034479305.1	1	1	GCF_005671335.1	-1.0		0
end	orthogroup_386	4	10	GCA_000015785.2;GCA_000025805.1;GCF_000009045.1;GCF_000009785.1;GCF_000011245.1;GCF_000017885.4;GCF_005671335.1;GCF_006094295.1;GCF_034478925.1;GCF_034479305.1	1	0				0
end	orthogroup_386	5	10	GCA_000015785.2;GCA_000025805.1;GCF_000009045.1;GCF_000009785.1;GCF_000011245.1;GCF_000017885.4;GCF_005671335.1;GCF_006094295.1;GCF_034478925.1;GCF_034479305.1	1	0				0
end	orthogroup_386	6	10	GCA_000015785.2;GCA_000025805.1;GCF_000009045.1;GCF_000009785.1;GCF_000011245.1;GCF_000017885.4;GCF_005671335.1;GCF_006094295.1;GCF_034478925.1;GCF_034479305.1	1	1	GCF_000017885.4	-8.0		0
end	orthogroup_386	7	10	GCA_000015785.2;GCA_000025805.1;GCF_000009045.1;GCF_000009785.1;GCF_000011245.1;GCF_000017885.4;GCF_005671335.1;GCF_006094295.1;GCF_034478925.1;GCF_034479305.1	1	0				0
end	orthogroup_386	8	10	GCA_000015785.2;GCA_000025805.1;GCF_000009045.1;GCF_000009785.1;GCF_000011245.1;GCF_000017885.4;GCF_005671335.1;GCF_006094295.1;GCF_034478925.1;GCF_034479305.1	1	0				0
end	orthogroup_386	9	10	GCA_000015785.2;GCA_000025805.1;GCF_000009045.1;GCF_000009785.1;GCF_000011245.1;GCF_000017885.4;GCF_005671335.1;GCF_006094295.1;GCF_034478925.1;GCF_034479305.1	1	0				0
end	orthogroup_407	1	10	GCA_000015785.2;GCA_000025805.1;GCF_000009045.1;GCF_000009785.1;GCF_000011245.1;GCF_000017885.4;GCF_005671335.1;GCF_006094295.1;GCF_034478925.1;GCF_034479305.1	1	2	GCA_000015785.2;GCF_000009785.1	-27.5	60.5	0
end	orthogroup_407	2	10	GCA_000015785.2;GCA_000025805.1;GCF_000009045.1;GCF_000009785.1;GCF_000011245.1;GCF_000017885.4;GCF_005671335.1;GCF_006094295.1;GCF_034478925.1;GCF_034479305.1	1	2	GCA_000015785.2;GCF_000009785.1	-4.25	153.125	0
end	orthogroup_407	3	10	GCA_000015785.2;GCA_000025805.1;GCF_000009045.1;GCF_000009785.1;GCF_000011245.1;GCF_000017885.4;GCF_005671335.1;GCF_006094295.1;GCF_034478925.1;GCF_034479305.1	1	2	GCA_000015785.2;GCF_034479305.1	2.5	112.5	0
end	orthogroup_407	4	10	GCA_000015785.2;GCA_000025805.1;GCF_000009045.1;GCF_000009785.1;GCF_000011245.1;GCF_000017885.4;GCF_005671335.1;GCF_006094295.1;GCF_034478925.1;GCF_034479305.1	1	6	GCF_000009785.1;GCF_000017885.4;GCF_005671335.1;GCF_006094295.1;GCF_034478925.1;GCF_034479305.1	221.0	23011.866666666665	1
end	orthogroup_414	1	10	GCA_000015785.2;GCA_000025805.1;GCF_000009045.1;GCF_000009785.1;GCF_000011245.1;GCF_000017885.4;GCF_005671335.1;GCF_006094295.1;GCF_034478925.1;GCF_034479305.1	1	0				0
end	orthogroup_414	2	10	GCA_000015785.2;GCA_000025805.1;GCF_000009045.1;GCF_000009785.1;GCF_000011245.1;GCF_000017885.4;GCF_005671335.1;GCF_006094295.1;GCF_034478925.1;GCF_034479305.1	1	0				0
end	orthogroup_414	3	10	GCA_000015785.2;GCA_000025805.1;GCF_000009045.1;GCF_000009785.1;GCF_000011245.1;GCF_000017885.4;GCF_005671335.1;GCF_006094295.1;GCF_034478925.1;GCF_034479305.1	1	0				0
end	orthogroup_414	4	10	GCA_000015785.2;GCA_000025805.1;GCF_000009045.1;GCF_000009785.1;GCF_000011245.1;GCF_000017885.4;GCF_005671335.1;GCF_006094295.1;GCF_034478925.1;GCF_034479305.1	1	0				0
end	orthogroup_414	5	10	GCA_000015785.2;GCA_000025805.1;GCF_000009045.1;GCF_000009785.1;GCF_000011245.1;GCF_000017885.4;GCF_005671335.1;GCF_006094295.1;GCF_034478925.1;GCF_034479305.1	1	0				0
end	orthogroup_414	6	10	GCA_000015785.2;GCA_000025805.1;GCF_000009045.1;GCF_000009785.1;GCF_000011245.1;GCF_000017885.4;GCF_005671335.1;GCF_006094295.1;GCF_034478925.1;GCF_034479305.1	1	0				0
end	orthogroup_44	1	10	GCA_000015785.2;GCA_000025805.1;GCF_000009045.1;GCF_000009785.1;GCF_000011245.1;GCF_000017885.4;GCF_005671335.1;GCF_006094295.1;GCF_034478925.1;GCF_034479305.1	1	0				0
end	orthogroup_44	2	10	GCA_000015785.2;GCA_000025805.1;GCF_000009045.1;GCF_000009785.1;GCF_000011245.1;GCF_000017885.4;GCF_005671335.1;GCF_006094295.1;GCF_034478925.1;GCF_034479305.1	1	1	GCF_034479305.1	10.0		0
end	orthogroup_44	3	10	GCA_000015785.2;GCA_000025805.1;GCF_000009045.1;GCF_000009785.1;GCF_000011245.1;GCF_000017885.4;GCF_005671335.1;GCF_006094295.1;GCF_034478925.1;GCF_034479305.1	1	1	GCF_005671335.1	17.0		0
end	orthogroup_44	4	10	GCA_000015785.2;GCA_000025805.1;GCF_000009045.1;GCF_000009785.1;GCF_000011245.1;GCF_000017885.4;GCF_005671335.1;GCF_006094295.1;GCF_034478925.1;GCF_034479305.1	1	0				0
end	orthogroup_44	5	10	GCA_000015785.2;GCA_000025805.1;GCF_000009045.1;GCF_000009785.1;GCF_000011245.1;GCF_000017885.4;GCF_005671335.1;GCF_006094295.1;GCF_034478925.1;GCF_034479305.1	1	0				0
end	orthogroup_44	6	10	GCA_000015785.2;GCA_000025805.1;GCF_000009045.1;GCF_000009785.1;GCF_000011245.1;GCF_000017885.4;GCF_005671335.1;GCF_006094295.1;GCF_034478925.1;GCF_034479305.1	1	1	GCF_000017885.4	2.0		0
end	orthogroup_44	7	10	GCA_000015785.2;GCA_000025805.1;GCF_000009045.1;GCF_000009785.1;GCF_000011245.1;GCF_000017885.4;GCF_005671335.1;GCF_006094295.1;GCF_034478925.1;GCF_034479305.1	1	0				0
end	orthogroup_44	8	10	GCA_000015785.2;GCA_000025805.1;GCF_000009045.1;GCF_000009785.1;GCF_000011245.1;GCF_000017885.4;GCF_005671335.1;GCF_006094295.1;GCF_034478925.1;GCF_034479305.1	1	0				0
end	orthogroup_44	9	10	GCA_000015785.2;GCA_000025805.1;GCF_000009045.1;GCF_000009785.1;GCF_000011245.1;GCF_000017885.4;GCF_005671335.1;GCF_006094295.1;GCF_034478925.1;GCF_034479305.1	1	1	GCA_000015785.2	13.0		0
end	orthogroup_44	10	10	GCA_000015785.2;GCA_000025805.1;GCF_000009045.1;GCF_000009785.1;GCF_000011245.1;GCF_000017885.4;GCF_005671335.1;GCF_006094295.1;GCF_034478925.1;GCF_034479305.1	1	1	GCF_000009785.1	-2.0		0
end	orthogroup_44	11	10	GCA_000015785.2;GCA_000025805.1;GCF_000009045.1;GCF_000009785.1;GCF_000011245.1;GCF_000017885.4;GCF_005671335.1;GCF_006094295.1;GCF_034478925.1;GCF_034479305.1	1	0				0
end	orthogroup_44	12	10	GCA_000015785.2;GCA_000025805.1;GCF_000009045.1;GCF_000009785.1;GCF_000011245.1;GCF_000017885.4;GCF_005671335.1;GCF_006094295.1;GCF_034478925.1;GCF_034479305.1	1	0				0
end	orthogroup_44	13	10	GCA_000015785.2;GCA_000025805.1;GCF_000009045.1;GCF_000009785.1;GCF_000011245.1;GCF_000017885.4;GCF_005671335.1;GCF_006094295.1;GCF_034478925.1;GCF_034479305.1	1	0				0
end	orthogroup_44	14	10	GCA_000015785.2;GCA_000025805.1;GCF_000009045.1;GCF_000009785.1;GCF_000011245.1;GCF_000017885.4;GCF_005671335.1;GCF_006094295.1;GCF_034478925.1;GCF_034479305.1	1	3	GCA_000015785.2;GCF_000009785.1;GCF_000011245.1	12.0	210.58333333333334	1
end	orthogroup_453	1	10	GCA_000015785.2;GCA_000025805.1;GCF_000009045.1;GCF_000009785.1;GCF_000011245.1;GCF_000017885.4;GCF_005671335.1;GCF_006094295.1;GCF_034478925.1;GCF_034479305.1	1	0				0
end	orthogroup_453	2	10	GCA_000015785.2;GCA_000025805.1;GCF_000009045.1;GCF_000009785.1;GCF_000011245.1;GCF_000017885.4;GCF_005671335.1;GCF_006094295.1;GCF_034478925.1;GCF_034479305.1	1	1	GCF_006094295.1	-14.0		0
end	orthogroup_453	3	10	GCA_000015785.2;GCA_000025805.1;GCF_000009045.1;GCF_000009785.1;GCF_000011245.1;GCF_000017885.4;GCF_005671335.1;GCF_006094295.1;GCF_034478925.1;GCF_034479305.1	1	0				0
end	orthogroup_453	4	10	GCA_000015785.2;GCA_000025805.1;GCF_000009045.1;GCF_000009785.1;GCF_000011245.1;GCF_000017885.4;GCF_005671335.1;GCF_006094295.1;GCF_034478925.1;GCF_034479305.1	1	0				0
end	orthogroup_453	5	10	GCA_000015785.2;GCA_000025805.1;GCF_000009045.1;GCF_000009785.1;GCF_000011245.1;GCF_000017885.4;GCF_005671335.1;GCF_006094295.1;GCF_034478925.1;GCF_034479305.1	1	0				0
end	orthogroup_453	6	10	GCA_000015785.2;GCA_000025805.1;GCF_000009045.1;GCF_000009785.1;GCF_000011245.1;GCF_000017885.4;GCF_005671335.1;GCF_006094295.1;GCF_034478925.1;GCF_034479305.1	1	0				0
end	orthogroup_453	7	10	GCA_000015785.2;GCA_000025805.1;GCF_000009045.1;GCF_000009785.1;GCF_000011245.1;GCF_000017885.4;GCF_005671335.1;GCF_006094295.1;GCF_034478925.1;GCF_034479305.1	1	0				0
end	orthogroup_453	8	10	GCA_000015785.2;GCA_000025805.1;GCF_000009045.1;GCF_000009785.1;GCF_000011245.1;GCF_000017885.4;GCF_005671335.1;GCF_006094295.1;GCF_034478925.1;GCF_034479305.1	1	1	GCF_005671335.1	-2.0		0
end	orthogroup_453	9	10	GCA_000015785.2;GCA_000025805.1;GCF_000009045.1;GCF_000009785.1;GCF_000011245.1;GCF_000017885.4;GCF_005671335.1;GCF_006094295.1;GCF_034478925.1;GCF_034479305.1	1	1	GCF_000011245.1	-2.0		0
end	orthogroup_453	10	10	GCA_000015785.2;GCA_000025805.1;GCF_000009045.1;GCF_000009785.1;GCF_000011245.1;GCF_000017885.4;GCF_005671335.1;GCF_006094295.1;GCF_034478925.1;GCF_034479305.1	1	1	GCF_034478925.1	12.0		0
end	orthogroup_478	1	6	GCA_000015785.2;GCF_000009785.1;GCF_000011245.1;GCF_000017885.4;GCF_005671335.1;GCF_034478925.1	0	0				0
end	orthogroup_478	3	6	GCA_000015785.2;GCF_000009785.1;GCF_000011245.1;GCF_000017885.4;GCF_005671335.1;GCF_034478925.1	0	0				0
end	orthogroup_478	4	6	GCA_000015785.2;GCF_000009785.1;GCF_000011245.1;GCF_000017885.4;GCF_005671335.1;GCF_034478925.1	0	0				0
end	orthogroup_478	5	6	GCA_000015785.2;GCF_000009785.1;GCF_000011245.1;GCF_000017885.4;GCF_005671335.1;GCF_034478925.1	0	0				0
end	orthogroup_478	6	6	GCA_000015785.2;GCF_000009785.1;GCF_000011245.1;GCF_000017885.4;GCF_005671335.1;GCF_034478925.1	0	0				0
end	orthogroup_479	1	10	GCA_000015785.2;GCA_000025805.1;GCF_000009045.1;GCF_000009785.1;GCF_000011245.1;GCF_000017885.4;GCF_005671335.1;GCF_006094295.1;GCF_034478925.1;GCF_034479305.1	1	1	GCF_005671335.1	-18.0		0
end	orthogroup_479	2	10	GCA_000015785.2;GCA_000025805.1;GCF_000009045.1;GCF_000009785.1;GCF_000011245.1;GCF_000017885.4;GCF_005671335.1;GCF_006094295.1;GCF_034478925.1;GCF_034479305.1	1	0				0
end	orthogroup_479	3	10	GCA_000015785.2;GCA_000025805.1;GCF_000009045.1;GCF_000009785.1;GCF_000011245.1;GCF_000017885.4;GCF_005671335.1;GCF_006094295.1;GCF_034478925.1;GCF_034479305.1	1	0				0
end	orthogroup_479	4	10	GCA_000015785.2;GCA_000025805.1;GCF_000009045.1;GCF_000009785.1;GCF_000011245.1;GCF_000017885.4;GCF_005671335.1;GCF_006094295.1;GCF_034478925.1;GCF_034479305.1	1	0				0
end	orthogroup_479	5	10	GCA_000015785.2;GCA_000025805.1;GCF_000009045.1;GCF_000009785.1;GCF_000011245.1;GCF_000017885.4;GCF_005671335.1;GCF_006094295.1;GCF_034478925.1;GCF_034479305.1	1	0				0
end	orthogroup_479	6	10	GCA_000015785.2;GCA_000025805.1;GCF_000009045.1;GCF_000009785.1;GCF_000011245.1;GCF_000017885.4;GCF_005671335.1;GCF_006094295.1;GCF_034478925.1;GCF_034479305.1	1	0				0
end	orthogroup_48	1	5	GCA_000015785.2;GCF_000017885.4;GCF_005671335.1;GCF_006094295.1;GCF_034479305.1	0	0				0
end	orthogroup_48	2	5	GCA_000015785.2;GCF_000017885.4;GCF_005671335.1;GCF_006094295.1;GCF_034479305.1	0	0				0
end	orthogroup_48	3	5	GCA_000015785.2;GCF_000017885.4;GCF_005671335.1;GCF_006094295.1;GCF_034479305.1	0	0				0
end	orthogroup_480	1	10	GCA_000015785.2;GCA_000025805.1;GCF_000009045.1;GCF_000009785.1;GCF_000011245.1;GCF_000017885.4;GCF_005671335.1;GCF_006094295.1;GCF_034478925.1;GCF_034479305.1	1	1	GCF_005671335.1	-15.0		0
end	orthogroup_480	2	10	GCA_000015785.2;GCA_000025805.1;GCF_000009045.1;GCF_000009785.1;GCF_000011245.1;GCF_000017885.4;GCF_005671335.1;GCF_006094295.1;GCF_034478925.1;GCF_034479305.1	1	2	GCF_000009045.1;GCF_005671335.1	3.5	4.5	0
end	orthogroup_480	3	10	GCA_000015785.2;GCA_000025805.1;GCF_000009045.1;GCF_000009785.1;GCF_000011245.1;GCF_000017885.4;GCF_005671335.1;GCF_006094295.1;GCF_034478925.1;GCF_034479305.1	1	2	GCF_000009785.1;GCF_006094295.1	30.5	1012.5	0
end	orthogroup_481	1	10	GCA_000015785.2;GCA_000025805.1;GCF_000009045.1;GCF_000009785.1;GCF_000011245.1;GCF_000017885.4;GCF_005671335.1;GCF_006094295.1;GCF_034478925.1;GCF_034479305.1	1	0				0
end	orthogroup_481	2	10	GCA_000015785.2;GCA_000025805.1;GCF_000009045.1;GCF_000009785.1;GCF_000011245.1;GCF_000017885.4;GCF_005671335.1;GCF_006094295.1;GCF_034478925.1;GCF_034479305.1	1	0				0
end	orthogroup_481	3	10	GCA_000015785.2;GCA_000025805.1;GCF_000009045.1;GCF_000009785.1;GCF_000011245.1;GCF_000017885.4;GCF_005671335.1;GCF_006094295.1;GCF_034478925.1;GCF_034479305.1	1	0				0
end	orthogroup_481	4	10	GCA_000015785.2;GCA_000025805.1;GCF_000009045.1;GCF_000009785.1;GCF_000011245.1;GCF_000017885.4;GCF_005671335.1;GCF_006094295.1;GCF_034478925.1;GCF_034479305.1	1	1	GCF_005671335.1	-13.0		0
end	orthogroup_51	1	10	GCA_000015785.2;GCA_000025805.1;GCF_000009045.1;GCF_000009785.1;GCF_000011245.1;GCF_000017885.4;GCF_005671335.1;GCF_006094295.1;GCF_034478925.1;GCF_034479305.1	1	0				0
end	orthogroup_51	2	10	GCA_000015785.2;GCA_000025805.1;GCF_000009045.1;GCF_000009785.1;GCF_000011245.1;GCF_000017885.4;GCF_005671335.1;GCF_006094295.1;GCF_034478925.1;GCF_034479305.1	1	0				0
end	orthogroup_51	3	10	GCA_000015785.2;GCA_000025805.1;GCF_000009045.1;GCF_000009785.1;GCF_000011245.1;GCF_000017885.4;GCF_005671335.1;GCF_006094295.1;GCF_034478925.1;GCF_034479305.1	1	0				0
end	orthogroup_51	4	10	GCA_000015785.2;GCA_000025805.1;GCF_000009045.1;GCF_000009785.1;GCF_000011245.1;GCF_000017885.4;GCF_005671335.1;GCF_006094295.1;GCF_034478925.1;GCF_034479305.1	1	2	GCF_000011245.1;GCF_005671335.1	5.75	105.125	0
end	orthogroup_51	5	10	GCA_000015785.2;GCA_000025805.1;GCF_000009045.1;GCF_000009785.1;GCF_000011245.1;GCF_000017885.4;GCF_005671335.1;GCF_006094295.1;GCF_034478925.1;GCF_034479305.1	1	0				0
end	orthogroup_51	6	10	GCA_000015785.2;GCA_000025805.1;GCF_000009045.1;GCF_000009785.1;GCF_000011245.1;GCF_000017885.4;GCF_005671335.1;GCF_006094295.1;GCF_034478925.1;GCF_034479305.1	1	0				0
end	orthogroup_51	7	10	GCA_000015785.2;GCA_000025805.1;GCF_000009045.1;GCF_000009785.1;GCF_000011245.1;GCF_000017885.4;GCF_005671335.1;GCF_006094295.1;GCF_034478925.1;GCF_034479305.1	1	0				0
end	orthogroup_51	8	10	GCA_000015785.2;GCA_000025805.1;GCF_000009045.1;GCF_000009785.1;GCF_000011245.1;GCF_000017885.4;GCF_005671335.1;GCF_006094295.1;GCF_034478925.1;GCF_034479305.1	1	0				0
end	orthogroup_51	9	10	GCA_000015785.2;GCA_000025805.1;GCF_000009045.1;GCF_000009785.1;GCF_000011245.1;GCF_000017885.4;GCF_005671335.1;GCF_006094295.1;GCF_034478925.1;GCF_034479305.1	1	0				0
end	orthogroup_51	10	10	GCA_000015785.2;GCA_000025805.1;GCF_000009045.1;GCF_000009785.1;GCF_000011245.1;GCF_000017885.4;GCF_005671335.1;GCF_006094295.1;GCF_034478925.1;GCF_034479305.1	1	0				0
end	orthogroup_51	11	10	GCA_000015785.2;GCA_000025805.1;GCF_000009045.1;GCF_000009785.1;GCF_000011245.1;GCF_000017885.4;GCF_005671335.1;GCF_006094295.1;GCF_034478925.1;GCF_034479305.1	1	0				0
end	orthogroup_51	12	10	GCA_000015785.2;GCA_000025805.1;GCF_000009045.1;GCF_000009785.1;GCF_000011245.1;GCF_000017885.4;GCF_005671335.1;GCF_006094295.1;GCF_034478925.1;GCF_034479305.1	1	4	GCA_000015785.2;GCF_000009785.1;GCF_000011245.1;GCF_005671335.1	123.0	4275.666666666667	1
end	orthogroup_511	1	10	GCA_000015785.2;GCA_000025805.1;GCF_000009045.1;GCF_000009785.1;GCF_000011245.1;GCF_000017885.4;GCF_005671335.1;GCF_006094295.1;GCF_034478925.1;GCF_034479305.1	1	1	GCA_000025805.1	-11.0		0
end	orthogroup_511	2	10	GCA_000015785.2;GCA_000025805.1;GCF_000009045.1;GCF_000009785.1;GCF_000011245.1;GCF_000017885.4;GCF_005671335.1;GCF_006094295.1;GCF_034478925.1;GCF_034479305.1	1	1	GCF_000009045.1	20.0		0
end	orthogroup_511	3	10	GCA_000015785.2;GCA_000025805.1;GCF_000009045.1;GCF_000009785.1;GCF_000011245.1;GCF_000017885.4;GCF_005671335.1;GCF_006094295.1;GCF_034478925.1;GCF_034479305.1	1	2	GCF_005671335.1;GCF_034479305.1	-15.0	98.0	0
end	orthogroup_511	4	10	GCA_000015785.2;GCA_000025805.1;GCF_000009045.1;GCF_000009785.1;GCF_000011245.1;GCF_000017885.4;GCF_005671335.1;GCF_006094295.1;GCF_034478925.1;GCF_034479305.1	1	0				0
end	orthogroup_511	5	10	GCA_000015785.2;GCA_000025805.1;GCF_000009045.1;GCF_000009785.1;GCF_000011245.1;GCF_000017885.4;GCF_005671335.1;GCF_006094295.1;GCF_034478925.1;GCF_034479305.1	1	0				0
end	orthogroup_511	6	10	GCA_000015785.2;GCA_000025805.1;GCF_000009045.1;GCF_000009785.1;GCF_000011245.1;GCF_000017885.4;GCF_005671335.1;GCF_006094295.1;GCF_034478925.1;GCF_034479305.1	1	1	GCA_000015785.2	9.5		0
end	orthogroup_516	1	10	GCA_000015785.2;GCA_000025805.1;GCF_000009045.1;GCF_000009785.1;GCF_000011245.1;GCF_000017885.4;GCF_005671335.1;GCF_006094295.1;GCF_034478925.1;GCF_034479305.1	1	2	GCF_005671335.1;GCF_034478925.1	-1.5	312.5	0
end	orthogroup_516	2	10	GCA_000015785.2;GCA_000025805.1;GCF_000009045.1;GCF_000009785.1;GCF_000011245.1;GCF_000017885.4;GCF_005671335.1;GCF_006094295.1;GCF_034478925.1;GCF_034479305.1	1	1	GCA_000025805.1	-11.0		0
end	orthogroup_516	3	10	GCA_000015785.2;GCA_000025805.1;GCF_000009045.1;GCF_000009785.1;GCF_000011245.1;GCF_000017885.4;GCF_005671335.1;GCF_006094295.1;GCF_034478925.1;GCF_034479305.1	1	1	GCF_000009045.1	-17.0		0
end	orthogroup_516	4	10	GCA_000015785.2;GCA_000025805.1;GCF_000009045.1;GCF_000009785.1;GCF_000011245.1;GCF_000017885.4;GCF_005671335.1;GCF_006094295.1;GCF_034478925.1;GCF_034479305.1	1	0				0
end	orthogroup_516	5	10	GCA_000015785.2;GCA_000025805.1;GCF_000009045.1;GCF_000009785.1;GCF_000011245.1;GCF_000017885.4;GCF_005671335.1;GCF_006094295.1;GCF_034478925.1;GCF_034479305.1	1	1	GCF_000009045.1	18.0		0
end	orthogroup_516	6	10	GCA_000015785.2;GCA_000025805.1;GCF_000009045.1;GCF_000009785.1;GCF_000011245.1;GCF_000017885.4;GCF_005671335.1;GCF_006094295.1;GCF_034478925.1;GCF_034479305.1	1	0				0
end	orthogroup_516	7	10	GCA_000015785.2;GCA_000025805.1;GCF_000009045.1;GCF_000009785.1;GCF_000011245.1;GCF_000017885.4;GCF_005671335.1;GCF_006094295.1;GCF_034478925.1;GCF_034479305.1	1	1	GCF_000011245.1	-4.0		0
end	orthogroup_516	8	10	GCA_000015785.2;GCA_000025805.1;GCF_000009045.1;GCF_000009785.1;GCF_000011245.1;GCF_000017885.4;GCF_005671335.1;GCF_006094295.1;GCF_034478925.1;GCF_034479305.1	1	0				0
end	orthogroup_516	9	10	GCA_000015785.2;GCA_000025805.1;GCF_000009045.1;GCF_000009785.1;GCF_000011245.1;GCF_000017885.4;GCF_005671335.1;GCF_006094295.1;GCF_034478925.1;GCF_034479305.1	1	1	GCA_000025805.1	-10.0		0
end	orthogroup_516	10	10	GCA_000015785.2;GCA_000025805.1;GCF_000009045.1;GCF_000009785.1;GCF_000011245.1;GCF_000017885.4;GCF_005671335.1;GCF_006094295.1;GCF_034478925.1;GCF_034479305.1	1	0				0
end	orthogroup_517	1	10	GCA_000015785.2;GCA_000025805.1;GCF_000009045.1;GCF_000009785.1;GCF_000011245.1;GCF_000017885.4;GCF_005671335.1;GCF_006094295.1;GCF_034478925.1;GCF_034479305.1	1	0				0
end	orthogroup_517	2	10	GCA_000015785.2;GCA_000025805.1;GCF_000009045.1;GCF_000009785.1;GCF_000011245.1;GCF_000017885.4;GCF_005671335.1;GCF_006094295.1;GCF_034478925.1;GCF_034479305.1	1	2	GCA_000015785.2;GCF_000017885.4	12.0	242.0	0
end	orthogroup_517	3	10	GCA_000015785.2;GCA_000025805.1;GCF_000009045.1;GCF_000009785.1;GCF_000011245.1;GCF_000017885.4;GCF_005671335.1;GCF_006094295.1;GCF_034478925.1;GCF_034479305.1	1	3	GCF_000011245.1;GCF_000017885.4;GCF_005671335.1	29.0	1756.0	1
end	orthogroup_517	4	10	GCA_000015785.2;GCA_000025805.1;GCF_000009045.1;GCF_000009785.1;GCF_000011245.1;GCF_000017885.4;GCF_005671335.1;GCF_006094295.1;GCF_034478925.1;GCF_034479305.1	1	1	GCF_000009785.1	68.0		0
end	orthogroup_520	1	5	GCA_000015785.2;GCA_000025805.1;GCF_000011245.1;GCF_000017885.4;GCF_005671335.1	0	1	GCA_000015785.2	-2.5		0
end	orthogroup_520	4	5	GCA_000015785.2;GCA_000025805.1;GCF_000011245.1;GCF_000017885.4;GCF_005671335.1	0	1	GCF_000017885.4	-6.5		0
end	orthogroup_520	5	5	GCA_000015785.2;GCA_000025805.1;GCF_000011245.1;GCF_000017885.4;GCF_005671335.1	0	0				0
end	orthogroup_521	1	9	GCA_000015785.2;GCA_000025805.1;GCF_000009045.1;GCF_000009785.1;GCF_000017885.4;GCF_005671335.1;GCF_006094295.1;GCF_034478925.1;GCF_034479305.1	1	1	GCA_000025805.1	-7.0		0
end	orthogroup_521	2	9	GCA_000015785.2;GCA_000025805.1;GCF_000009045.1;GCF_000009785.1;GCF_000017885.4;GCF_005671335.1;GCF_006094295.1;GCF_034478925.1;GCF_034479305.1	1	0				0
end	orthogroup_521	5	9	GCA_000015785.2;GCA_000025805.1;GCF_000009045.1;GCF_000009785.1;GCF_000017885.4;GCF_005671335.1;GCF_006094295.1;GCF_034478925.1;GCF_034479305.1	1	0				0
end	orthogroup_521	6	9	GCA_000015785.2;GCA_000025805.1;GCF_000009045.1;GCF_000009785.1;GCF_000017885.4;GCF_005671335.1;GCF_006094295.1;GCF_034478925.1;GCF_034479305.1	1	1	GCF_034478925.1	10.0		0
end	orthogroup_529	1	10	GCA_000015785.2;GCA_000025805.1;GCF_000009045.1;GCF_000009785.1;GCF_000011245.1;GCF_000017885.4;GCF_005671335.1;GCF_006094295.1;GCF_034478925.1;GCF_034479305.1	1	3	GCA_000025805.1;GCF_000011245.1;GCF_005671335.1	-146.0	4753.0	1
end	orthogroup_529	2	10	GCA_000015785.2;GCA_000025805.1;GCF_000009045.1;GCF_000009785.1;GCF_000011245.1;GCF_000017885.4;GCF_005671335.1;GCF_006094295.1;GCF_034478925.1;GCF_034479305.1	1	2	GCA_000025805.1;GCF_000009785.1	3.75	78.125	0
end	orthogroup_529	3	10	GCA_000015785.2;GCA_000025805.1;GCF_000009045.1;GCF_000009785.1;GCF_000011245.1;GCF_000017885.4;GCF_005671335.1;GCF_006094295.1;GCF_034478925.1;GCF_034479305.1	1	0				0
end	orthogroup_529	4	10	GCA_000015785.2;GCA_000025805.1;GCF_000009045.1;GCF_000009785.1;GCF_000011245.1;GCF_000017885.4;GCF_005671335.1;GCF_006094295.1;GCF_034478925.1;GCF_034479305.1	1	0				0
end	orthogroup_529	5	10	GCA_000015785.2;GCA_000025805.1;GCF_000009045.1;GCF_000009785.1;GCF_000011245.1;GCF_000017885.4;GCF_005671335.1;GCF_006094295.1;GCF_034478925.1;GCF_034479305.1	1	1	GCF_005671335.1	-8.0		0
end	orthogroup_529	6	10	GCA_000015785.2;GCA_000025805.1;GCF_000009045.1;GCF_000009785.1;GCF_000011245.1;GCF_000017885.4;GCF_005671335.1;GCF_006094295.1;GCF_034478925.1;GCF_034479305.1	1	0				0
end	orthogroup_539	1	10	GCA_000015785.2;GCA_000025805.1;GCF_000009045.1;GCF_000009785.1;GCF_000011245.1;GCF_000017885.4;GCF_005671335.1;GCF_006094295.1;GCF_034478925.1;GCF_034479305.1	1	0				0
end	orthogroup_539	2	10	GCA_000015785.2;GCA_000025805.1;GCF_000009045.1;GCF_000009785.1;GCF_000011245.1;GCF_000017885.4;GCF_005671335.1;GCF_006094295.1;GCF_034478925.1;GCF_034479305.1	1	0				0
end	orthogroup_539	3	10	GCA_000015785.2;GCA_000025805.1;GCF_000009045.1;GCF_000009785.1;GCF_000011245.1;GCF_000017885.4;GCF_005671335.1;GCF_006094295.1;GCF_034478925.1;GCF_034479305.1	1	0				0
end	orthogroup_539	4	10	GCA_000015785.2;GCA_000025805.1;GCF_000009045.1;GCF_000009785.1;GCF_000011245.1;GCF_000017885.4;GCF_005671335.1;GCF_006094295.1;GCF_034478925.1;GCF_034479305.1	1	1	GCF_034479305.1	15.5		0
end	orthogroup_539	5	10	GCA_000015785.2;GCA_000025805.1;GCF_000009045.1;GCF_000009785.1;GCF_000011245.1;GCF_000017885.4;GCF_005671335.1;GCF_006094295.1;GCF_034478925.1;GCF_034479305.1	1	0				0
end	orthogroup_544	1	10	GCA_000015785.2;GCA_000025805.1;GCF_000009045.1;GCF_000009785.1;GCF_000011245.1;GCF_000017885.4;GCF_005671335.1;GCF_006094295.1;GCF_034478925.1;GCF_034479305.1	1	1	GCF_000009045.1	-15.0		0
end	orthogroup_544	2	10	GCA_000015785.2;GCA_000025805.1;GCF_000009045.1;GCF_000009785.1;GCF_000011245.1;GCF_000017885.4;GCF_005671335.1;GCF_006094295.1;GCF_034478925.1;GCF_034479305.1	1	0				0
end	orthogroup_544	3	10	GCA_000015785.2;GCA_000025805.1;GCF_000009045.1;GCF_000009785.1;GCF_000011245.1;GCF_000017885.4;GCF_005671335.1;GCF_006094295.1;GCF_034478925.1;GCF_034479305.1	1	0				0
end	orthogroup_544	4	10	GCA_000015785.2;GCA_000025805.1;GCF_000009045.1;GCF_000009785.1;GCF_000011245.1;GCF_000017885.4;GCF_005671335.1;GCF_006094295.1;GCF_034478925.1;GCF_034479305.1	1	0				0
end	orthogroup_544	5	10	GCA_000015785.2;GCA_000025805.1;GCF_000009045.1;GCF_000009785.1;GCF_000011245.1;GCF_000017885.4;GCF_005671335.1;GCF_006094295.1;GCF_034478925.1;GCF_034479305.1	1	1	GCF_000017885.4	13.0		0
end	orthogroup_544	6	10	GCA_000015785.2;GCA_000025805.1;GCF_000009045.1;GCF_000009785.1;GCF_000011245.1;GCF_000017885.4;GCF_005671335.1;GCF_006094295.1;GCF_034478925.1;GCF_034479305.1	1	1	GCA_000015785.2	33.0		0
end	orthogroup_573	1	10	GCA_000015785.2;GCA_000025805.1;GCF_000009045.1;GCF_000009785.1;GCF_000011245.1;GCF_000017885.4;GCF_005671335.1;GCF_006094295.1;GCF_034478925.1;GCF_034479305.1	1	0				0
end	orthogroup_573	2	10	GCA_000015785.2;GCA_000025805.1;GCF_000009045.1;GCF_000009785.1;GCF_000011245.1;GCF_000017885.4;GCF_005671335.1;GCF_006094295.1;GCF_034478925.1;GCF_034479305.1	1	1	GCA_000025805.1	1.0		0
end	orthogroup_573	3	10	GCA_000015785.2;GCA_000025805.1;GCF_000009045.1;GCF_000009785.1;GCF_000011245.1;GCF_000017885.4;GCF_005671335.1;GCF_006094295.1;GCF_034478925.1;GCF_034479305.1	1	0				0
end	orthogroup_573	4	10	GCA_000015785.2;GCA_000025805.1;GCF_000009045.1;GCF_000009785.1;GCF_000011245.1;GCF_000017885.4;GCF_005671335.1;GCF_006094295.1;GCF_034478925.1;GCF_034479305.1	1	0				0
end	orthogroup_579	1	10	GCA_000015785.2;GCA_000025805.1;GCF_000009045.1;GCF_000009785.1;GCF_000011245.1;GCF_000017885.4;GCF_005671335.1;GCF_006094295.1;GCF_034478925.1;GCF_034479305.1	1	1	GCF_000011245.1	-25.0		0
end	orthogroup_579	2	10	GCA_000015785.2;GCA_000025805.1;GCF_000009045.1;GCF_000009785.1;GCF_000011245.1;GCF_000017885.4;GCF_005671335.1;GCF_006094295.1;GCF_034478925.1;GCF_034479305.1	1	1	GCF_006094295.1	-8.0		0
end	orthogroup_579	3	10	GCA_000015785.2;GCA_000025805.1;GCF_000009045.1;GCF_000009785.1;GCF_000011245.1;GCF_000017885.4;GCF_005671335.1;GCF_006094295.1;GCF_034478925.1;GCF_034479305.1	1	0				0
end	orthogroup_579	4	10	GCA_000015785.2;GCA_000025805.1;GCF_000009045.1;GCF_000009785.1;GCF_000011245.1;GCF_000017885.4;GCF_005671335.1;GCF_006094295.1;GCF_034478925.1;GCF_034479305.1	1	0				0
end	orthogroup_593	1	10	GCA_000015785.2;GCA_000025805.1;GCF_000009045.1;GCF_000009785.1;GCF_000011245.1;GCF_000017885.4;GCF_005671335.1;GCF_006094295.1;GCF_034478925.1;GCF_034479305.1	1	2	GCF_000011245.1;GCF_005671335.1	5.0	32.0	0
end	orthogroup_593	2	10	GCA_000015785.2;GCA_000025805.1;GCF_000009045.1;GCF_000009785.1;GCF_000011245.1;GCF_000017885.4;GCF_005671335.1;GCF_006094295.1;GCF_034478925.1;GCF_034479305.1	1	0				0
end	orthogroup_593	3	10	GCA_000015785.2;GCA_000025805.1;GCF_000009045.1;GCF_000009785.1;GCF_000011245.1;GCF_000017885.4;GCF_005671335.1;GCF_006094295.1;GCF_034478925.1;GCF_034479305.1	1	0				0
end	orthogroup_600	1	10	GCA_000015785.2;GCA_000025805.1;GCF_000009045.1;GCF_000009785.1;GCF_000011245.1;GCF_000017885.4;GCF_005671335.1;GCF_006094295.1;GCF_034478925.1;GCF_034479305.1	1	1	GCF_000017885.4	-20.0		0
end	orthogroup_600	2	10	GCA_000015785.2;GCA_000025805.1;GCF_000009045.1;GCF_000009785.1;GCF_000011245.1;GCF_000017885.4;GCF_005671335.1;GCF_006094295.1;GCF_034478925.1;GCF_034479305.1	1	1	GCF_000017885.4	7.0		0
end	orthogroup_600	3	10	GCA_000015785.2;GCA_000025805.1;GCF_000009045.1;GCF_000009785.1;GCF_000011245.1;GCF_000017885.4;GCF_005671335.1;GCF_006094295.1;GCF_034478925.1;GCF_034479305.1	1	1	GCA_000015785.2	13.0		0
end	orthogroup_600	4	10	GCA_000015785.2;GCA_000025805.1;GCF_000009045.1;GCF_000009785.1;GCF_000011245.1;GCF_000017885.4;GCF_005671335.1;GCF_006094295.1;GCF_034478925.1;GCF_034479305.1	1	0				0
end	orthogroup_600	5	10	GCA_000015785.2;GCA_000025805.1;GCF_000009045.1;GCF_000009785.1;GCF_000011245.1;GCF_000017885.4;GCF_005671335.1;GCF_006094295.1;GCF_034478925.1;GCF_034479305.1	1	1	GCF_000009785.1	-14.0		0
end	orthogroup_600	6	10	GCA_000015785.2;GCA_000025805.1;GCF_000009045.1;GCF_000009785.1;GCF_000011245.1;GCF_000017885.4;GCF_005671335.1;GCF_006094295.1;GCF_034478925.1;GCF_034479305.1	1	1	GCF_000009045.1	-13.0		0
end	orthogroup_600	7	10	GCA_000015785.2;GCA_000025805.1;GCF_000009045.1;GCF_000009785.1;GCF_000011245.1;GCF_000017885.4;GCF_005671335.1;GCF_006094295.1;GCF_034478925.1;GCF_034479305.1	1	0				0
end	orthogroup_600	8	10	GCA_000015785.2;GCA_000025805.1;GCF_000009045.1;GCF_000009785.1;GCF_000011245.1;GCF_000017885.4;GCF_005671335.1;GCF_006094295.1;GCF_034478925.1;GCF_034479305.1	1	0				0
end	orthogroup_600	9	10	GCA_000015785.2;GCA_000025805.1;GCF_000009045.1;GCF_000009785.1;GCF_000011245.1;GCF_000017885.4;GCF_005671335.1;GCF_006094295.1;GCF_034478925.1;GCF_034479305.1	1	0				0
end	orthogroup_600	10	10	GCA_000015785.2;GCA_000025805.1;GCF_000009045.1;GCF_000009785.1;GCF_000011245.1;GCF_000017885.4;GCF_005671335.1;GCF_006094295.1;GCF_034478925.1;GCF_034479305.1	1	0				0
end	orthogroup_600	11	10	GCA_000015785.2;GCA_000025805.1;GCF_000009045.1;GCF_000009785.1;GCF_000011245.1;GCF_000017885.4;GCF_005671335.1;GCF_006094295.1;GCF_034478925.1;GCF_034479305.1	1	0				0
end	orthogroup_600	12	10	GCA_000015785.2;GCA_000025805.1;GCF_000009045.1;GCF_000009785.1;GCF_000011245.1;GCF_000017885.4;GCF_005671335.1;GCF_006094295.1;GCF_034478925.1;GCF_034479305.1	1	0				0
end	orthogroup_617	1	10	GCA_000015785.2;GCA_000025805.1;GCF_000009045.1;GCF_000009785.1;GCF_000011245.1;GCF_000017885.4;GCF_005671335.1;GCF_006094295.1;GCF_034478925.1;GCF_034479305.1	1	1	GCF_000009045.1	-36.0		0
end	orthogroup_617	2	10	GCA_000015785.2;GCA_000025805.1;GCF_000009045.1;GCF_000009785.1;GCF_000011245.1;GCF_000017885.4;GCF_005671335.1;GCF_006094295.1;GCF_034478925.1;GCF_034479305.1	1	0				0
end	orthogroup_617	3	10	GCA_000015785.2;GCA_000025805.1;GCF_000009045.1;GCF_000009785.1;GCF_000011245.1;GCF_000017885.4;GCF_005671335.1;GCF_006094295.1;GCF_034478925.1;GCF_034479305.1	1	0				0
end	orthogroup_619	1	9	GCA_000015785.2;GCF_000009045.1;GCF_000009785.1;GCF_000011245.1;GCF_000017885.4;GCF_005671335.1;GCF_006094295.1;GCF_034478925.1;GCF_034479305.1	1	2	GCF_000017885.4;GCF_034479305.1	45.0	2738.0	0
end	orthogroup_619	2	9	GCA_000015785.2;GCF_000009045.1;GCF_000009785.1;GCF_000011245.1;GCF_000017885.4;GCF_005671335.1;GCF_006094295.1;GCF_034478925.1;GCF_034479305.1	1	1	GCF_005671335.1	-34.0		0
end	orthogroup_619	3	9	GCA_000015785.2;GCF_000009045.1;GCF_000009785.1;GCF_000011245.1;GCF_000017885.4;GCF_005671335.1;GCF_006094295.1;GCF_034478925.1;GCF_034479305.1	1	0				0
end	orthogroup_619	4	9	GCA_000015785.2;GCF_000009045.1;GCF_000009785.1;GCF_000011245.1;GCF_000017885.4;GCF_005671335.1;GCF_006094295.1;GCF_034478925.1;GCF_034479305.1	1	1	GCF_005671335.1	-3.0		0
end	orthogroup_619	5	9	GCA_000015785.2;GCF_000009045.1;GCF_000009785.1;GCF_000011245.1;GCF_000017885.4;GCF_005671335.1;GCF_006094295.1;GCF_034478925.1;GCF_034479305.1	1	0				0
end	orthogroup_619	6	9	GCA_000015785.2;GCF_000009045.1;GCF_000009785.1;GCF_000011245.1;GCF_000017885.4;GCF_005671335.1;GCF_006094295.1;GCF_034478925.1;GCF_034479305.1	1	0				0
end	orthogroup_619	7	9	GCA_000015785.2;GCF_000009045.1;GCF_000009785.1;GCF_000011245.1;GCF_000017885.4;GCF_005671335.1;GCF_006094295.1;GCF_034478925.1;GCF_034479305.1	1	0				0
end	orthogroup_619	8	9	GCA_000015785.2;GCF_000009045.1;GCF_000009785.1;GCF_000011245.1;GCF_000017885.4;GCF_005671335.1;GCF_006094295.1;GCF_034478925.1;GCF_034479305.1	1	1	GCF_000009045.1	239.0		0
end	orthogroup_636	1	10	GCA_000015785.2;GCA_000025805.1;GCF_000009045.1;GCF_000009785.1;GCF_000011245.1;GCF_000017885.4;GCF_005671335.1;GCF_006094295.1;GCF_034478925.1;GCF_034479305.1	1	1	GCF_005671335.1	-12.0		0
end	orthogroup_636	2	10	GCA_000015785.2;GCA_000025805.1;GCF_000009045.1;GCF_000009785.1;GCF_000011245.1;GCF_000017885.4;GCF_005671335.1;GCF_006094295.1;GCF_034478925.1;GCF_034479305.1	1	1	GCF_005671335.1	-4.0		0
end	orthogroup_636	3	10	GCA_000015785.2;GCA_000025805.1;GCF_000009045.1;GCF_000009785.1;GCF_000011245.1;GCF_000017885.4;GCF_005671335.1;GCF_006094295.1;GCF_034478925.1;GCF_034479305.1	1	1	GCF_034478925.1	27.0		0
end	orthogroup_636	4	10	GCA_000015785.2;GCA_000025805.1;GCF_000009045.1;GCF_000009785.1;GCF_000011245.1;GCF_000017885.4;GCF_005671335.1;GCF_006094295.1;GCF_034478925.1;GCF_034479305.1	1	2	GCF_000009785.1;GCF_005671335.1	-76.5	4.5	0
end	orthogroup_636	5	10	GCA_000015785.2;GCA_000025805.1;GCF_000009045.1;GCF_000009785.1;GCF_000011245.1;GCF_000017885.4;GCF_005671335.1;GCF_006094295.1;GCF_034478925.1;GCF_034479305.1	1	0				0
end	orthogroup_636	6	10	GCA_000015785.2;GCA_000025805.1;GCF_000009045.1;GCF_000009785.1;GCF_000011245.1;GCF_000017885.4;GCF_005671335.1;GCF_006094295.1;GCF_034478925.1;GCF_034479305.1	1	0				0
end	orthogroup_636	7	10	GCA_000015785.2;GCA_000025805.1;GCF_000009045.1;GCF_000009785.1;GCF_000011245.1;GCF_000017885.4;GCF_005671335.1;GCF_006094295.1;GCF_034478925.1;GCF_034479305.1	1	2	GCF_000009045.1;GCF_005671335.1	10.5	0.5	0
end	orthogroup_636	8	10	GCA_000015785.2;GCA_000025805.1;GCF_000009045.1;GCF_000009785.1;GCF_000011245.1;GCF_000017885.4;GCF_005671335.1;GCF_006094295.1;GCF_034478925.1;GCF_034479305.1	1	2	GCF_000009785.1;GCF_034478925.1	3.5	12.5	0
end	orthogroup_636	9	10	GCA_000015785.2;GCA_000025805.1;GCF_000009045.1;GCF_000009785.1;GCF_000011245.1;GCF_000017885.4;GCF_005671335.1;GCF_006094295.1;GCF_034478925.1;GCF_034479305.1	1	0				0
end	orthogroup_636	10	10	GCA_000015785.2;GCA_000025805.1;GCF_000009045.1;GCF_000009785.1;GCF_000011245.1;GCF_000017885.4;GCF_005671335.1;GCF_006094295.1;GCF_034478925.1;GCF_034479305.1	1	1	GCA_000025805.1	11.0		0
end	orthogroup_636	11	10	GCA_000015785.2;GCA_000025805.1;GCF_000009045.1;GCF_000009785.1;GCF_000011245.1;GCF_000017885.4;GCF_005671335.1;GCF_006094295.1;GCF_034478925.1;GCF_034479305.1	1	0				0
end	orthogroup_636	12	10	GCA_000015785.2;GCA_000025805.1;GCF_000009045.1;GCF_000009785.1;GCF_000011245.1;GCF_000017885.4;GCF_005671335.1;GCF_006094295.1;GCF_034478925.1;GCF_034479305.1	1	0				0
end	orthogroup_636	13	10	GCA_000015785.2;GCA_000025805.1;GCF_000009045.1;GCF_000009785.1;GCF_000011245.1;GCF_000017885.4;GCF_005671335.1;GCF_006094295.1;GCF_034478925.1;GCF_034479305.1	1	5	GCA_000015785.2;GCA_000025805.1;GCF_000009785.1;GCF_034478925.1;GCF_034479305.1	172.0	2270.5	1
end	orthogroup_657	1	10	GCA_000015785.2;GCA_000025805.1;GCF_000009045.1;GCF_000009785.1;GCF_000011245.1;GCF_000017885.4;GCF_005671335.1;GCF_006094295.1;GCF_034478925.1;GCF_034479305.1	1	1	GCF_006094295.1	-4.0		0
end	orthogroup_657	2	10	GCA_000015785.2;GCA_000025805.1;GCF_000009045.1;GCF_000009785.1;GCF_000011245.1;GCF_000017885.4;GCF_005671335.1;GCF_006094295.1;GCF_034478925.1;GCF_034479305.1	1	0				0
end	orthogroup_657	3	10	GCA_000015785.2;GCA_000025805.1;GCF_000009045.1;GCF_000009785.1;GCF_000011245.1;GCF_000017885.4;GCF_005671335.1;GCF_006094295.1;GCF_034478925.1;GCF_034479305.1	1	0				0
end	orthogroup_657	4	10	GCA_000015785.2;GCA_000025805.1;GCF_000009045.1;GCF_000009785.1;GCF_000011245.1;GCF_000017885.4;GCF_005671335.1;GCF_006094295.1;GCF_034478925.1;GCF_034479305.1	1	2	GCA_000015785.2;GCF_000017885.4	20.0	2.0	0
end	orthogroup_657	5	10	GCA_000015785.2;GCA_000025805.1;GCF_000009045.1;GCF_000009785.1;GCF_000011245.1;GCF_000017885.4;GCF_005671335.1;GCF_006094295.1;GCF_034478925.1;GCF_034479305.1	1	2	GCA_000015785.2;GCF_000011245.1	-1.0	128.0	0
end	orthogroup_657	6	10	GCA_000015785.2;GCA_000025805.1;GCF_000009045.1;GCF_000009785.1;GCF_000011245.1;GCF_000017885.4;GCF_005671335.1;GCF_006094295.1;GCF_034478925.1;GCF_034479305.1	1	0				0
end	orthogroup_657	7	10	GCA_000015785.2;GCA_000025805.1;GCF_000009045.1;GCF_000009785.1;GCF_000011245.1;GCF_000017885.4;GCF_005671335.1;GCF_006094295.1;GCF_034478925.1;GCF_034479305.1	1	1	GCA_000025805.1	5.0		0
end	orthogroup_657	8	10	GCA_000015785.2;GCA_000025805.1;GCF_000009045.1;GCF_000009785.1;GCF_000011245.1;GCF_000017885.4;GCF_005671335.1;GCF_006094295.1;GCF_034478925.1;GCF_034479305.1	1	1	GCF_005671335.1	-13.0		0
end	orthogroup_657	9	10	GCA_000015785.2;GCA_000025805.1;GCF_000009045.1;GCF_000009785.1;GCF_000011245.1;GCF_000017885.4;GCF_005671335.1;GCF_006094295.1;GCF_034478925.1;GCF_034479305.1	1	0				0
end	orthogroup_657	10	10	GCA_000015785.2;GCA_000025805.1;GCF_000009045.1;GCF_000009785.1;GCF_000011245.1;GCF_000017885.4;GCF_005671335.1;GCF_006094295.1;GCF_034478925.1;GCF_034479305.1	1	1	GCF_000011245.1	8.0		0
end	orthogroup_67	1	10	GCA_000015785.2;GCA_000025805.1;GCF_000009045.1;GCF_000009785.1;GCF_000011245.1;GCF_000017885.4;GCF_005671335.1;GCF_006094295.1;GCF_034478925.1;GCF_034479305.1	1	1	GCF_000017885.4	11.0		0
end	orthogroup_67	2	10	GCA_000015785.2;GCA_000025805.1;GCF_000009045.1;GCF_000009785.1;GCF_000011245.1;GCF_000017885.4;GCF_005671335.1;GCF_006094295.1;GCF_034478925.1;GCF_034479305.1	1	0				0
end	orthogroup_67	3	10	GCA_000015785.2;GCA_000025805.1;GCF_000009045.1;GCF_000009785.1;GCF_000011245.1;GCF_000017885.4;GCF_005671335.1;GCF_006094295.1;GCF_034478925.1;GCF_034479305.1	1	0				0
end	orthogroup_67	4	10	GCA_000015785.2;GCA_000025805.1;GCF_000009045.1;GCF_000009785.1;GCF_000011245.1;GCF_000017885.4;GCF_005671335.1;GCF_006094295.1;GCF_034478925.1;GCF_034479305.1	1	4	GCA_000015785.2;GCF_000009045.1;GCF_000009785.1;GCF_000017885.4	110.5	16987.583333333332	1
end	orthogroup_672	1	10	GCA_000015785.2;GCA_000025805.1;GCF_000009045.1;GCF_000009785.1;GCF_000011245.1;GCF_000017885.4;GCF_005671335.1;GCF_006094295.1;GCF_034478925.1;GCF_034479305.1	1	0				0
end	orthogroup_672	2	10	GCA_000015785.2;GCA_000025805.1;GCF_000009045.1;GCF_000009785.1;GCF_000011245.1;GCF_000017885.4;GCF_005671335.1;GCF_006094295.1;GCF_034478925.1;GCF_034479305.1	1	2	GCA_000015785.2;GCF_000009045.1	-9.0	18.0	0
end	orthogroup_672	3	10	GCA_000015785.2;GCA_000025805.1;GCF_000009045.1;GCF_000009785.1;GCF_000011245.1;GCF_000017885.4;GCF_005671335.1;GCF_006094295.1;GCF_034478925.1;GCF_034479305.1	1	1	GCF_000011245.1	8.0		0
end	orthogroup_672	4	10	GCA_000015785.2;GCA_000025805.1;GCF_000009045.1;GCF_000009785.1;GCF_000011245.1;GCF_000017885.4;GCF_005671335.1;GCF_006094295.1;GCF_034478925.1;GCF_034479305.1	1	1	GCF_000009045.1	-5.0		0
end	orthogroup_672	5	10	GCA_000015785.2;GCA_000025805.1;GCF_000009045.1;GCF_000009785.1;GCF_000011245.1;GCF_000017885.4;GCF_005671335.1;GCF_006094295.1;GCF_034478925.1;GCF_034479305.1	1	1	GCF_006094295.1	-9.0		0
end	orthogroup_672	6	10	GCA_000015785.2;GCA_000025805.1;GCF_000009045.1;GCF_000009785.1;GCF_000011245.1;GCF_000017885.4;GCF_005671335.1;GCF_006094295.1;GCF_034478925.1;GCF_034479305.1	1	1	GCF_000009785.1	-6.0		0
end	orthogroup_672	7	10	GCA_000015785.2;GCA_000025805.1;GCF_000009045.1;GCF_000009785.1;GCF_000011245.1;GCF_000017885.4;GCF_005671335.1;GCF_006094295.1;GCF_034478925.1;GCF_034479305.1	1	1	GCF_000011245.1	-16.0		0
end	orthogroup_672	8	10	GCA_000015785.2;GCA_000025805.1;GCF_000009045.1;GCF_000009785.1;GCF_000011245.1;GCF_000017885.4;GCF_005671335.1;GCF_006094295.1;GCF_034478925.1;GCF_034479305.1	1	2	GCF_000017885.4;GCF_006094295.1	-8.0	32.0	0
end	orthogroup_672	9	10	GCA_000015785.2;GCA_000025805.1;GCF_000009045.1;GCF_000009785.1;GCF_000011245.1;GCF_000017885.4;GCF_005671335.1;GCF_006094295.1;GCF_034478925.1;GCF_034479305.1	1	0				0
end	orthogroup_672	10	10	GCA_000015785.2;GCA_000025805.1;GCF_000009045.1;GCF_000009785.1;GCF_000011245.1;GCF_000017885.4;GCF_005671335.1;GCF_006094295.1;GCF_034478925.1;GCF_034479305.1	1	0				0
end	orthogroup_672	11	10	GCA_000015785.2;GCA_000025805.1;GCF_000009045.1;GCF_000009785.1;GCF_000011245.1;GCF_000017885.4;GCF_005671335.1;GCF_006094295.1;GCF_034478925.1;GCF_034479305.1	1	1	GCF_000009785.1	2.0		0
end	orthogroup_672	12	10	GCA_000015785.2;GCA_000025805.1;GCF_000009045.1;GCF_000009785.1;GCF_000011245.1;GCF_000017885.4;GCF_005671335.1;GCF_006094295.1;GCF_034478925.1;GCF_034479305.1	1	0				0
end	orthogroup_672	13	10	GCA_000015785.2;GCA_000025805.1;GCF_000009045.1;GCF_000009785.1;GCF_000011245.1;GCF_000017885.4;GCF_005671335.1;GCF_006094295.1;GCF_034478925.1;GCF_034479305.1	1	0				0
end	orthogroup_672	14	10	GCA_000015785.2;GCA_000025805.1;GCF_000009045.1;GCF_000009785.1;GCF_000011245.1;GCF_000017885.4;GCF_005671335.1;GCF_006094295.1;GCF_034478925.1;GCF_034479305.1	1	1	GCF_000011245.1	-2.0		0
end	orthogroup_673	1	10	GCA_000015785.2;GCA_000025805.1;GCF_000009045.1;GCF_000009785.1;GCF_000011245.1;GCF_000017885.4;GCF_005671335.1;GCF_006094295.1;GCF_034478925.1;GCF_034479305.1	1	0				0
end	orthogroup_673	2	10	GCA_000015785.2;GCA_000025805.1;GCF_000009045.1;GCF_000009785.1;GCF_000011245.1;GCF_000017885.4;GCF_005671335.1;GCF_006094295.1;GCF_034478925.1;GCF_034479305.1	1	0				0
end	orthogroup_673	3	10	GCA_000015785.2;GCA_000025805.1;GCF_000009045.1;GCF_000009785.1;GCF_000011245.1;GCF_000017885.4;GCF_005671335.1;GCF_006094295.1;GCF_034478925.1;GCF_034479305.1	1	0				0
end	orthogroup_673	4	10	GCA_000015785.2;GCA_000025805.1;GCF_000009045.1;GCF_000009785.1;GCF_000011245.1;GCF_000017885.4;GCF_005671335.1;GCF_006094295.1;GCF_034478925.1;GCF_034479305.1	1	0				0
end	orthogroup_684	1	10	GCA_000015785.2;GCA_000025805.1;GCF_000009045.1;GCF_000009785.1;GCF_000011245.1;GCF_000017885.4;GCF_005671335.1;GCF_006094295.1;GCF_034478925.1;GCF_034479305.1	1	0				0
end	orthogroup_684	2	10	GCA_000015785.2;GCA_000025805.1;GCF_000009045.1;GCF_000009785.1;GCF_000011245.1;GCF_000017885.4;GCF_005671335.1;GCF_006094295.1;GCF_034478925.1;GCF_034479305.1	1	0				0
end	orthogroup_684	3	10	GCA_000015785.2;GCA_000025805.1;GCF_000009045.1;GCF_000009785.1;GCF_000011245.1;GCF_000017885.4;GCF_005671335.1;GCF_006094295.1;GCF_034478925.1;GCF_034479305.1	1	1	GCF_000009045.1	17.0		0
end	orthogroup_684	4	10	GCA_000015785.2;GCA_000025805.1;GCF_000009045.1;GCF_000009785.1;GCF_000011245.1;GCF_000017885.4;GCF_005671335.1;GCF_006094295.1;GCF_034478925.1;GCF_034479305.1	1	0				0
end	orthogroup_684	5	10	GCA_000015785.2;GCA_000025805.1;GCF_000009045.1;GCF_000009785.1;GCF_000011245.1;GCF_000017885.4;GCF_005671335.1;GCF_006094295.1;GCF_034478925.1;GCF_034479305.1	1	0				0
end	orthogroup_684	6	10	GCA_000015785.2;GCA_000025805.1;GCF_000009045.1;GCF_000009785.1;GCF_000011245.1;GCF_000017885.4;GCF_005671335.1;GCF_006094295.1;GCF_034478925.1;GCF_034479305.1	1	2	GCF_000017885.4;GCF_034479305.1	42.75	3160.125	0
end	orthogroup_688	1	10	GCA_000015785.2;GCA_000025805.1;GCF_000009045.1;GCF_000009785.1;GCF_000011245.1;GCF_000017885.4;GCF_005671335.1;GCF_006094295.1;GCF_034478925.1;GCF_034479305.1	1	0				0
end	orthogroup_688	2	10	GCA_000015785.2;GCA_000025805.1;GCF_000009045.1;GCF_000009785.1;GCF_000011245.1;GCF_000017885.4;GCF_005671335.1;GCF_006094295.1;GCF_034478925.1;GCF_034479305.1	1	0				0
end	orthogroup_688	3	10	GCA_000015785.2;GCA_000025805.1;GCF_000009045.1;GCF_000009785.1;GCF_000011245.1;GCF_000017885.4;GCF_005671335.1;GCF_006094295.1;GCF_034478925.1;GCF_034479305.1	1	0				0
end	orthogroup_688	4	10	GCA_000015785.2;GCA_000025805.1;GCF_000009045.1;GCF_000009785.1;GCF_000011245.1;GCF_000017885.4;GCF_005671335.1;GCF_006094295.1;GCF_034478925.1;GCF_034479305.1	1	0				0
end	orthogroup_688	5	10	GCA_000015785.2;GCA_000025805.1;GCF_000009045.1;GCF_000009785.1;GCF_000011245.1;GCF_000017885.4;GCF_005671335.1;GCF_006094295.1;GCF_034478925.1;GCF_034479305.1	1	0				0
end	orthogroup_688	6	10	GCA_000015785.2;GCA_000025805.1;GCF_000009045.1;GCF_000009785.1;GCF_000011245.1;GCF_000017885.4;GCF_005671335.1;GCF_006094295.1;GCF_034478925.1;GCF_034479305.1	1	1	GCF_000009045.1	7.0		0
end	orthogroup_692	1	10	GCA_000015785.2;GCA_000025805.1;GCF_000009045.1;GCF_000009785.1;GCF_000011245.1;GCF_000017885.4;GCF_005671335.1;GCF_006094295.1;GCF_034478925.1;GCF_034479305.1	1	3	GCF_000017885.4;GCF_005671335.1;GCF_006094295.1	24.0	656.0833333333334	1
end	orthogroup_692	2	10	GCA_000015785.2;GCA_000025805.1;GCF_000009045.1;GCF_000009785.1;GCF_000011245.1;GCF_000017885.4;GCF_005671335.1;GCF_006094295.1;GCF_034478925.1;GCF_034479305.1	1	3	GCA_000025805.1;GCF_000009785.1;GCF_034478925.1	-7.5	151.75	1
end	orthogroup_692	3	10	GCA_000015785.2;GCA_000025805.1;GCF_000009045.1;GCF_000009785.1;GCF_000011245.1;GCF_000017885.4;GCF_005671335.1;GCF_006094295.1;GCF_034478925.1;GCF_034479305.1	1	0				0
end	orthogroup_692	4	10	GCA_000015785.2;GCA_000025805.1;GCF_000009045.1;GCF_000009785.1;GCF_000011245.1;GCF_000017885.4;GCF_005671335.1;GCF_006094295.1;GCF_034478925.1;GCF_034479305.1	1	0				0
end	orthogroup_692	5	10	GCA_000015785.2;GCA_000025805.1;GCF_000009045.1;GCF_000009785.1;GCF_000011245.1;GCF_000017885.4;GCF_005671335.1;GCF_006094295.1;GCF_034478925.1;GCF_034479305.1	1	0				0
end	orthogroup_692	6	10	GCA_000015785.2;GCA_000025805.1;GCF_000009045.1;GCF_000009785.1;GCF_000011245.1;GCF_000017885.4;GCF_005671335.1;GCF_006094295.1;GCF_034478925.1;GCF_034479305.1	1	0				0
end	orthogroup_692	7	10	GCA_000015785.2;GCA_000025805.1;GCF_000009045.1;GCF_000009785.1;GCF_000011245.1;GCF_000017885.4;GCF_005671335.1;GCF_006094295.1;GCF_034478925.1;GCF_034479305.1	1	0				0
end	orthogroup_692	8	10	GCA_000015785.2;GCA_000025805.1;GCF_000009045.1;GCF_000009785.1;GCF_000011245.1;GCF_000017885.4;GCF_005671335.1;GCF_006094295.1;GCF_034478925.1;GCF_034479305.1	1	0				0
end	orthogroup_700	1	10	GCA_000015785.2;GCA_000025805.1;GCF_000009045.1;GCF_000009785.1;GCF_000011245.1;GCF_000017885.4;GCF_005671335.1;GCF_006094295.1;GCF_034478925.1;GCF_034479305.1	1	0				0
end	orthogroup_700	2	10	GCA_000015785.2;GCA_000025805.1;GCF_000009045.1;GCF_000009785.1;GCF_000011245.1;GCF_000017885.4;GCF_005671335.1;GCF_006094295.1;GCF_034478925.1;GCF_034479305.1	1	1	GCF_006094295.1	-6.0		0
end	orthogroup_700	3	10	GCA_000015785.2;GCA_000025805.1;GCF_000009045.1;GCF_000009785.1;GCF_000011245.1;GCF_000017885.4;GCF_005671335.1;GCF_006094295.1;GCF_034478925.1;GCF_034479305.1	1	0				0
end	orthogroup_700	4	10	GCA_000015785.2;GCA_000025805.1;GCF_000009045.1;GCF_000009785.1;GCF_000011245.1;GCF_000017885.4;GCF_005671335.1;GCF_006094295.1;GCF_034478925.1;GCF_034479305.1	1	0				0
end	orthogroup_700	5	10	GCA_000015785.2;GCA_000025805.1;GCF_000009045.1;GCF_000009785.1;GCF_000011245.1;GCF_000017885.4;GCF_005671335.1;GCF_006094295.1;GCF_034478925.1;GCF_034479305.1	1	1	GCF_034478925.1	10.0		0
end	orthogroup_700	6	10	GCA_000015785.2;GCA_000025805.1;GCF_000009045.1;GCF_000009785.1;GCF_000011245.1;GCF_000017885.4;GCF_005671335.1;GCF_006094295.1;GCF_034478925.1;GCF_034479305.1	1	0				0
end	orthogroup_700	7	10	GCA_000015785.2;GCA_000025805.1;GCF_000009045.1;GCF_000009785.1;GCF_000011245.1;GCF_000017885.4;GCF_005671335.1;GCF_006094295.1;GCF_034478925.1;GCF_034479305.1	1	0				0
end	orthogroup_700	8	10	GCA_000015785.2;GCA_000025805.1;GCF_000009045.1;GCF_000009785.1;GCF_000011245.1;GCF_000017885.4;GCF_005671335.1;GCF_006094295.1;GCF_034478925.1;GCF_034479305.1	1	1	GCF_005671335.1	-6.0		0
end	orthogroup_722	1	10	GCA_000015785.2;GCA_000025805.1;GCF_000009045.1;GCF_000009785.1;GCF_000011245.1;GCF_000017885.4;GCF_005671335.1;GCF_006094295.1;GCF_034478925.1;GCF_034479305.1	1	0				0
end	orthogroup_722	2	10	GCA_000015785.2;GCA_000025805.1;GCF_000009045.1;GCF_000009785.1;GCF_000011245.1;GCF_000017885.4;GCF_005671335.1;GCF_006094295.1;GCF_034478925.1;GCF_034479305.1	1	0				0
end	orthogroup_722	3	10	GCA_000015785.2;GCA_000025805.1;GCF_000009045.1;GCF_000009785.1;GCF_000011245.1;GCF_000017885.4;GCF_005671335.1;GCF_006094295.1;GCF_034478925.1;GCF_034479305.1	1	0				0
end	orthogroup_722	4	10	GCA_000015785.2;GCA_000025805.1;GCF_000009045.1;GCF_000009785.1;GCF_000011245.1;GCF_000017885.4;GCF_005671335.1;GCF_006094295.1;GCF_034478925.1;GCF_034479305.1	1	0				0
end	orthogroup_722	5	10	GCA_000015785.2;GCA_000025805.1;GCF_000009045.1;GCF_000009785.1;GCF_000011245.1;GCF_000017885.4;GCF_005671335.1;GCF_006094295.1;GCF_034478925.1;GCF_034479305.1	1	0				0
end	orthogroup_732	1	10	GCA_000015785.2;GCA_000025805.1;GCF_000009045.1;GCF_000009785.1;GCF_000011245.1;GCF_000017885.4;GCF_005671335.1;GCF_006094295.1;GCF_034478925.1;GCF_034479305.1	1	0				0
end	orthogroup_732	2	10	GCA_000015785.2;GCA_000025805.1;GCF_000009045.1;GCF_000009785.1;GCF_000011245.1;GCF_000017885.4;GCF_005671335.1;GCF_006094295.1;GCF_034478925.1;GCF_034479305.1	1	1	GCF_000011245.1	-4.0		0
end	orthogroup_732	3	10	GCA_000015785.2;GCA_000025805.1;GCF_000009045.1;GCF_000009785.1;GCF_000011245.1;GCF_000017885.4;GCF_005671335.1;GCF_006094295.1;GCF_034478925.1;GCF_034479305.1	1	0				0
end	orthogroup_732	4	10	GCA_000015785.2;GCA_000025805.1;GCF_000009045.1;GCF_000009785.1;GCF_000011245.1;GCF_000017885.4;GCF_005671335.1;GCF_006094295.1;GCF_034478925.1;GCF_034479305.1	1	0				0
end	orthogroup_738	2	8	GCA_000015785.2;GCA_000025805.1;GCF_000009045.1;GCF_000011245.1;GCF_000017885.4;GCF_005671335.1;GCF_034478925.1;GCF_034479305.1	1	0				0
end	orthogroup_738	3	8	GCA_000015785.2;GCA_000025805.1;GCF_000009045.1;GCF_000011245.1;GCF_000017885.4;GCF_005671335.1;GCF_034478925.1;GCF_034479305.1	1	0				0
end	orthogroup_738	4	8	GCA_000015785.2;GCA_000025805.1;GCF_000009045.1;GCF_000011245.1;GCF_000017885.4;GCF_005671335.1;GCF_034478925.1;GCF_034479305.1	1	0				0
end	orthogroup_738	5	8	GCA_000015785.2;GCA_000025805.1;GCF_000009045.1;GCF_000011245.1;GCF_000017885.4;GCF_005671335.1;GCF_034478925.1;GCF_034479305.1	1	0				0
end	orthogroup_738	6	8	GCA_000015785.2;GCA_000025805.1;GCF_000009045.1;GCF_000011245.1;GCF_000017885.4;GCF_005671335.1;GCF_034478925.1;GCF_034479305.1	1	0				0
end	orthogroup_738	7	8	GCA_000015785.2;GCA_000025805.1;GCF_000009045.1;GCF_000011245.1;GCF_000017885.4;GCF_005671335.1;GCF_034478925.1;GCF_034479305.1	1	0				0
end	orthogroup_738	8	8	GCA_000015785.2;GCA_000025805.1;GCF_000009045.1;GCF_000011245.1;GCF_000017885.4;GCF_005671335.1;GCF_034478925.1;GCF_034479305.1	1	0				0
end	orthogroup_738	9	8	GCA_000015785.2;GCA_000025805.1;GCF_000009045.1;GCF_000011245.1;GCF_000017885.4;GCF_005671335.1;GCF_034478925.1;GCF_034479305.1	1	0				0
end	orthogroup_738	10	8	GCA_000015785.2;GCA_000025805.1;GCF_000009045.1;GCF_000011245.1;GCF_000017885.4;GCF_005671335.1;GCF_034478925.1;GCF_034479305.1	1	0				0
end	orthogroup_738	11	8	GCA_000015785.2;GCA_000025805.1;GCF_000009045.1;GCF_000011245.1;GCF_000017885.4;GCF_005671335.1;GCF_034478925.1;GCF_034479305.1	1	1	GCF_000017885.4	20.0		0
end	orthogroup_738	12	8	GCA_000015785.2;GCA_000025805.1;GCF_000009045.1;GCF_000011245.1;GCF_000017885.4;GCF_005671335.1;GCF_034478925.1;GCF_034479305.1	1	0				0
end	orthogroup_738	13	8	GCA_000015785.2;GCA_000025805.1;GCF_000009045.1;GCF_000011245.1;GCF_000017885.4;GCF_005671335.1;GCF_034478925.1;GCF_034479305.1	1	0				0
end	orthogroup_738	14	8	GCA_000015785.2;GCA_000025805.1;GCF_000009045.1;GCF_000011245.1;GCF_000017885.4;GCF_005671335.1;GCF_034478925.1;GCF_034479305.1	1	1	GCF_005671335.1	-4.0		0
end	orthogroup_738	16	8	GCA_000015785.2;GCA_000025805.1;GCF_000009045.1;GCF_000011245.1;GCF_000017885.4;GCF_005671335.1;GCF_034478925.1;GCF_034479305.1	1	0				0
end	orthogroup_749	1	10	GCA_000015785.2;GCA_000025805.1;GCF_000009045.1;GCF_000009785.1;GCF_000011245.1;GCF_000017885.4;GCF_005671335.1;GCF_006094295.1;GCF_034478925.1;GCF_034479305.1	1	0				0
end	orthogroup_749	2	10	GCA_000015785.2;GCA_000025805.1;GCF_000009045.1;GCF_000009785.1;GCF_000011245.1;GCF_000017885.4;GCF_005671335.1;GCF_006094295.1;GCF_034478925.1;GCF_034479305.1	1	1	GCF_000011245.1	-9.0		0
end	orthogroup_749	3	10	GCA_000015785.2;GCA_000025805.1;GCF_000009045.1;GCF_000009785.1;GCF_000011245.1;GCF_000017885.4;GCF_005671335.1;GCF_006094295.1;GCF_034478925.1;GCF_034479305.1	1	1	GCF_006094295.1	24.0		0
end	orthogroup_749	4	10	GCA_000015785.2;GCA_000025805.1;GCF_000009045.1;GCF_000009785.1;GCF_000011245.1;GCF_000017885.4;GCF_005671335.1;GCF_006094295.1;GCF_034478925.1;GCF_034479305.1	1	0				0
end	orthogroup_749	5	10	GCA_000015785.2;GCA_000025805.1;GCF_000009045.1;GCF_000009785.1;GCF_000011245.1;GCF_000017885.4;GCF_005671335.1;GCF_006094295.1;GCF_034478925.1;GCF_034479305.1	1	0				0
end	orthogroup_749	6	10	GCA_000015785.2;GCA_000025805.1;GCF_000009045.1;GCF_000009785.1;GCF_000011245.1;GCF_000017885.4;GCF_005671335.1;GCF_006094295.1;GCF_034478925.1;GCF_034479305.1	1	1	GCF_034478925.1	-9.0		0
end	orthogroup_757	1	10	GCA_000015785.2;GCA_000025805.1;GCF_000009045.1;GCF_000009785.1;GCF_000011245.1;GCF_000017885.4;GCF_005671335.1;GCF_006094295.1;GCF_034478925.1;GCF_034479305.1	1	0				0
end	orthogroup_757	2	10	GCA_000015785.2;GCA_000025805.1;GCF_000009045.1;GCF_000009785.1;GCF_000011245.1;GCF_000017885.4;GCF_005671335.1;GCF_006094295.1;GCF_034478925.1;GCF_034479305.1	1	1	GCF_000009045.1	6.0		0
end	orthogroup_757	3	10	GCA_000015785.2;GCA_000025805.1;GCF_000009045.1;GCF_000009785.1;GCF_000011245.1;GCF_000017885.4;GCF_005671335.1;GCF_006094295.1;GCF_034478925.1;GCF_034479305.1	1	0				0
end	orthogroup_757	4	10	GCA_000015785.2;GCA_000025805.1;GCF_000009045.1;GCF_000009785.1;GCF_000011245.1;GCF_000017885.4;GCF_005671335.1;GCF_006094295.1;GCF_034478925.1;GCF_034479305.1	1	1	GCF_034479305.1	24.0		0
end	orthogroup_757	5	10	GCA_000015785.2;GCA_000025805.1;GCF_000009045.1;GCF_000009785.1;GCF_000011245.1;GCF_000017885.4;GCF_005671335.1;GCF_006094295.1;GCF_034478925.1;GCF_034479305.1	1	0				0
end	orthogroup_757	6	10	GCA_000015785.2;GCA_000025805.1;GCF_000009045.1;GCF_000009785.1;GCF_000011245.1;GCF_000017885.4;GCF_005671335.1;GCF_006094295.1;GCF_034478925.1;GCF_034479305.1	1	0				0
end	orthogroup_757	7	10	GCA_000015785.2;GCA_000025805.1;GCF_000009045.1;GCF_000009785.1;GCF_000011245.1;GCF_000017885.4;GCF_005671335.1;GCF_006094295.1;GCF_034478925.1;GCF_034479305.1	1	0				0
end	orthogroup_757	8	10	GCA_000015785.2;GCA_000025805.1;GCF_000009045.1;GCF_000009785.1;GCF_000011245.1;GCF_000017885.4;GCF_005671335.1;GCF_006094295.1;GCF_034478925.1;GCF_034479305.1	1	1	GCF_000009045.1	3.0		0
end	orthogroup_757	9	10	GCA_000015785.2;GCA_000025805.1;GCF_000009045.1;GCF_000009785.1;GCF_000011245.1;GCF_000017885.4;GCF_005671335.1;GCF_006094295.1;GCF_034478925.1;GCF_034479305.1	1	1	GCF_005671335.1	-1.5		0
end	orthogroup_757	10	10	GCA_000015785.2;GCA_000025805.1;GCF_000009045.1;GCF_000009785.1;GCF_000011245.1;GCF_000017885.4;GCF_005671335.1;GCF_006094295.1;GCF_034478925.1;GCF_034479305.1	1	0				0
end	orthogroup_764	1	10	GCA_000015785.2;GCA_000025805.1;GCF_000009045.1;GCF_000009785.1;GCF_000011245.1;GCF_000017885.4;GCF_005671335.1;GCF_006094295.1;GCF_034478925.1;GCF_034479305.1	1	0				0
end	orthogroup_764	2	10	GCA_000015785.2;GCA_000025805.1;GCF_000009045.1;GCF_000009785.1;GCF_000011245.1;GCF_000017885.4;GCF_005671335.1;GCF_006094295.1;GCF_034478925.1;GCF_034479305.1	1	1	GCF_005671335.1	3.0		0
end	orthogroup_764	3	10	GCA_000015785.2;GCA_000025805.1;GCF_000009045.1;GCF_000009785.1;GCF_000011245.1;GCF_000017885.4;GCF_005671335.1;GCF_006094295.1;GCF_034478925.1;GCF_034479305.1	1	0				0
end	orthogroup_767	1	10	GCA_000015785.2;GCA_000025805.1;GCF_000009045.1;GCF_000009785.1;GCF_000011245.1;GCF_000017885.4;GCF_005671335.1;GCF_006094295.1;GCF_034478925.1;GCF_034479305.1	1	0				0
end	orthogroup_767	2	10	GCA_000015785.2;GCA_000025805.1;GCF_000009045.1;GCF_000009785.1;GCF_000011245.1;GCF_000017885.4;GCF_005671335.1;GCF_006094295.1;GCF_034478925.1;GCF_034479305.1	1	0				0
end	orthogroup_767	3	10	GCA_000015785.2;GCA_000025805.1;GCF_000009045.1;GCF_000009785.1;GCF_000011245.1;GCF_000017885.4;GCF_005671335.1;GCF_006094295.1;GCF_034478925.1;GCF_034479305.1	1	0				0
end	orthogroup_795	1	10	GCA_000015785.2;GCA_000025805.1;GCF_000009045.1;GCF_000009785.1;GCF_000011245.1;GCF_000017885.4;GCF_005671335.1;GCF_006094295.1;GCF_034478925.1;GCF_034479305.1	1	0				0
end	orthogroup_795	2	10	GCA_000015785.2;GCA_000025805.1;GCF_000009045.1;GCF_000009785.1;GCF_000011245.1;GCF_000017885.4;GCF_005671335.1;GCF_006094295.1;GCF_034478925.1;GCF_034479305.1	1	0				0
end	orthogroup_795	3	10	GCA_000015785.2;GCA_000025805.1;GCF_000009045.1;GCF_000009785.1;GCF_000011245.1;GCF_000017885.4;GCF_005671335.1;GCF_006094295.1;GCF_034478925.1;GCF_034479305.1	1	0				0
end	orthogroup_795	4	10	GCA_000015785.2;GCA_000025805.1;GCF_000009045.1;GCF_000009785.1;GCF_000011245.1;GCF_000017885.4;GCF_005671335.1;GCF_006094295.1;GCF_034478925.1;GCF_034479305.1	1	0				0
end	orthogroup_795	5	10	GCA_000015785.2;GCA_000025805.1;GCF_000009045.1;GCF_000009785.1;GCF_000011245.1;GCF_000017885.4;GCF_005671335.1;GCF_006094295.1;GCF_034478925.1;GCF_034479305.1	1	0				0
end	orthogroup_795	6	10	GCA_000015785.2;GCA_000025805.1;GCF_000009045.1;GCF_000009785.1;GCF_000011245.1;GCF_000017885.4;GCF_005671335.1;GCF_006094295.1;GCF_034478925.1;GCF_034479305.1	1	0				0
end	orthogroup_795	7	10	GCA_000015785.2;GCA_000025805.1;GCF_000009045.1;GCF_000009785.1;GCF_000011245.1;GCF_000017885.4;GCF_005671335.1;GCF_006094295.1;GCF_034478925.1;GCF_034479305.1	1	0				0
end	orthogroup_795	8	10	GCA_000015785.2;GCA_000025805.1;GCF_000009045.1;GCF_000009785.1;GCF_000011245.1;GCF_000017885.4;GCF_005671335.1;GCF_006094295.1;GCF_034478925.1;GCF_034479305.1	1	1	GCF_000017885.4	13.5		0
end	orthogroup_795	9	10	GCA_000015785.2;GCA_000025805.1;GCF_000009045.1;GCF_000009785.1;GCF_000011245.1;GCF_000017885.4;GCF_005671335.1;GCF_006094295.1;GCF_034478925.1;GCF_034479305.1	1	0				0
end	orthogroup_795	10	10	GCA_000015785.2;GCA_000025805.1;GCF_000009045.1;GCF_000009785.1;GCF_000011245.1;GCF_000017885.4;GCF_005671335.1;GCF_006094295.1;GCF_034478925.1;GCF_034479305.1	1	0				0
end	orthogroup_795	11	10	GCA_000015785.2;GCA_000025805.1;GCF_000009045.1;GCF_000009785.1;GCF_000011245.1;GCF_000017885.4;GCF_005671335.1;GCF_006094295.1;GCF_034478925.1;GCF_034479305.1	1	0				0
end	orthogroup_795	12	10	GCA_000015785.2;GCA_000025805.1;GCF_000009045.1;GCF_000009785.1;GCF_000011245.1;GCF_000017885.4;GCF_005671335.1;GCF_006094295.1;GCF_034478925.1;GCF_034479305.1	1	0				0
end	orthogroup_795	13	10	GCA_000015785.2;GCA_000025805.1;GCF_000009045.1;GCF_000009785.1;GCF_000011245.1;GCF_000017885.4;GCF_005671335.1;GCF_006094295.1;GCF_034478925.1;GCF_034479305.1	1	0				0
end	orthogroup_795	14	10	GCA_000015785.2;GCA_000025805.1;GCF_000009045.1;GCF_000009785.1;GCF_000011245.1;GCF_000017885.4;GCF_005671335.1;GCF_006094295.1;GCF_034478925.1;GCF_034479305.1	1	1	GCF_000011245.1	-4.5		0
end	orthogroup_812	1	10	GCA_000015785.2;GCA_000025805.1;GCF_000009045.1;GCF_000009785.1;GCF_000011245.1;GCF_000017885.4;GCF_005671335.1;GCF_006094295.1;GCF_034478925.1;GCF_034479305.1	1	0				0
end	orthogroup_812	2	10	GCA_000015785.2;GCA_000025805.1;GCF_000009045.1;GCF_000009785.1;GCF_000011245.1;GCF_000017885.4;GCF_005671335.1;GCF_006094295.1;GCF_034478925.1;GCF_034479305.1	1	0				0
end	orthogroup_812	3	10	GCA_000015785.2;GCA_000025805.1;GCF_000009045.1;GCF_000009785.1;GCF_000011245.1;GCF_000017885.4;GCF_005671335.1;GCF_006094295.1;GCF_034478925.1;GCF_034479305.1	1	0				0
end	orthogroup_812	4	10	GCA_000015785.2;GCA_000025805.1;GCF_000009045.1;GCF_000009785.1;GCF_000011245.1;GCF_000017885.4;GCF_005671335.1;GCF_006094295.1;GCF_034478925.1;GCF_034479305.1	1	0				0
end	orthogroup_812	5	10	GCA_000015785.2;GCA_000025805.1;GCF_000009045.1;GCF_000009785.1;GCF_000011245.1;GCF_000017885.4;GCF_005671335.1;GCF_006094295.1;GCF_034478925.1;GCF_034479305.1	1	0				0
end	orthogroup_812	6	10	GCA_000015785.2;GCA_000025805.1;GCF_000009045.1;GCF_000009785.1;GCF_000011245.1;GCF_000017885.4;GCF_005671335.1;GCF_006094295.1;GCF_034478925.1;GCF_034479305.1	1	0				0
end	orthogroup_812	7	10	GCA_000015785.2;GCA_000025805.1;GCF_000009045.1;GCF_000009785.1;GCF_000011245.1;GCF_000017885.4;GCF_005671335.1;GCF_006094295.1;GCF_034478925.1;GCF_034479305.1	1	0				0
end	orthogroup_812	8	10	GCA_000015785.2;GCA_000025805.1;GCF_000009045.1;GCF_000009785.1;GCF_000011245.1;GCF_000017885.4;GCF_005671335.1;GCF_006094295.1;GCF_034478925.1;GCF_034479305.1	1	0				0
end	orthogroup_812	9	10	GCA_000015785.2;GCA_000025805.1;GCF_000009045.1;GCF_000009785.1;GCF_000011245.1;GCF_000017885.4;GCF_005671335.1;GCF_006094295.1;GCF_034478925.1;GCF_034479305.1	1	1	GCA_000025805.1	-11.0		0
end	orthogroup_812	10	10	GCA_000015785.2;GCA_000025805.1;GCF_000009045.1;GCF_000009785.1;GCF_000011245.1;GCF_000017885.4;GCF_005671335.1;GCF_006094295.1;GCF_034478925.1;GCF_034479305.1	1	1	GCF_034478925.1	10.0		0
end	orthogroup_812	11	10	GCA_000015785.2;GCA_000025805.1;GCF_000009045.1;GCF_000009785.1;GCF_000011245.1;GCF_000017885.4;GCF_005671335.1;GCF_006094295.1;GCF_034478925.1;GCF_034479305.1	1	0				0
end	orthogroup_812	12	10	GCA_000015785.2;GCA_000025805.1;GCF_000009045.1;GCF_000009785.1;GCF_000011245.1;GCF_000017885.4;GCF_005671335.1;GCF_006094295.1;GCF_034478925.1;GCF_034479305.1	1	1	GCF_000009785.1	-10.0		0
end	orthogroup_816	1	10	GCA_000015785.2;GCA_000025805.1;GCF_000009045.1;GCF_000009785.1;GCF_000011245.1;GCF_000017885.4;GCF_005671335.1;GCF_006094295.1;GCF_034478925.1;GCF_034479305.1	1	1	GCA_000025805.1	-16.0		0
end	orthogroup_816	2	10	GCA_000015785.2;GCA_000025805.1;GCF_000009045.1;GCF_000009785.1;GCF_000011245.1;GCF_000017885.4;GCF_005671335.1;GCF_006094295.1;GCF_034478925.1;GCF_034479305.1	1	0				0
end	orthogroup_816	3	10	GCA_000015785.2;GCA_000025805.1;GCF_000009045.1;GCF_000009785.1;GCF_000011245.1;GCF_000017885.4;GCF_005671335.1;GCF_006094295.1;GCF_034478925.1;GCF_034479305.1	1	0				0
end	orthogroup_840	1	10	GCA_000015785.2;GCA_000025805.1;GCF_000009045.1;GCF_000009785.1;GCF_000011245.1;GCF_000017885.4;GCF_005671335.1;GCF_006094295.1;GCF_034478925.1;GCF_034479305.1	1	0				0
end	orthogroup_840	2	10	GCA_000015785.2;GCA_000025805.1;GCF_000009045.1;GCF_000009785.1;GCF_000011245.1;GCF_000017885.4;GCF_005671335.1;GCF_006094295.1;GCF_034478925.1;GCF_034479305.1	1	0				0
end	orthogroup_840	3	10	GCA_000015785.2;GCA_000025805.1;GCF_000009045.1;GCF_000009785.1;GCF_000011245.1;GCF_000017885.4;GCF_005671335.1;GCF_006094295.1;GCF_034478925.1;GCF_034479305.1	1	0				0
end	orthogroup_840	4	10	GCA_000015785.2;GCA_000025805.1;GCF_000009045.1;GCF_000009785.1;GCF_000011245.1;GCF_000017885.4;GCF_005671335.1;GCF_006094295.1;GCF_034478925.1;GCF_034479305.1	1	0				0
end	orthogroup_840	5	10	GCA_000015785.2;GCA_000025805.1;GCF_000009045.1;GCF_000009785.1;GCF_000011245.1;GCF_000017885.4;GCF_005671335.1;GCF_006094295.1;GCF_034478925.1;GCF_034479305.1	1	1	GCF_000009785.1	-18.0		0
end	orthogroup_850	1	10	GCA_000015785.2;GCA_000025805.1;GCF_000009045.1;GCF_000009785.1;GCF_000011245.1;GCF_000017885.4;GCF_005671335.1;GCF_006094295.1;GCF_034478925.1;GCF_034479305.1	1	1	GCF_006094295.1	-12.0		0
end	orthogroup_850	2	10	GCA_000015785.2;GCA_000025805.1;GCF_000009045.1;GCF_000009785.1;GCF_000011245.1;GCF_000017885.4;GCF_005671335.1;GCF_006094295.1;GCF_034478925.1;GCF_034479305.1	1	2	GCF_000009785.1;GCF_000011245.1	-3.0	72.0	0
end	orthogroup_850	3	10	GCA_000015785.2;GCA_000025805.1;GCF_000009045.1;GCF_000009785.1;GCF_000011245.1;GCF_000017885.4;GCF_005671335.1;GCF_006094295.1;GCF_034478925.1;GCF_034479305.1	1	0				0
end	orthogroup_850	4	10	GCA_000015785.2;GCA_000025805.1;GCF_000009045.1;GCF_000009785.1;GCF_000011245.1;GCF_000017885.4;GCF_005671335.1;GCF_006094295.1;GCF_034478925.1;GCF_034479305.1	1	2	GCA_000015785.2;GCF_000011245.1	53.5	1740.5	0
end	orthogroup_852	1	10	GCA_000015785.2;GCA_000025805.1;GCF_000009045.1;GCF_000009785.1;GCF_000011245.1;GCF_000017885.4;GCF_005671335.1;GCF_006094295.1;GCF_034478925.1;GCF_034479305.1	1	0				0
end	orthogroup_852	2	10	GCA_000015785.2;GCA_000025805.1;GCF_000009045.1;GCF_000009785.1;GCF_000011245.1;GCF_000017885.4;GCF_005671335.1;GCF_006094295.1;GCF_034478925.1;GCF_034479305.1	1	0				0
end	orthogroup_852	3	10	GCA_000015785.2;GCA_000025805.1;GCF_000009045.1;GCF_000009785.1;GCF_000011245.1;GCF_000017885.4;GCF_005671335.1;GCF_006094295.1;GCF_034478925.1;GCF_034479305.1	1	0				0
end	orthogroup_852	4	10	GCA_000015785.2;GCA_000025805.1;GCF_000009045.1;GCF_000009785.1;GCF_000011245.1;GCF_000017885.4;GCF_005671335.1;GCF_006094295.1;GCF_034478925.1;GCF_034479305.1	1	0				0
end	orthogroup_853	1	10	GCA_000015785.2;GCA_000025805.1;GCF_000009045.1;GCF_000009785.1;GCF_000011245.1;GCF_000017885.4;GCF_005671335.1;GCF_006094295.1;GCF_034478925.1;GCF_034479305.1	1	2	GCF_000009045.1;GCF_005671335.1	-22.0	578.0	0
end	orthogroup_853	2	10	GCA_000015785.2;GCA_000025805.1;GCF_000009045.1;GCF_000009785.1;GCF_000011245.1;GCF_000017885.4;GCF_005671335.1;GCF_006094295.1;GCF_034478925.1;GCF_034479305.1	1	1	GCF_000009785.1	-8.5		0
end	orthogroup_853	3	10	GCA_000015785.2;GCA_000025805.1;GCF_000009045.1;GCF_000009785.1;GCF_000011245.1;GCF_000017885.4;GCF_005671335.1;GCF_006094295.1;GCF_034478925.1;GCF_034479305.1	1	0				0
end	orthogroup_853	4	10	GCA_000015785.2;GCA_000025805.1;GCF_000009045.1;GCF_000009785.1;GCF_000011245.1;GCF_000017885.4;GCF_005671335.1;GCF_006094295.1;GCF_034478925.1;GCF_034479305.1	1	1	GCF_034478925.1	52.0		0
end	orthogroup_853	5	10	GCA_000015785.2;GCA_000025805.1;GCF_000009045.1;GCF_000009785.1;GCF_000011245.1;GCF_000017885.4;GCF_005671335.1;GCF_006094295.1;GCF_034478925.1;GCF_034479305.1	1	0				0
end	orthogroup_853	6	10	GCA_000015785.2;GCA_000025805.1;GCF_000009045.1;GCF_000009785.1;GCF_000011245.1;GCF_000017885.4;GCF_005671335.1;GCF_006094295.1;GCF_034478925.1;GCF_034479305.1	1	2	GCA_000025805.1;GCF_034478925.1	45.5	0.5	0
end	orthogroup_853	7	10	GCA_000015785.2;GCA_000025805.1;GCF_000009045.1;GCF_000009785.1;GCF_000011245.1;GCF_000017885.4;GCF_005671335.1;GCF_006094295.1;GCF_034478925.1;GCF_034479305.1	1	1	GCF_000009785.1	-67.0		0
end	orthogroup_853	8	10	GCA_000015785.2;GCA_000025805.1;GCF_000009045.1;GCF_000009785.1;GCF_000011245.1;GCF_000017885.4;GCF_005671335.1;GCF_006094295.1;GCF_034478925.1;GCF_034479305.1	1	1	GCF_034479305.1	9.0		0
end	orthogroup_886	1	10	GCA_000015785.2;GCA_000025805.1;GCF_000009045.1;GCF_000009785.1;GCF_000011245.1;GCF_000017885.4;GCF_005671335.1;GCF_006094295.1;GCF_034478925.1;GCF_034479305.1	1	1	GCA_000015785.2	1.0		0
end	orthogroup_886	2	10	GCA_000015785.2;GCA_000025805.1;GCF_000009045.1;GCF_000009785.1;GCF_000011245.1;GCF_000017885.4;GCF_005671335.1;GCF_006094295.1;GCF_034478925.1;GCF_034479305.1	1	0				0
end	orthogroup_886	3	10	GCA_000015785.2;GCA_000025805.1;GCF_000009045.1;GCF_000009785.1;GCF_000011245.1;GCF_000017885.4;GCF_005671335.1;GCF_006094295.1;GCF_034478925.1;GCF_034479305.1	1	0				0
end	orthogroup_886	4	10	GCA_000015785.2;GCA_000025805.1;GCF_000009045.1;GCF_000009785.1;GCF_000011245.1;GCF_000017885.4;GCF_005671335.1;GCF_006094295.1;GCF_034478925.1;GCF_034479305.1	1	0				0
end	orthogroup_886	5	10	GCA_000015785.2;GCA_000025805.1;GCF_000009045.1;GCF_000009785.1;GCF_000011245.1;GCF_000017885.4;GCF_005671335.1;GCF_006094295.1;GCF_034478925.1;GCF_034479305.1	1	1	GCF_000011245.1	-1.0		0
end	orthogroup_886	6	10	GCA_000015785.2;GCA_000025805.1;GCF_000009045.1;GCF_000009785.1;GCF_000011245.1;GCF_000017885.4;GCF_005671335.1;GCF_006094295.1;GCF_034478925.1;GCF_034479305.1	1	0				0
end	orthogroup_886	7	10	GCA_000015785.2;GCA_000025805.1;GCF_000009045.1;GCF_000009785.1;GCF_000011245.1;GCF_000017885.4;GCF_005671335.1;GCF_006094295.1;GCF_034478925.1;GCF_034479305.1	1	0				0
end	orthogroup_890	1	10	GCA_000015785.2;GCA_000025805.1;GCF_000009045.1;GCF_000009785.1;GCF_000011245.1;GCF_000017885.4;GCF_005671335.1;GCF_006094295.1;GCF_034478925.1;GCF_034479305.1	1	0				0
end	orthogroup_890	2	10	GCA_000015785.2;GCA_000025805.1;GCF_000009045.1;GCF_000009785.1;GCF_000011245.1;GCF_000017885.4;GCF_005671335.1;GCF_006094295.1;GCF_034478925.1;GCF_034479305.1	1	0				0
end	orthogroup_890	3	10	GCA_000015785.2;GCA_000025805.1;GCF_000009045.1;GCF_000009785.1;GCF_000011245.1;GCF_000017885.4;GCF_005671335.1;GCF_006094295.1;GCF_034478925.1;GCF_034479305.1	1	0				0
end	orthogroup_890	4	10	GCA_000015785.2;GCA_000025805.1;GCF_000009045.1;GCF_000009785.1;GCF_000011245.1;GCF_000017885.4;GCF_005671335.1;GCF_006094295.1;GCF_034478925.1;GCF_034479305.1	1	1	GCA_000015785.2	0.0		0
end	orthogroup_893	1	10	GCA_000015785.2;GCA_000025805.1;GCF_000009045.1;GCF_000009785.1;GCF_000011245.1;GCF_000017885.4;GCF_005671335.1;GCF_006094295.1;GCF_034478925.1;GCF_034479305.1	1	1	GCF_000011245.1	-21.0		0
end	orthogroup_893	2	10	GCA_000015785.2;GCA_000025805.1;GCF_000009045.1;GCF_000009785.1;GCF_000011245.1;GCF_000017885.4;GCF_005671335.1;GCF_006094295.1;GCF_034478925.1;GCF_034479305.1	1	0				0
end	orthogroup_893	3	10	GCA_000015785.2;GCA_000025805.1;GCF_000009045.1;GCF_000009785.1;GCF_000011245.1;GCF_000017885.4;GCF_005671335.1;GCF_006094295.1;GCF_034478925.1;GCF_034479305.1	1	1	GCF_034479305.1	-1.0		0
end	orthogroup_893	4	10	GCA_000015785.2;GCA_000025805.1;GCF_000009045.1;GCF_000009785.1;GCF_000011245.1;GCF_000017885.4;GCF_005671335.1;GCF_006094295.1;GCF_034478925.1;GCF_034479305.1	1	0				0
end	orthogroup_893	5	10	GCA_000015785.2;GCA_000025805.1;GCF_000009045.1;GCF_000009785.1;GCF_000011245.1;GCF_000017885.4;GCF_005671335.1;GCF_006094295.1;GCF_034478925.1;GCF_034479305.1	1	0				0
end	orthogroup_893	6	10	GCA_000015785.2;GCA_000025805.1;GCF_000009045.1;GCF_000009785.1;GCF_000011245.1;GCF_000017885.4;GCF_005671335.1;GCF_006094295.1;GCF_034478925.1;GCF_034479305.1	1	1	GCF_000009785.1	1.0		0
end	orthogroup_893	7	10	GCA_000015785.2;GCA_000025805.1;GCF_000009045.1;GCF_000009785.1;GCF_000011245.1;GCF_000017885.4;GCF_005671335.1;GCF_006094295.1;GCF_034478925.1;GCF_034479305.1	1	2	GCA_000015785.2;GCF_000009045.1	13.5	0.5	0
end	orthogroup_893	8	10	GCA_000015785.2;GCA_000025805.1;GCF_000009045.1;GCF_000009785.1;GCF_000011245.1;GCF_000017885.4;GCF_005671335.1;GCF_006094295.1;GCF_034478925.1;GCF_034479305.1	1	0				0
end	orthogroup_893	9	10	GCA_000015785.2;GCA_000025805.1;GCF_000009045.1;GCF_000009785.1;GCF_000011245.1;GCF_000017885.4;GCF_005671335.1;GCF_006094295.1;GCF_034478925.1;GCF_034479305.1	1	0				0
end	orthogroup_895	1	10	GCA_000015785.2;GCA_000025805.1;GCF_000009045.1;GCF_000009785.1;GCF_000011245.1;GCF_000017885.4;GCF_005671335.1;GCF_006094295.1;GCF_034478925.1;GCF_034479305.1	1	1	GCF_000017885.4	-37.5		0
end	orthogroup_895	2	10	GCA_000015785.2;GCA_000025805.1;GCF_000009045.1;GCF_000009785.1;GCF_000011245.1;GCF_000017885.4;GCF_005671335.1;GCF_006094295.1;GCF_034478925.1;GCF_034479305.1	1	0				0
end	orthogroup_895	3	10	GCA_000015785.2;GCA_000025805.1;GCF_000009045.1;GCF_000009785.1;GCF_000011245.1;GCF_000017885.4;GCF_005671335.1;GCF_006094295.1;GCF_034478925.1;GCF_034479305.1	1	0				0
end	orthogroup_895	4	10	GCA_000015785.2;GCA_000025805.1;GCF_000009045.1;GCF_000009785.1;GCF_000011245.1;GCF_000017885.4;GCF_005671335.1;GCF_006094295.1;GCF_034478925.1;GCF_034479305.1	1	0				0
end	orthogroup_908	1	10	GCA_000015785.2;GCA_000025805.1;GCF_000009045.1;GCF_000009785.1;GCF_000011245.1;GCF_000017885.4;GCF_005671335.1;GCF_006094295.1;GCF_034478925.1;GCF_034479305.1	1	0				0
end	orthogroup_908	2	10	GCA_000015785.2;GCA_000025805.1;GCF_000009045.1;GCF_000009785.1;GCF_000011245.1;GCF_000017885.4;GCF_005671335.1;GCF_006094295.1;GCF_034478925.1;GCF_034479305.1	1	0				0
end	orthogroup_908	3	10	GCA_000015785.2;GCA_000025805.1;GCF_000009045.1;GCF_000009785.1;GCF_000011245.1;GCF_000017885.4;GCF_005671335.1;GCF_006094295.1;GCF_034478925.1;GCF_034479305.1	1	0				0
end	orthogroup_908	4	10	GCA_000015785.2;GCA_000025805.1;GCF_000009045.1;GCF_000009785.1;GCF_000011245.1;GCF_000017885.4;GCF_005671335.1;GCF_006094295.1;GCF_034478925.1;GCF_034479305.1	1	1	GCF_000009785.1	-13.0		0
end	orthogroup_908	5	10	GCA_000015785.2;GCA_000025805.1;GCF_000009045.1;GCF_000009785.1;GCF_000011245.1;GCF_000017885.4;GCF_005671335.1;GCF_006094295.1;GCF_034478925.1;GCF_034479305.1	1	0				0
end	orthogroup_908	6	10	GCA_000015785.2;GCA_000025805.1;GCF_000009045.1;GCF_000009785.1;GCF_000011245.1;GCF_000017885.4;GCF_005671335.1;GCF_006094295.1;GCF_034478925.1;GCF_034479305.1	1	1	GCF_000009785.1	-16.0		0
end	orthogroup_908	7	10	GCA_000015785.2;GCA_000025805.1;GCF_000009045.1;GCF_000009785.1;GCF_000011245.1;GCF_000017885.4;GCF_005671335.1;GCF_006094295.1;GCF_034478925.1;GCF_034479305.1	1	1	GCF_000009785.1	-8.0		0
end	orthogroup_908	8	10	GCA_000015785.2;GCA_000025805.1;GCF_000009045.1;GCF_000009785.1;GCF_000011245.1;GCF_000017885.4;GCF_005671335.1;GCF_006094295.1;GCF_034478925.1;GCF_034479305.1	1	1	GCA_000015785.2	8.0		0
end	orthogroup_908	9	10	GCA_000015785.2;GCA_000025805.1;GCF_000009045.1;GCF_000009785.1;GCF_000011245.1;GCF_000017885.4;GCF_005671335.1;GCF_006094295.1;GCF_034478925.1;GCF_034479305.1	1	0				0
end	orthogroup_908	10	10	GCA_000015785.2;GCA_000025805.1;GCF_000009045.1;GCF_000009785.1;GCF_000011245.1;GCF_000017885.4;GCF_005671335.1;GCF_006094295.1;GCF_034478925.1;GCF_034479305.1	1	1	GCF_000017885.4	3.0		0
end	orthogroup_924	1	10	GCA_000015785.2;GCA_000025805.1;GCF_000009045.1;GCF_000009785.1;GCF_000011245.1;GCF_000017885.4;GCF_005671335.1;GCF_006094295.1;GCF_034478925.1;GCF_034479305.1	1	0				0
end	orthogroup_924	2	10	GCA_000015785.2;GCA_000025805.1;GCF_000009045.1;GCF_000009785.1;GCF_000011245.1;GCF_000017885.4;GCF_005671335.1;GCF_006094295.1;GCF_034478925.1;GCF_034479305.1	1	1	GCF_005671335.1	-16.5		0
end	orthogroup_924	3	10	GCA_000015785.2;GCA_000025805.1;GCF_000009045.1;GCF_000009785.1;GCF_000011245.1;GCF_000017885.4;GCF_005671335.1;GCF_006094295.1;GCF_034478925.1;GCF_034479305.1	1	3	GCA_000015785.2;GCF_000009785.1;GCF_006094295.1	11.0	74.33333333333333	1
end	orthogroup_924	4	10	GCA_000015785.2;GCA_000025805.1;GCF_000009045.1;GCF_000009785.1;GCF_000011245.1;GCF_000017885.4;GCF_005671335.1;GCF_006094295.1;GCF_034478925.1;GCF_034479305.1	1	1	GCA_000025805.1	-27.0		0
end	orthogroup_924	5	10	GCA_000015785.2;GCA_000025805.1;GCF_000009045.1;GCF_000009785.1;GCF_000011245.1;GCF_000017885.4;GCF_005671335.1;GCF_006094295.1;GCF_034478925.1;GCF_034479305.1	1	0				0
end	orthogroup_925	1	10	GCA_000015785.2;GCA_000025805.1;GCF_000009045.1;GCF_000009785.1;GCF_000011245.1;GCF_000017885.4;GCF_005671335.1;GCF_006094295.1;GCF_034478925.1;GCF_034479305.1	1	0				0
end	orthogroup_925	2	10	GCA_000015785.2;GCA_000025805.1;GCF_000009045.1;GCF_000009785.1;GCF_000011245.1;GCF_000017885.4;GCF_005671335.1;GCF_006094295.1;GCF_034478925.1;GCF_034479305.1	1	1	GCF_006094295.1	-2.0		0
end	orthogroup_925	3	10	GCA_000015785.2;GCA_000025805.1;GCF_000009045.1;GCF_000009785.1;GCF_000011245.1;GCF_000017885.4;GCF_005671335.1;GCF_006094295.1;GCF_034478925.1;GCF_034479305.1	1	0				0
end	orthogroup_925	4	10	GCA_000015785.2;GCA_000025805.1;GCF_000009045.1;GCF_000009785.1;GCF_000011245.1;GCF_000017885.4;GCF_005671335.1;GCF_006094295.1;GCF_034478925.1;GCF_034479305.1	1	0				0
end	orthogroup_929	1	10	GCA_000015785.2;GCA_000025805.1;GCF_000009045.1;GCF_000009785.1;GCF_000011245.1;GCF_000017885.4;GCF_005671335.1;GCF_006094295.1;GCF_034478925.1;GCF_034479305.1	1	0				0
end	orthogroup_929	2	10	GCA_000015785.2;GCA_000025805.1;GCF_000009045.1;GCF_000009785.1;GCF_000011245.1;GCF_000017885.4;GCF_005671335.1;GCF_006094295.1;GCF_034478925.1;GCF_034479305.1	1	0				0
end	orthogroup_929	3	10	GCA_000015785.2;GCA_000025805.1;GCF_000009045.1;GCF_000009785.1;GCF_000011245.1;GCF_000017885.4;GCF_005671335.1;GCF_006094295.1;GCF_034478925.1;GCF_034479305.1	1	0				0
end	orthogroup_929	4	10	GCA_000015785.2;GCA_000025805.1;GCF_000009045.1;GCF_000009785.1;GCF_000011245.1;GCF_000017885.4;GCF_005671335.1;GCF_006094295.1;GCF_034478925.1;GCF_034479305.1	1	0				0
end	orthogroup_929	5	10	GCA_000015785.2;GCA_000025805.1;GCF_000009045.1;GCF_000009785.1;GCF_000011245.1;GCF_000017885.4;GCF_005671335.1;GCF_006094295.1;GCF_034478925.1;GCF_034479305.1	1	1	GCA_000025805.1	-2.0		0
end	orthogroup_929	6	10	GCA_000015785.2;GCA_000025805.1;GCF_000009045.1;GCF_000009785.1;GCF_000011245.1;GCF_000017885.4;GCF_005671335.1;GCF_006094295.1;GCF_034478925.1;GCF_034479305.1	1	0				0
end	orthogroup_941	1	10	GCA_000015785.2;GCA_000025805.1;GCF_000009045.1;GCF_000009785.1;GCF_000011245.1;GCF_000017885.4;GCF_005671335.1;GCF_006094295.1;GCF_034478925.1;GCF_034479305.1	1	2	GCF_000009785.1;GCF_000011245.1	8.0	512.0	0
end	orthogroup_941	2	10	GCA_000015785.2;GCA_000025805.1;GCF_000009045.1;GCF_000009785.1;GCF_000011245.1;GCF_000017885.4;GCF_005671335.1;GCF_006094295.1;GCF_034478925.1;GCF_034479305.1	1	1	GCF_000017885.4	-28.5		0
end	orthogroup_941	3	10	GCA_000015785.2;GCA_000025805.1;GCF_000009045.1;GCF_000009785.1;GCF_000011245.1;GCF_000017885.4;GCF_005671335.1;GCF_006094295.1;GCF_034478925.1;GCF_034479305.1	1	0				0
end	orthogroup_941	4	10	GCA_000015785.2;GCA_000025805.1;GCF_000009045.1;GCF_000009785.1;GCF_000011245.1;GCF_000017885.4;GCF_005671335.1;GCF_006094295.1;GCF_034478925.1;GCF_034479305.1	1	0				0
end	orthogroup_951	1	10	GCA_000015785.2;GCA_000025805.1;GCF_000009045.1;GCF_000009785.1;GCF_000011245.1;GCF_000017885.4;GCF_005671335.1;GCF_006094295.1;GCF_034478925.1;GCF_034479305.1	1	0				0
end	orthogroup_951	2	10	GCA_000015785.2;GCA_000025805.1;GCF_000009045.1;GCF_000009785.1;GCF_000011245.1;GCF_000017885.4;GCF_005671335.1;GCF_006094295.1;GCF_034478925.1;GCF_034479305.1	1	0				0
end	orthogroup_951	3	10	GCA_000015785.2;GCA_000025805.1;GCF_000009045.1;GCF_000009785.1;GCF_000011245.1;GCF_000017885.4;GCF_005671335.1;GCF_006094295.1;GCF_034478925.1;GCF_034479305.1	1	1	GCF_000009785.1	0.5		0
end	orthogroup_951	4	10	GCA_000015785.2;GCA_000025805.1;GCF_000009045.1;GCF_000009785.1;GCF_000011245.1;GCF_000017885.4;GCF_005671335.1;GCF_006094295.1;GCF_034478925.1;GCF_034479305.1	1	0				0
end	orthogroup_954	1	10	GCA_000015785.2;GCA_000025805.1;GCF_000009045.1;GCF_000009785.1;GCF_000011245.1;GCF_000017885.4;GCF_005671335.1;GCF_006094295.1;GCF_034478925.1;GCF_034479305.1	1	3	GCF_000009045.1;GCF_000011245.1;GCF_034479305.1	-5.0	94.33333333333333	1
end	orthogroup_954	2	10	GCA_000015785.2;GCA_000025805.1;GCF_000009045.1;GCF_000009785.1;GCF_000011245.1;GCF_000017885.4;GCF_005671335.1;GCF_006094295.1;GCF_034478925.1;GCF_034479305.1	1	1	GCA_000025805.1	-9.0		0
end	orthogroup_954	3	10	GCA_000015785.2;GCA_000025805.1;GCF_000009045.1;GCF_000009785.1;GCF_000011245.1;GCF_000017885.4;GCF_005671335.1;GCF_006094295.1;GCF_034478925.1;GCF_034479305.1	1	0				0
end	orthogroup_954	4	10	GCA_000015785.2;GCA_000025805.1;GCF_000009045.1;GCF_000009785.1;GCF_000011245.1;GCF_000017885.4;GCF_005671335.1;GCF_006094295.1;GCF_034478925.1;GCF_034479305.1	1	0				0
end	orthogroup_954	5	10	GCA_000015785.2;GCA_000025805.1;GCF_000009045.1;GCF_000009785.1;GCF_000011245.1;GCF_000017885.4;GCF_005671335.1;GCF_006094295.1;GCF_034478925.1;GCF_034479305.1	1	1	GCA_000025805.1	-4.5		0
end	orthogroup_955	1	10	GCA_000015785.2;GCA_000025805.1;GCF_000009045.1;GCF_000009785.1;GCF_000011245.1;GCF_000017885.4;GCF_005671335.1;GCF_006094295.1;GCF_034478925.1;GCF_034479305.1	1	1	GCF_000009045.1	12.0		0
end	orthogroup_955	2	10	GCA_000015785.2;GCA_000025805.1;GCF_000009045.1;GCF_000009785.1;GCF_000011245.1;GCF_000017885.4;GCF_005671335.1;GCF_006094295.1;GCF_034478925.1;GCF_034479305.1	1	0				0
end	orthogroup_955	3	10	GCA_000015785.2;GCA_000025805.1;GCF_000009045.1;GCF_000009785.1;GCF_000011245.1;GCF_000017885.4;GCF_005671335.1;GCF_006094295.1;GCF_034478925.1;GCF_034479305.1	1	0				0
end	orthogroup_955	4	10	GCA_000015785.2;GCA_000025805.1;GCF_000009045.1;GCF_000009785.1;GCF_000011245.1;GCF_000017885.4;GCF_005671335.1;GCF_006094295.1;GCF_034478925.1;GCF_034479305.1	1	0				0
end	orthogroup_955	5	10	GCA_000015785.2;GCA_000025805.1;GCF_000009045.1;GCF_000009785.1;GCF_000011245.1;GCF_000017885.4;GCF_005671335.1;GCF_006094295.1;GCF_034478925.1;GCF_034479305.1	1	1	GCA_000015785.2	-22.5		0
end	orthogroup_955	6	10	GCA_000015785.2;GCA_000025805.1;GCF_000009045.1;GCF_000009785.1;GCF_000011245.1;GCF_000017885.4;GCF_005671335.1;GCF_006094295.1;GCF_034478925.1;GCF_034479305.1	1	1	GCA_000025805.1	-18.0		0
end	orthogroup_955	7	10	GCA_000015785.2;GCA_000025805.1;GCF_000009045.1;GCF_000009785.1;GCF_000011245.1;GCF_000017885.4;GCF_005671335.1;GCF_006094295.1;GCF_034478925.1;GCF_034479305.1	1	0				0
end	orthogroup_955	8	10	GCA_000015785.2;GCA_000025805.1;GCF_000009045.1;GCF_000009785.1;GCF_000011245.1;GCF_000017885.4;GCF_005671335.1;GCF_006094295.1;GCF_034478925.1;GCF_034479305.1	1	0				0
end	orthogroup_955	9	10	GCA_000015785.2;GCA_000025805.1;GCF_000009045.1;GCF_000009785.1;GCF_000011245.1;GCF_000017885.4;GCF_005671335.1;GCF_006094295.1;GCF_034478925.1;GCF_034479305.1	1	0				0
end	orthogroup_955	10	10	GCA_000015785.2;GCA_000025805.1;GCF_000009045.1;GCF_000009785.1;GCF_000011245.1;GCF_000017885.4;GCF_005671335.1;GCF_006094295.1;GCF_034478925.1;GCF_034479305.1	1	1	GCA_000025805.1	15.0		0
end	orthogroup_955	11	10	GCA_000015785.2;GCA_000025805.1;GCF_000009045.1;GCF_000009785.1;GCF_000011245.1;GCF_000017885.4;GCF_005671335.1;GCF_006094295.1;GCF_034478925.1;GCF_034479305.1	1	0				0
end	orthogroup_955	12	10	GCA_000015785.2;GCA_000025805.1;GCF_000009045.1;GCF_000009785.1;GCF_000011245.1;GCF_000017885.4;GCF_005671335.1;GCF_006094295.1;GCF_034478925.1;GCF_034479305.1	1	1	GCA_000025805.1	2.0		0
end	orthogroup_955	13	10	GCA_000015785.2;GCA_000025805.1;GCF_000009045.1;GCF_000009785.1;GCF_000011245.1;GCF_000017885.4;GCF_005671335.1;GCF_006094295.1;GCF_034478925.1;GCF_034479305.1	1	0				0
end	orthogroup_955	14	10	GCA_000015785.2;GCA_000025805.1;GCF_000009045.1;GCF_000009785.1;GCF_000011245.1;GCF_000017885.4;GCF_005671335.1;GCF_006094295.1;GCF_034478925.1;GCF_034479305.1	1	0				0
end	orthogroup_955	15	10	GCA_000015785.2;GCA_000025805.1;GCF_000009045.1;GCF_000009785.1;GCF_000011245.1;GCF_000017885.4;GCF_005671335.1;GCF_006094295.1;GCF_034478925.1;GCF_034479305.1	1	0				0
end	orthogroup_983	1	10	GCA_000015785.2;GCA_000025805.1;GCF_000009045.1;GCF_000009785.1;GCF_000011245.1;GCF_000017885.4;GCF_005671335.1;GCF_006094295.1;GCF_034478925.1;GCF_034479305.1	1	1	GCF_034479305.1	17.0		0
end	orthogroup_983	2	10	GCA_000015785.2;GCA_000025805.1;GCF_000009045.1;GCF_000009785.1;GCF_000011245.1;GCF_000017885.4;GCF_005671335.1;GCF_006094295.1;GCF_034478925.1;GCF_034479305.1	1	0				0
end	orthogroup_983	3	10	GCA_000015785.2;GCA_000025805.1;GCF_000009045.1;GCF_000009785.1;GCF_000011245.1;GCF_000017885.4;GCF_005671335.1;GCF_006094295.1;GCF_034478925.1;GCF_034479305.1	1	1	GCF_034478925.1	-17.0		0
end	orthogroup_983	4	10	GCA_000015785.2;GCA_000025805.1;GCF_000009045.1;GCF_000009785.1;GCF_000011245.1;GCF_000017885.4;GCF_005671335.1;GCF_006094295.1;GCF_034478925.1;GCF_034479305.1	1	1	GCF_000009785.1	4.0		0
end	orthogroup_983	5	10	GCA_000015785.2;GCA_000025805.1;GCF_000009045.1;GCF_000009785.1;GCF_000011245.1;GCF_000017885.4;GCF_005671335.1;GCF_006094295.1;GCF_034478925.1;GCF_034479305.1	1	1	GCF_000009045.1	2.0		0
center	orthogroup_1009	1	9	GCA_000015785.2;GCA_000025805.1;GCF_000009045.1;GCF_000011245.1;GCF_000017885.4;GCF_005671335.1;GCF_006094295.1;GCF_034478925.1;GCF_034479305.1	1	0				0
center	orthogroup_1009	2	9	GCA_000015785.2;GCA_000025805.1;GCF_000009045.1;GCF_000011245.1;GCF_000017885.4;GCF_005671335.1;GCF_006094295.1;GCF_034478925.1;GCF_034479305.1	1	0				0
center	orthogroup_1009	3	9	GCA_000015785.2;GCA_000025805.1;GCF_000009045.1;GCF_000011245.1;GCF_000017885.4;GCF_005671335.1;GCF_006094295.1;GCF_034478925.1;GCF_034479305.1	1	1	GCF_000017885.4	-9.0		0
center	orthogroup_1009	4	9	GCA_000015785.2;GCA_000025805.1;GCF_000009045.1;GCF_000011245.1;GCF_000017885.4;GCF_005671335.1;GCF_006094295.1;GCF_034478925.1;GCF_034479305.1	1	1	GCF_034478925.1	-11.5		0
center	orthogroup_1009	5	9	GCA_000015785.2;GCA_000025805.1;GCF_000009045.1;GCF_000011245.1;GCF_000017885.4;GCF_005671335.1;GCF_006094295.1;GCF_034478925.1;GCF_034479305.1	1	3	GCA_000025805.1;GCF_000011245.1;GCF_005671335.1	14.5	12.0	1
center	orthogroup_1009	6	9	GCA_000015785.2;GCA_000025805.1;GCF_000009045.1;GCF_000011245.1;GCF_000017885.4;GCF_005671335.1;GCF_006094295.1;GCF_034478925.1;GCF_034479305.1	1	0				0
center	orthogroup_1009	7	9	GCA_000015785.2;GCA_000025805.1;GCF_000009045.1;GCF_000011245.1;GCF_000017885.4;GCF_005671335.1;GCF_006094295.1;GCF_034478925.1;GCF_034479305.1	1	0				0
center	orthogroup_1009	8	9	GCA_000015785.2;GCA_000025805.1;GCF_000009045.1;GCF_000011245.1;GCF_000017885.4;GCF_005671335.1;GCF_006094295.1;GCF_034478925.1;GCF_034479305.1	1	0				0
center	orthogroup_1009	9	9	GCA_000015785.2;GCA_000025805.1;GCF_000009045.1;GCF_000011245.1;GCF_000017885.4;GCF_005671335.1;GCF_006094295.1;GCF_034478925.1;GCF_034479305.1	1	0				0
center	orthogroup_1009	10	9	GCA_000015785.2;GCA_000025805.1;GCF_000009045.1;GCF_000011245.1;GCF_000017885.4;GCF_005671335.1;GCF_006094295.1;GCF_034478925.1;GCF_034479305.1	1	2	GCA_000025805.1;GCF_006094295.1	14.25	21.125	0
center	orthogroup_1010	1	8	GCA_000015785.2;GCA_000025805.1;GCF_000009045.1;GCF_000011245.1;GCF_005671335.1;GCF_006094295.1;GCF_034478925.1;GCF_034479305.1	1	0				0
center	orthogroup_1010	2	8	GCA_000015785.2;GCA_000025805.1;GCF_000009045.1;GCF_000011245.1;GCF_005671335.1;GCF_006094295.1;GCF_034478925.1;GCF_034479305.1	1	0				0
center	orthogroup_1010	3	8	GCA_000015785.2;GCA_000025805.1;GCF_000009045.1;GCF_000011245.1;GCF_005671335.1;GCF_006094295.1;GCF_034478925.1;GCF_034479305.1	1	0				0
center	orthogroup_1010	4	8	GCA_000015785.2;GCA_000025805.1;GCF_000009045.1;GCF_000011245.1;GCF_005671335.1;GCF_006094295.1;GCF_034478925.1;GCF_034479305.1	1	0				0
center	orthogroup_1010	5	8	GCA_000015785.2;GCA_000025805.1;GCF_000009045.1;GCF_000011245.1;GCF_005671335.1;GCF_006094295.1;GCF_034478925.1;GCF_034479305.1	1	0				0
center	orthogroup_1010	6	8	GCA_000015785.2;GCA_000025805.1;GCF_000009045.1;GCF_000011245.1;GCF_005671335.1;GCF_006094295.1;GCF_034478925.1;GCF_034479305.1	1	0				0
center	orthogroup_1010	8	8	GCA_000015785.2;GCA_000025805.1;GCF_000009045.1;GCF_000011245.1;GCF_005671335.1;GCF_006094295.1;GCF_034478925.1;GCF_034479305.1	1	0				0
center	orthogroup_1010	9	8	GCA_000015785.2;GCA_000025805.1;GCF_000009045.1;GCF_000011245.1;GCF_005671335.1;GCF_006094295.1;GCF_034478925.1;GCF_034479305.1	1	2	GCA_000025805.1;GCF_034478925.1	0.25	276.125	0
center	orthogroup_1012	1	8	GCA_000015785.2;GCA_000025805.1;GCF_000009045.1;GCF_000009785.1;GCF_000011245.1;GCF_000017885.4;GCF_005671335.1;GCF_034479305.1	1	0				0
center	orthogroup_1012	2	8	GCA_000015785.2;GCA_000025805.1;GCF_000009045.1;GCF_000009785.1;GCF_000011245.1;GCF_000017885.4;GCF_005671335.1;GCF_034479305.1	1	0				0
center	orthogroup_1012	3	8	GCA_000015785.2;GCA_000025805.1;GCF_000009045.1;GCF_000009785.1;GCF_000011245.1;GCF_000017885.4;GCF_005671335.1;GCF_034479305.1	1	0				0
center	orthogroup_1012	4	8	GCA_000015785.2;GCA_000025805.1;GCF_000009045.1;GCF_000009785.1;GCF_000011245.1;GCF_000017885.4;GCF_005671335.1;GCF_034479305.1	1	1	GCA_000015785.2	1.0		0
center	orthogroup_1012	5	8	GCA_000015785.2;GCA_000025805.1;GCF_000009045.1;GCF_000009785.1;GCF_000011245.1;GCF_000017885.4;GCF_005671335.1;GCF_034479305.1	1	0				0
center	orthogroup_1012	7	8	GCA_000015785.2;GCA_000025805.1;GCF_000009045.1;GCF_000009785.1;GCF_000011245.1;GCF_000017885.4;GCF_005671335.1;GCF_034479305.1	1	0				0
center	orthogroup_1012	9	8	GCA_000015785.2;GCA_000025805.1;GCF_000009045.1;GCF_000009785.1;GCF_000011245.1;GCF_000017885.4;GCF_005671335.1;GCF_034479305.1	1	0				0
center	orthogroup_1012	11	8	GCA_000015785.2;GCA_000025805.1;GCF_000009045.1;GCF_000009785.1;GCF_000011245.1;GCF_000017885.4;GCF_005671335.1;GCF_034479305.1	1	1	GCF_005671335.1	47.0		0
center	orthogroup_1023	1	8	GCA_000015785.2;GCF_000009045.1;GCF_000011245.1;GCF_000017885.4;GCF_005671335.1;GCF_006094295.1;GCF_034478925.1;GCF_034479305.1	1	1	GCA_000015785.2	-12.0		0
center	orthogroup_1023	2	8	GCA_000015785.2;GCF_000009045.1;GCF_000011245.1;GCF_000017885.4;GCF_005671335.1;GCF_006094295.1;GCF_034478925.1;GCF_034479305.1	1	0				0
center	orthogroup_1023	3	8	GCA_000015785.2;GCF_000009045.1;GCF_000011245.1;GCF_000017885.4;GCF_005671335.1;GCF_006094295.1;GCF_034478925.1;GCF_034479305.1	1	4	GCA_000015785.2;GCF_000009045.1;GCF_000011245.1;GCF_034479305.1	83.75	2891.0625	1
center	orthogroup_1027	2	7	GCA_000015785.2;GCA_000025805.1;GCF_000009045.1;GCF_000017885.4;GCF_006094295.1;GCF_034478925.1;GCF_034479305.1	0	0				0
center	orthogroup_1027	3	7	GCA_000015785.2;GCA_000025805.1;GCF_000009045.1;GCF_000017885.4;GCF_006094295.1;GCF_034478925.1;GCF_034479305.1	0	0				0
center	orthogroup_1027	4	7	GCA_000015785.2;GCA_000025805.1;GCF_000009045.1;GCF_000017885.4;GCF_006094295.1;GCF_034478925.1;GCF_034479305.1	0	0				0
center	orthogroup_1027	5	7	GCA_000015785.2;GCA_000025805.1;GCF_000009045.1;GCF_000017885.4;GCF_006094295.1;GCF_034478925.1;GCF_034479305.1	0	0				0
center	orthogroup_1027	7	7	GCA_000015785.2;GCA_000025805.1;GCF_000009045.1;GCF_000017885.4;GCF_006094295.1;GCF_034478925.1;GCF_034479305.1	0	0				0
center	orthogroup_1027	8	7	GCA_000015785.2;GCA_000025805.1;GCF_000009045.1;GCF_000017885.4;GCF_006094295.1;GCF_034478925.1;GCF_034479305.1	0	0				0
center	orthogroup_1027	9	7	GCA_000015785.2;GCA_000025805.1;GCF_000009045.1;GCF_000017885.4;GCF_006094295.1;GCF_034478925.1;GCF_034479305.1	0	1	GCF_000017885.4	-9.5		0
center	orthogroup_1027	10	7	GCA_000015785.2;GCA_000025805.1;GCF_000009045.1;GCF_000017885.4;GCF_006094295.1;GCF_034478925.1;GCF_034479305.1	0	0				0
center	orthogroup_1027	11	7	GCA_000015785.2;GCA_000025805.1;GCF_000009045.1;GCF_000017885.4;GCF_006094295.1;GCF_034478925.1;GCF_034479305.1	0	0				0
center	orthogroup_1027	12	7	GCA_000015785.2;GCA_000025805.1;GCF_000009045.1;GCF_000017885.4;GCF_006094295.1;GCF_034478925.1;GCF_034479305.1	0	0				0
center	orthogroup_1032	1	9	GCA_000015785.2;GCA_000025805.1;GCF_000009045.1;GCF_000009785.1;GCF_000017885.4;GCF_005671335.1;GCF_006094295.1;GCF_034478925.1;GCF_034479305.1	1	0				0
center	orthogroup_1032	2	9	GCA_000015785.2;GCA_000025805.1;GCF_000009045.1;GCF_000009785.1;GCF_000017885.4;GCF_005671335.1;GCF_006094295.1;GCF_034478925.1;GCF_034479305.1	1	0				0
center	orthogroup_1032	3	9	GCA_000015785.2;GCA_000025805.1;GCF_000009045.1;GCF_000009785.1;GCF_000017885.4;GCF_005671335.1;GCF_006094295.1;GCF_034478925.1;GCF_034479305.1	1	0				0
center	orthogroup_1032	4	9	GCA_000015785.2;GCA_000025805.1;GCF_000009045.1;GCF_000009785.1;GCF_000017885.4;GCF_005671335.1;GCF_006094295.1;GCF_034478925.1;GCF_034479305.1	1	2	GCF_000009045.1;GCF_034478925.1	21.5	264.5	0
center	orthogroup_1038	1	9	GCA_000015785.2;GCA_000025805.1;GCF_000009045.1;GCF_000011245.1;GCF_000017885.4;GCF_005671335.1;GCF_006094295.1;GCF_034478925.1;GCF_034479305.1	1	0				0
center	orthogroup_1038	2	9	GCA_000015785.2;GCA_000025805.1;GCF_000009045.1;GCF_000011245.1;GCF_000017885.4;GCF_005671335.1;GCF_006094295.1;GCF_034478925.1;GCF_034479305.1	1	0				0
center	orthogroup_1038	3	9	GCA_000015785.2;GCA_000025805.1;GCF_000009045.1;GCF_000011245.1;GCF_000017885.4;GCF_005671335.1;GCF_006094295.1;GCF_034478925.1;GCF_034479305.1	1	0				0
center	orthogroup_1038	4	9	GCA_000015785.2;GCA_000025805.1;GCF_000009045.1;GCF_000011245.1;GCF_000017885.4;GCF_005671335.1;GCF_006094295.1;GCF_034478925.1;GCF_034479305.1	1	1	GCF_000017885.4	-9.5		0
center	orthogroup_1038	5	9	GCA_000015785.2;GCA_000025805.1;GCF_000009045.1;GCF_000011245.1;GCF_000017885.4;GCF_005671335.1;GCF_006094295.1;GCF_034478925.1;GCF_034479305.1	1	0				0
center	orthogroup_1038	6	9	GCA_000015785.2;GCA_000025805.1;GCF_000009045.1;GCF_000011245.1;GCF_000017885.4;GCF_005671335.1;GCF_006094295.1;GCF_034478925.1;GCF_034479305.1	1	3	GCF_000011245.1;GCF_000017885.4;GCF_005671335.1	176.0	5334.333333333333	1
center	orthogroup_1043	1	8	GCA_000015785.2;GCA_000025805.1;GCF_000009045.1;GCF_000009785.1;GCF_000011245.1;GCF_005671335.1;GCF_006094295.1;GCF_034478925.1	1	1	GCF_005671335.1	2.5		0
center	orthogroup_1043	2	8	GCA_000015785.2;GCA_000025805.1;GCF_000009045.1;GCF_000009785.1;GCF_000011245.1;GCF_005671335.1;GCF_006094295.1;GCF_034478925.1	1	0				0
center	orthogroup_1043	3	8	GCA_000015785.2;GCA_000025805.1;GCF_000009045.1;GCF_000009785.1;GCF_000011245.1;GCF_005671335.1;GCF_006094295.1;GCF_034478925.1	1	0				0
center	orthogroup_1043	4	8	GCA_000015785.2;GCA_000025805.1;GCF_000009045.1;GCF_000009785.1;GCF_000011245.1;GCF_005671335.1;GCF_006094295.1;GCF_034478925.1	1	1	GCF_034478925.1	-14.5		0
center	orthogroup_1043	5	8	GCA_000015785.2;GCA_000025805.1;GCF_000009045.1;GCF_000009785.1;GCF_000011245.1;GCF_005671335.1;GCF_006094295.1;GCF_034478925.1	1	0				0
center	orthogroup_1043	8	8	GCA_000015785.2;GCA_000025805.1;GCF_000009045.1;GCF_000009785.1;GCF_000011245.1;GCF_005671335.1;GCF_006094295.1;GCF_034478925.1	1	0				0
center	orthogroup_1047	1	9	GCA_000015785.2;GCA_000025805.1;GCF_000009045.1;GCF_000009785.1;GCF_000011245.1;GCF_005671335.1;GCF_006094295.1;GCF_034478925.1;GCF_034479305.1	1	0				0
center	orthogroup_1047	2	9	GCA_000015785.2;GCA_000025805.1;GCF_000009045.1;GCF_000009785.1;GCF_000011245.1;GCF_005671335.1;GCF_006094295.1;GCF_034478925.1;GCF_034479305.1	1	1	GCF_000009045.1	4.0		0
center	orthogroup_1047	3	9	GCA_000015785.2;GCA_000025805.1;GCF_000009045.1;GCF_000009785.1;GCF_000011245.1;GCF_005671335.1;GCF_006094295.1;GCF_034478925.1;GCF_034479305.1	1	2	GCF_000011245.1;GCF_034478925.1	-4.25	190.125	0
center	orthogroup_1047	4	9	GCA_000015785.2;GCA_000025805.1;GCF_000009045.1;GCF_000009785.1;GCF_000011245.1;GCF_005671335.1;GCF_006094295.1;GCF_034478925.1;GCF_034479305.1	1	3	GCA_000025805.1;GCF_000009045.1;GCF_006094295.1	2.5	63.0	1
center	orthogroup_1047	5	9	GCA_000015785.2;GCA_000025805.1;GCF_000009045.1;GCF_000009785.1;GCF_000011245.1;GCF_005671335.1;GCF_006094295.1;GCF_034478925.1;GCF_034479305.1	1	0				0
center	orthogroup_1047	6	9	GCA_000015785.2;GCA_000025805.1;GCF_000009045.1;GCF_000009785.1;GCF_000011245.1;GCF_005671335.1;GCF_006094295.1;GCF_034478925.1;GCF_034479305.1	1	0				0
center	orthogroup_1047	7	9	GCA_000015785.2;GCA_000025805.1;GCF_000009045.1;GCF_000009785.1;GCF_000011245.1;GCF_005671335.1;GCF_006094295.1;GCF_034478925.1;GCF_034479305.1	1	0				0
center	orthogroup_1047	8	9	GCA_000015785.2;GCA_000025805.1;GCF_000009045.1;GCF_000009785.1;GCF_000011245.1;GCF_005671335.1;GCF_006094295.1;GCF_034478925.1;GCF_034479305.1	1	2	GCF_000011245.1;GCF_034478925.1	-21.25	1.125	0
center	orthogroup_1047	9	9	GCA_000015785.2;GCA_000025805.1;GCF_000009045.1;GCF_000009785.1;GCF_000011245.1;GCF_005671335.1;GCF_006094295.1;GCF_034478925.1;GCF_034479305.1	1	1	GCF_006094295.1	9.0		0
center	orthogroup_1047	11	9	GCA_000015785.2;GCA_000025805.1;GCF_000009045.1;GCF_000009785.1;GCF_000011245.1;GCF_005671335.1;GCF_006094295.1;GCF_034478925.1;GCF_034479305.1	1	0				0
center	orthogroup_1047	12	9	GCA_000015785.2;GCA_000025805.1;GCF_000009045.1;GCF_000009785.1;GCF_000011245.1;GCF_005671335.1;GCF_006094295.1;GCF_034478925.1;GCF_034479305.1	1	1	GCF_000011245.1	0.5		0
center	orthogroup_1047	13	9	GCA_000015785.2;GCA_000025805.1;GCF_000009045.1;GCF_000009785.1;GCF_000011245.1;GCF_005671335.1;GCF_006094295.1;GCF_034478925.1;GCF_034479305.1	1	1	GCF_000011245.1	-1.5		0
center	orthogroup_1047	14	9	GCA_000015785.2;GCA_000025805.1;GCF_000009045.1;GCF_000009785.1;GCF_000011245.1;GCF_005671335.1;GCF_006094295.1;GCF_034478925.1;GCF_034479305.1	1	0				0
center	orthogroup_1052	1	5	GCA_000015785.2;GCF_000009045.1;GCF_000017885.4;GCF_005671335.1;GCF_034478925.1	0	0				0
center	orthogroup_1052	3	5	GCA_000015785.2;GCF_000009045.1;GCF_000017885.4;GCF_005671335.1;GCF_034478925.1	0	1	GCF_000009045.1	2.5		0
center	orthogroup_1052	4	5	GCA_000015785.2;GCF_000009045.1;GCF_000017885.4;GCF_005671335.1;GCF_034478925.1	0	0				0
center	orthogroup_1052	5	5	GCA_000015785.2;GCF_000009045.1;GCF_000017885.4;GCF_005671335.1;GCF_034478925.1	0	0				0
center	orthogroup_1052	6	5	GCA_000015785.2;GCF_000009045.1;GCF_000017885.4;GCF_005671335.1;GCF_034478925.1	0	0				0
center	orthogroup_1074	1	9	GCA_000015785.2;GCA_000025805.1;GCF_000009045.1;GCF_000011245.1;GCF_000017885.4;GCF_005671335.1;GCF_006094295.1;GCF_034478925.1;GCF_034479305.1	1	0				0
center	orthogroup_1074	2	9	GCA_000015785.2;GCA_000025805.1;GCF_000009045.1;GCF_000011245.1;GCF_000017885.4;GCF_005671335.1;GCF_006094295.1;GCF_034478925.1;GCF_034479305.1	1	0				0
center	orthogroup_1074	3	9	GCA_000015785.2;GCA_000025805.1;GCF_000009045.1;GCF_000011245.1;GCF_000017885.4;GCF_005671335.1;GCF_006094295.1;GCF_034478925.1;GCF_034479305.1	1	0				0
center	orthogroup_1074	4	9	GCA_000015785.2;GCA_000025805.1;GCF_000009045.1;GCF_000011245.1;GCF_000017885.4;GCF_005671335.1;GCF_006094295.1;GCF_034478925.1;GCF_034479305.1	1	0				0
center	orthogroup_109	1	10	GCA_000015785.2;GCA_000025805.1;GCF_000009045.1;GCF_000009785.1;GCF_000011245.1;GCF_000017885.4;GCF_005671335.1;GCF_006094295.1;GCF_034478925.1;GCF_034479305.1	1	3	GCF_000009045.1;GCF_005671335.1;GCF_034479305.1	-4.5	54.25	1
center	orthogroup_109	2	10	GCA_000015785.2;GCA_000025805.1;GCF_000009045.1;GCF_000009785.1;GCF_000011245.1;GCF_000017885.4;GCF_005671335.1;GCF_006094295.1;GCF_034478925.1;GCF_034479305.1	1	3	GCA_000025805.1;GCF_000011245.1;GCF_006094295.1	6.5	5.333333333333333	1
center	orthogroup_109	3	10	GCA_000015785.2;GCA_000025805.1;GCF_000009045.1;GCF_000009785.1;GCF_000011245.1;GCF_000017885.4;GCF_005671335.1;GCF_006094295.1;GCF_034478925.1;GCF_034479305.1	1	0				0
center	orthogroup_109	4	10	GCA_000015785.2;GCA_000025805.1;GCF_000009045.1;GCF_000009785.1;GCF_000011245.1;GCF_000017885.4;GCF_005671335.1;GCF_006094295.1;GCF_034478925.1;GCF_034479305.1	1	1	GCF_034478925.1	-2.5		0
center	orthogroup_109	5	10	GCA_000015785.2;GCA_000025805.1;GCF_000009045.1;GCF_000009785.1;GCF_000011245.1;GCF_000017885.4;GCF_005671335.1;GCF_006094295.1;GCF_034478925.1;GCF_034479305.1	1	0				0
center	orthogroup_109	6	10	GCA_000015785.2;GCA_000025805.1;GCF_000009045.1;GCF_000009785.1;GCF_000011245.1;GCF_000017885.4;GCF_005671335.1;GCF_006094295.1;GCF_034478925.1;GCF_034479305.1	1	0				0
center	orthogroup_109	7	10	GCA_000015785.2;GCA_000025805.1;GCF_000009045.1;GCF_000009785.1;GCF_000011245.1;GCF_000017885.4;GCF_005671335.1;GCF_006094295.1;GCF_034478925.1;GCF_034479305.1	1	0				0
center	orthogroup_109	8	10	GCA_000015785.2;GCA_000025805.1;GCF_000009045.1;GCF_000009785.1;GCF_000011245.1;GCF_000017885.4;GCF_005671335.1;GCF_006094295.1;GCF_034478925.1;GCF_034479305.1	1	0				0
center	orthogroup_109	9	10	GCA_000015785.2;GCA_000025805.1;GCF_000009045.1;GCF_000009785.1;GCF_000011245.1;GCF_000017885.4;GCF_005671335.1;GCF_006094295.1;GCF_034478925.1;GCF_034479305.1	1	1	GCA_000025805.1	9.0		0
center	orthogroup_109	10	10	GCA_000015785.2;GCA_000025805.1;GCF_000009045.1;GCF_000009785.1;GCF_000011245.1;GCF_000017885.4;GCF_005671335.1;GCF_006094295.1;GCF_034478925.1;GCF_034479305.1	1	0				0
center	orthogroup_1117	1	9	GCA_000015785.2;GCA_000025805.1;GCF_000009045.1;GCF_000009785.1;GCF_000011245.1;GCF_000017885.4;GCF_005671335.1;GCF_006094295.1;GCF_034478925.1	1	0				0
center	orthogroup_1117	2	9	GCA_000015785.2;GCA_000025805.1;GCF_000009045.1;GCF_000009785.1;GCF_000011245.1;GCF_000017885.4;GCF_005671335.1;GCF_006094295.1;GCF_034478925.1	1	0				0
center	orthogroup_1117	3	9	GCA_000015785.2;GCA_000025805.1;GCF_000009045.1;GCF_000009785.1;GCF_000011245.1;GCF_000017885.4;GCF_005671335.1;GCF_006094295.1;GCF_034478925.1	1	1	GCF_006094295.1	1.0		0
center	orthogroup_1117	4	9	GCA_000015785.2;GCA_000025805.1;GCF_000009045.1;GCF_000009785.1;GCF_000011245.1;GCF_000017885.4;GCF_005671335.1;GCF_006094295.1;GCF_034478925.1	1	0				0
center	orthogroup_1117	5	9	GCA_000015785.2;GCA_000025805.1;GCF_000009045.1;GCF_000009785.1;GCF_000011245.1;GCF_000017885.4;GCF_005671335.1;GCF_006094295.1;GCF_034478925.1	1	0				0
center	orthogroup_1117	6	9	GCA_000015785.2;GCA_000025805.1;GCF_000009045.1;GCF_000009785.1;GCF_000011245.1;GCF_000017885.4;GCF_005671335.1;GCF_006094295.1;GCF_034478925.1	1	0				0
center	orthogroup_1117	7	9	GCA_000015785.2;GCA_000025805.1;GCF_000009045.1;GCF_000009785.1;GCF_000011245.1;GCF_000017885.4;GCF_005671335.1;GCF_006094295.1;GCF_034478925.1	1	0				0
center	orthogroup_1117	8	9	GCA_000015785.2;GCA_000025805.1;GCF_000009045.1;GCF_000009785.1;GCF_000011245.1;GCF_000017885.4;GCF_005671335.1;GCF_006094295.1;GCF_034478925.1	1	0				0
center	orthogroup_1117	9	9	GCA_000015785.2;GCA_000025805.1;GCF_000009045.1;GCF_000009785.1;GCF_000011245.1;GCF_000017885.4;GCF_005671335.1;GCF_006094295.1;GCF_034478925.1	1	0				0
center	orthogroup_1117	10	9	GCA_000015785.2;GCA_000025805.1;GCF_000009045.1;GCF_000009785.1;GCF_000011245.1;GCF_000017885.4;GCF_005671335.1;GCF_006094295.1;GCF_034478925.1	1	0				0
center	orthogroup_1117	11	9	GCA_000015785.2;GCA_000025805.1;GCF_000009045.1;GCF_000009785.1;GCF_000011245.1;GCF_000017885.4;GCF_005671335.1;GCF_006094295.1;GCF_034478925.1	1	0				0
center	orthogroup_1117	12	9	GCA_000015785.2;GCA_000025805.1;GCF_000009045.1;GCF_000009785.1;GCF_000011245.1;GCF_000017885.4;GCF_005671335.1;GCF_006094295.1;GCF_034478925.1	1	1	GCA_000025805.1	21.5		0
center	orthogroup_1120	1	9	GCA_000015785.2;GCA_000025805.1;GCF_000009045.1;GCF_000011245.1;GCF_000017885.4;GCF_005671335.1;GCF_006094295.1;GCF_034478925.1;GCF_034479305.1	1	2	GCF_005671335.1;GCF_034479305.1	-11.25	120.125	0
center	orthogroup_1120	2	9	GCA_000015785.2;GCA_000025805.1;GCF_000009045.1;GCF_000011245.1;GCF_000017885.4;GCF_005671335.1;GCF_006094295.1;GCF_034478925.1;GCF_034479305.1	1	0				0
center	orthogroup_1120	3	9	GCA_000015785.2;GCA_000025805.1;GCF_000009045.1;GCF_000011245.1;GCF_000017885.4;GCF_005671335.1;GCF_006094295.1;GCF_034478925.1;GCF_034479305.1	1	1	GCF_000017885.4	-5.5		0
center	orthogroup_1120	4	9	GCA_000015785.2;GCA_000025805.1;GCF_000009045.1;GCF_000011245.1;GCF_000017885.4;GCF_005671335.1;GCF_006094295.1;GCF_034478925.1;GCF_034479305.1	1	0				0
center	orthogroup_1120	5	9	GCA_000015785.2;GCA_000025805.1;GCF_000009045.1;GCF_000011245.1;GCF_000017885.4;GCF_005671335.1;GCF_006094295.1;GCF_034478925.1;GCF_034479305.1	1	0				0
center	orthogroup_1120	6	9	GCA_000015785.2;GCA_000025805.1;GCF_000009045.1;GCF_000011245.1;GCF_000017885.4;GCF_005671335.1;GCF_006094295.1;GCF_034478925.1;GCF_034479305.1	1	0				0
center	orthogroup_1120	7	9	GCA_000015785.2;GCA_000025805.1;GCF_000009045.1;GCF_000011245.1;GCF_000017885.4;GCF_005671335.1;GCF_006094295.1;GCF_034478925.1;GCF_034479305.1	1	0				0
center	orthogroup_1125	1	9	GCA_000015785.2;GCA_000025805.1;GCF_000009045.1;GCF_000009785.1;GCF_000011245.1;GCF_000017885.4;GCF_005671335.1;GCF_034478925.1;GCF_034479305.1	1	0				0
center	orthogroup_1125	2	9	GCA_000015785.2;GCA_000025805.1;GCF_000009045.1;GCF_000009785.1;GCF_000011245.1;GCF_000017885.4;GCF_005671335.1;GCF_034478925.1;GCF_034479305.1	1	0				0
center	orthogroup_1125	3	9	GCA_000015785.2;GCA_000025805.1;GCF_000009045.1;GCF_000009785.1;GCF_000011245.1;GCF_000017885.4;GCF_005671335.1;GCF_034478925.1;GCF_034479305.1	1	0				0
center	orthogroup_1125	4	9	GCA_000015785.2;GCA_000025805.1;GCF_000009045.1;GCF_000009785.1;GCF_000011245.1;GCF_000017885.4;GCF_005671335.1;GCF_034478925.1;GCF_034479305.1	1	1	GCF_034478925.1	-16.0		0
center	orthogroup_1125	5	9	GCA_000015785.2;GCA_000025805.1;GCF_000009045.1;GCF_000009785.1;GCF_000011245.1;GCF_000017885.4;GCF_005671335.1;GCF_034478925.1;GCF_034479305.1	1	1	GCF_034479305.1	28.0		0
center	orthogroup_1140	1	9	GCA_000015785.2;GCA_000025805.1;GCF_000009045.1;GCF_000009785.1;GCF_000017885.4;GCF_005671335.1;GCF_006094295.1;GCF_034478925.1;GCF_034479305.1	1	0				0
center	orthogroup_1140	2	9	GCA_000015785.2;GCA_000025805.1;GCF_000009045.1;GCF_000009785.1;GCF_000017885.4;GCF_005671335.1;GCF_006094295.1;GCF_034478925.1;GCF_034479305.1	1	1	GCA_000025805.1	4.0		0
center	orthogroup_1140	3	9	GCA_000015785.2;GCA_000025805.1;GCF_000009045.1;GCF_000009785.1;GCF_000017885.4;GCF_005671335.1;GCF_006094295.1;GCF_034478925.1;GCF_034479305.1	1	1	GCF_034479305.1	7.0		0
center	orthogroup_1140	4	9	GCA_000015785.2;GCA_000025805.1;GCF_000009045.1;GCF_000009785.1;GCF_000017885.4;GCF_005671335.1;GCF_006094295.1;GCF_034478925.1;GCF_034479305.1	1	0				0
center	orthogroup_1140	5	9	GCA_000015785.2;GCA_000025805.1;GCF_000009045.1;GCF_000009785.1;GCF_000017885.4;GCF_005671335.1;GCF_006094295.1;GCF_034478925.1;GCF_034479305.1	1	1	GCF_034478925.1	-5.5		0
center	orthogroup_1140	6	9	GCA_000015785.2;GCA_000025805.1;GCF_000009045.1;GCF_000009785.1;GCF_000017885.4;GCF_005671335.1;GCF_006094295.1;GCF_034478925.1;GCF_034479305.1	1	1	GCA_000015785.2	4.5		0
center	orthogroup_1140	7	9	GCA_000015785.2;GCA_000025805.1;GCF_000009045.1;GCF_000009785.1;GCF_000017885.4;GCF_005671335.1;GCF_006094295.1;GCF_034478925.1;GCF_034479305.1	1	2	GCF_000009785.1;GCF_006094295.1	-2.0	18.0	0
center	orthogroup_1141	1	9	GCA_000015785.2;GCA_000025805.1;GCF_000009045.1;GCF_000009785.1;GCF_000011245.1;GCF_000017885.4;GCF_005671335.1;GCF_034478925.1;GCF_034479305.1	1	0				0
center	orthogroup_1141	2	9	GCA_000015785.2;GCA_000025805.1;GCF_000009045.1;GCF_000009785.1;GCF_000011245.1;GCF_000017885.4;GCF_005671335.1;GCF_034478925.1;GCF_034479305.1	1	0				0
center	orthogroup_1141	3	9	GCA_000015785.2;GCA_000025805.1;GCF_000009045.1;GCF_000009785.1;GCF_000011245.1;GCF_000017885.4;GCF_005671335.1;GCF_034478925.1;GCF_034479305.1	1	0				0
center	orthogroup_1141	4	9	GCA_000015785.2;GCA_000025805.1;GCF_000009045.1;GCF_000009785.1;GCF_000011245.1;GCF_000017885.4;GCF_005671335.1;GCF_034478925.1;GCF_034479305.1	1	0				0
center	orthogroup_1141	5	9	GCA_000015785.2;GCA_000025805.1;GCF_000009045.1;GCF_000009785.1;GCF_000011245.1;GCF_000017885.4;GCF_005671335.1;GCF_034478925.1;GCF_034479305.1	1	0				0
center	orthogroup_1141	6	9	GCA_000015785.2;GCA_000025805.1;GCF_000009045.1;GCF_000009785.1;GCF_000011245.1;GCF_000017885.4;GCF_005671335.1;GCF_034478925.1;GCF_034479305.1	1	0				0
center	orthogroup_1141	7	9	GCA_000015785.2;GCA_000025805.1;GCF_000009045.1;GCF_000009785.1;GCF_000011245.1;GCF_000017885.4;GCF_005671335.1;GCF_034478925.1;GCF_034479305.1	1	0				0
center	orthogroup_1150	1	9	GCA_000015785.2;GCA_000025805.1;GCF_000009045.1;GCF_000009785.1;GCF_000017885.4;GCF_005671335.1;GCF_006094295.1;GCF_034478925.1;GCF_034479305.1	1	0				0
center	orthogroup_1150	2	9	GCA_000015785.2;GCA_000025805.1;GCF_000009045.1;GCF_000009785.1;GCF_000017885.4;GCF_005671335.1;GCF_006094295.1;GCF_034478925.1;GCF_034479305.1	1	1	GCF_000009785.1	-1.5		0
center	orthogroup_1150	3	9	GCA_000015785.2;GCA_000025805.1;GCF_000009045.1;GCF_000009785.1;GCF_000017885.4;GCF_005671335.1;GCF_006094295.1;GCF_034478925.1;GCF_034479305.1	1	1	GCF_000017885.4	-5.0		0
center	orthogroup_1152	1	9	GCA_000015785.2;GCA_000025805.1;GCF_000009045.1;GCF_000009785.1;GCF_000017885.4;GCF_005671335.1;GCF_006094295.1;GCF_034478925.1;GCF_034479305.1	1	7	GCA_000015785.2;GCA_000025805.1;GCF_000009045.1;GCF_000009785.1;GCF_000017885.4;GCF_005671335.1;GCF_006094295.1	-0.5	2610.535714285714	1
center	orthogroup_1152	2	9	GCA_000015785.2;GCA_000025805.1;GCF_000009045.1;GCF_000009785.1;GCF_000017885.4;GCF_005671335.1;GCF_006094295.1;GCF_034478925.1;GCF_034479305.1	1	3	GCA_000015785.2;GCF_006094295.1;GCF_034479305.1	30.5	561.3333333333334	1
center	orthogroup_1152	3	9	GCA_000015785.2;GCA_000025805.1;GCF_000009045.1;GCF_000009785.1;GCF_000017885.4;GCF_005671335.1;GCF_006094295.1;GCF_034478925.1;GCF_034479305.1	1	2	GCF_000017885.4;GCF_034478925.1	-29.0	2244.5	0
center	orthogroup_1153	1	9	GCA_000015785.2;GCA_000025805.1;GCF_000009045.1;GCF_000011245.1;GCF_000017885.4;GCF_005671335.1;GCF_006094295.1;GCF_034478925.1;GCF_034479305.1	1	0				0
center	orthogroup_1153	2	9	GCA_000015785.2;GCA_000025805.1;GCF_000009045.1;GCF_000011245.1;GCF_000017885.4;GCF_005671335.1;GCF_006094295.1;GCF_034478925.1;GCF_034479305.1	1	1	GCA_000025805.1	-7.5		0
center	orthogroup_1153	3	9	GCA_000015785.2;GCA_000025805.1;GCF_000009045.1;GCF_000011245.1;GCF_000017885.4;GCF_005671335.1;GCF_006094295.1;GCF_034478925.1;GCF_034479305.1	1	0				0
center	orthogroup_1153	4	9	GCA_000015785.2;GCA_000025805.1;GCF_000009045.1;GCF_000011245.1;GCF_000017885.4;GCF_005671335.1;GCF_006094295.1;GCF_034478925.1;GCF_034479305.1	1	0				0
center	orthogroup_1153	5	9	GCA_000015785.2;GCA_000025805.1;GCF_000009045.1;GCF_000011245.1;GCF_000017885.4;GCF_005671335.1;GCF_006094295.1;GCF_034478925.1;GCF_034479305.1	1	0				0
center	orthogroup_1153	6	9	GCA_000015785.2;GCA_000025805.1;GCF_000009045.1;GCF_000011245.1;GCF_000017885.4;GCF_005671335.1;GCF_006094295.1;GCF_034478925.1;GCF_034479305.1	1	1	GCF_000011245.1	5.0		0
center	orthogroup_1175	1	9	GCA_000015785.2;GCA_000025805.1;GCF_000009045.1;GCF_000009785.1;GCF_000017885.4;GCF_005671335.1;GCF_006094295.1;GCF_034478925.1;GCF_034479305.1	1	0				0
center	orthogroup_1175	2	9	GCA_000015785.2;GCA_000025805.1;GCF_000009045.1;GCF_000009785.1;GCF_000017885.4;GCF_005671335.1;GCF_006094295.1;GCF_034478925.1;GCF_034479305.1	1	0				0
center	orthogroup_1175	3	9	GCA_000015785.2;GCA_000025805.1;GCF_000009045.1;GCF_000009785.1;GCF_000017885.4;GCF_005671335.1;GCF_006094295.1;GCF_034478925.1;GCF_034479305.1	1	0				0
center	orthogroup_1175	4	9	GCA_000015785.2;GCA_000025805.1;GCF_000009045.1;GCF_000009785.1;GCF_000017885.4;GCF_005671335.1;GCF_006094295.1;GCF_034478925.1;GCF_034479305.1	1	0				0
center	orthogroup_1175	5	9	GCA_000015785.2;GCA_000025805.1;GCF_000009045.1;GCF_000009785.1;GCF_000017885.4;GCF_005671335.1;GCF_006094295.1;GCF_034478925.1;GCF_034479305.1	1	0				0
center	orthogroup_1175	6	9	GCA_000015785.2;GCA_000025805.1;GCF_000009045.1;GCF_000009785.1;GCF_000017885.4;GCF_005671335.1;GCF_006094295.1;GCF_034478925.1;GCF_034479305.1	1	0				0
center	orthogroup_1176	1	9	GCA_000015785.2;GCA_000025805.1;GCF_000009045.1;GCF_000011245.1;GCF_000017885.4;GCF_005671335.1;GCF_006094295.1;GCF_034478925.1;GCF_034479305.1	1	1	GCF_000009045.1	7.0		0
center	orthogroup_1176	2	9	GCA_000015785.2;GCA_000025805.1;GCF_000009045.1;GCF_000011245.1;GCF_000017885.4;GCF_005671335.1;GCF_006094295.1;GCF_034478925.1;GCF_034479305.1	1	0				0
center	orthogroup_1176	3	9	GCA_000015785.2;GCA_000025805.1;GCF_000009045.1;GCF_000011245.1;GCF_000017885.4;GCF_005671335.1;GCF_006094295.1;GCF_034478925.1;GCF_034479305.1	1	0				0
center	orthogroup_1176	4	9	GCA_000015785.2;GCA_000025805.1;GCF_000009045.1;GCF_000011245.1;GCF_000017885.4;GCF_005671335.1;GCF_006094295.1;GCF_034478925.1;GCF_034479305.1	1	0				0
center	orthogroup_1181	1	9	GCA_000015785.2;GCA_000025805.1;GCF_000009785.1;GCF_000011245.1;GCF_000017885.4;GCF_005671335.1;GCF_006094295.1;GCF_034478925.1;GCF_034479305.1	1	0				0
center	orthogroup_1181	2	9	GCA_000015785.2;GCA_000025805.1;GCF_000009785.1;GCF_000011245.1;GCF_000017885.4;GCF_005671335.1;GCF_006094295.1;GCF_034478925.1;GCF_034479305.1	1	0				0
center	orthogroup_1181	3	9	GCA_000015785.2;GCA_000025805.1;GCF_000009785.1;GCF_000011245.1;GCF_000017885.4;GCF_005671335.1;GCF_006094295.1;GCF_034478925.1;GCF_034479305.1	1	0				0
center	orthogroup_1181	4	9	GCA_000015785.2;GCA_000025805.1;GCF_000009785.1;GCF_000011245.1;GCF_000017885.4;GCF_005671335.1;GCF_006094295.1;GCF_034478925.1;GCF_034479305.1	1	1	GCF_005671335.1	2.0		0
center	orthogroup_1181	5	9	GCA_000015785.2;GCA_000025805.1;GCF_000009785.1;GCF_000011245.1;GCF_000017885.4;GCF_005671335.1;GCF_006094295.1;GCF_034478925.1;GCF_034479305.1	1	0				0
center	orthogroup_1181	6	9	GCA_000015785.2;GCA_000025805.1;GCF_000009785.1;GCF_000011245.1;GCF_000017885.4;GCF_005671335.1;GCF_006094295.1;GCF_034478925.1;GCF_034479305.1	1	0				0
center	orthogroup_1181	7	9	GCA_000015785.2;GCA_000025805.1;GCF_000009785.1;GCF_000011245.1;GCF_000017885.4;GCF_005671335.1;GCF_006094295.1;GCF_034478925.1;GCF_034479305.1	1	0				0
center	orthogroup_1181	8	9	GCA_000015785.2;GCA_000025805.1;GCF_000009785.1;GCF_000011245.1;GCF_000017885.4;GCF_005671335.1;GCF_006094295.1;GCF_034478925.1;GCF_034479305.1	1	1	GCF_034478925.1	16.5		0
center	orthogroup_1188	1	9	GCA_000015785.2;GCA_000025805.1;GCF_000009045.1;GCF_000009785.1;GCF_000011245.1;GCF_000017885.4;GCF_005671335.1;GCF_034478925.1;GCF_034479305.1	1	0				0
center	orthogroup_1188	2	9	GCA_000015785.2;GCA_000025805.1;GCF_000009045.1;GCF_000009785.1;GCF_000011245.1;GCF_000017885.4;GCF_005671335.1;GCF_034478925.1;GCF_034479305.1	1	0				0
center	orthogroup_1188	3	9	GCA_000015785.2;GCA_000025805.1;GCF_000009045.1;GCF_000009785.1;GCF_000011245.1;GCF_000017885.4;GCF_005671335.1;GCF_034478925.1;GCF_034479305.1	1	1	GCF_000009045.1	9.5		0
center	orthogroup_1188	4	9	GCA_000015785.2;GCA_000025805.1;GCF_000009045.1;GCF_000009785.1;GCF_000011245.1;GCF_000017885.4;GCF_005671335.1;GCF_034478925.1;GCF_034479305.1	1	1	GCF_000009785.1	-10.5		0
center	orthogroup_1188	5	9	GCA_000015785.2;GCA_000025805.1;GCF_000009045.1;GCF_000009785.1;GCF_000011245.1;GCF_000017885.4;GCF_005671335.1;GCF_034478925.1;GCF_034479305.1	1	1	GCF_034478925.1	-16.0		0
center	orthogroup_1188	6	9	GCA_000015785.2;GCA_000025805.1;GCF_000009045.1;GCF_000009785.1;GCF_000011245.1;GCF_000017885.4;GCF_005671335.1;GCF_034478925.1;GCF_034479305.1	1	0				0
center	orthogroup_1188	7	9	GCA_000015785.2;GCA_000025805.1;GCF_000009045.1;GCF_000009785.1;GCF_000011245.1;GCF_000017885.4;GCF_005671335.1;GCF_034478925.1;GCF_034479305.1	1	3	GCA_000015785.2;GCF_000009785.1;GCF_005671335.1	38.5	2566.5833333333335	1
center	orthogroup_1188	8	9	GCA_000015785.2;GCA_000025805.1;GCF_000009045.1;GCF_000009785.1;GCF_000011245.1;GCF_000017885.4;GCF_005671335.1;GCF_034478925.1;GCF_034479305.1	1	2	GCF_005671335.1;GCF_034478925.1	-62.25	6216.125	0
center	orthogroup_1188	9	9	GCA_000015785.2;GCA_000025805.1;GCF_000009045.1;GCF_000009785.1;GCF_000011245.1;GCF_000017885.4;GCF_005671335.1;GCF_034478925.1;GCF_034479305.1	1	2	GCF_000011245.1;GCF_034478925.1	-15.25	10.125	0
center	orthogroup_1188	10	9	GCA_000015785.2;GCA_000025805.1;GCF_000009045.1;GCF_000009785.1;GCF_000011245.1;GCF_000017885.4;GCF_005671335.1;GCF_034478925.1;GCF_034479305.1	1	1	GCF_034479305.1	15.5		0
center	orthogroup_1191	1	9	GCA_000015785.2;GCA_000025805.1;GCF_000009045.1;GCF_000009785.1;GCF_000011245.1;GCF_000017885.4;GCF_006094295.1;GCF_034478925.1;GCF_034479305.1	1	0				0
center	orthogroup_1191	2	9	GCA_000015785.2;GCA_000025805.1;GCF_000009045.1;GCF_000009785.1;GCF_000011245.1;GCF_000017885.4;GCF_006094295.1;GCF_034478925.1;GCF_034479305.1	1	0				0
center	orthogroup_1191	3	9	GCA_000015785.2;GCA_000025805.1;GCF_000009045.1;GCF_000009785.1;GCF_000011245.1;GCF_000017885.4;GCF_006094295.1;GCF_034478925.1;GCF_034479305.1	1	1	GCF_006094295.1	-4.5		0
center	orthogroup_1191	4	9	GCA_000015785.2;GCA_000025805.1;GCF_000009045.1;GCF_000009785.1;GCF_000011245.1;GCF_000017885.4;GCF_006094295.1;GCF_034478925.1;GCF_034479305.1	1	1	GCF_006094295.1	0.0		0
center	orthogroup_1191	5	9	GCA_000015785.2;GCA_000025805.1;GCF_000009045.1;GCF_000009785.1;GCF_000011245.1;GCF_000017885.4;GCF_006094295.1;GCF_034478925.1;GCF_034479305.1	1	0				0
center	orthogroup_1191	6	9	GCA_000015785.2;GCA_000025805.1;GCF_000009045.1;GCF_000009785.1;GCF_000011245.1;GCF_000017885.4;GCF_006094295.1;GCF_034478925.1;GCF_034479305.1	1	1	GCF_034479305.1	14.5		0
center	orthogroup_1192	1	8	GCA_000015785.2;GCA_000025805.1;GCF_000009045.1;GCF_000009785.1;GCF_000017885.4;GCF_005671335.1;GCF_006094295.1;GCF_034478925.1	1	0				0
center	orthogroup_1192	2	8	GCA_000015785.2;GCA_000025805.1;GCF_000009045.1;GCF_000009785.1;GCF_000017885.4;GCF_005671335.1;GCF_006094295.1;GCF_034478925.1	1	0				0
center	orthogroup_1192	3	8	GCA_000015785.2;GCA_000025805.1;GCF_000009045.1;GCF_000009785.1;GCF_000017885.4;GCF_005671335.1;GCF_006094295.1;GCF_034478925.1	1	1	GCF_000009785.1	-16.0		0
center	orthogroup_1192	4	8	GCA_000015785.2;GCA_000025805.1;GCF_000009045.1;GCF_000009785.1;GCF_000017885.4;GCF_005671335.1;GCF_006094295.1;GCF_034478925.1	1	0				0
center	orthogroup_1238	1	9	GCA_000015785.2;GCA_000025805.1;GCF_000009045.1;GCF_000009785.1;GCF_000011245.1;GCF_000017885.4;GCF_006094295.1;GCF_034478925.1;GCF_034479305.1	1	1	GCF_000011245.1	-0.5		0
center	orthogroup_1238	2	9	GCA_000015785.2;GCA_000025805.1;GCF_000009045.1;GCF_000009785.1;GCF_000011245.1;GCF_000017885.4;GCF_006094295.1;GCF_034478925.1;GCF_034479305.1	1	1	GCF_034478925.1	14.0		0
center	orthogroup_1238	3	9	GCA_000015785.2;GCA_000025805.1;GCF_000009045.1;GCF_000009785.1;GCF_000011245.1;GCF_000017885.4;GCF_006094295.1;GCF_034478925.1;GCF_034479305.1	1	0				0
center	orthogroup_124	1	10	GCA_000015785.2;GCA_000025805.1;GCF_000009045.1;GCF_000009785.1;GCF_000011245.1;GCF_000017885.4;GCF_005671335.1;GCF_006094295.1;GCF_034478925.1;GCF_034479305.1	1	0				0
center	orthogroup_124	2	10	GCA_000015785.2;GCA_000025805.1;GCF_000009045.1;GCF_000009785.1;GCF_000011245.1;GCF_000017885.4;GCF_005671335.1;GCF_006094295.1;GCF_034478925.1;GCF_034479305.1	1	0				0
center	orthogroup_124	3	10	GCA_000015785.2;GCA_000025805.1;GCF_000009045.1;GCF_000009785.1;GCF_000011245.1;GCF_000017885.4;GCF_005671335.1;GCF_006094295.1;GCF_034478925.1;GCF_034479305.1	1	1	GCF_006094295.1	-5.0		0
center	orthogroup_124	4	10	GCA_000015785.2;GCA_000025805.1;GCF_000009045.1;GCF_000009785.1;GCF_000011245.1;GCF_000017885.4;GCF_005671335.1;GCF_006094295.1;GCF_034478925.1;GCF_034479305.1	1	0				0
center	orthogroup_124	5	10	GCA_000015785.2;GCA_000025805.1;GCF_000009045.1;GCF_000009785.1;GCF_000011245.1;GCF_000017885.4;GCF_005671335.1;GCF_006094295.1;GCF_034478925.1;GCF_034479305.1	1	0				0
center	orthogroup_124	6	10	GCA_000015785.2;GCA_000025805.1;GCF_000009045.1;GCF_000009785.1;GCF_000011245.1;GCF_000017885.4;GCF_005671335.1;GCF_006094295.1;GCF_034478925.1;GCF_034479305.1	1	1	GCF_000009785.1	-2.0		0
center	orthogroup_1241	1	9	GCA_000015785.2;GCA_000025805.1;GCF_000009045.1;GCF_000009785.1;GCF_000011245.1;GCF_000017885.4;GCF_005671335.1;GCF_006094295.1;GCF_034478925.1	1	0				0
center	orthogroup_1241	2	9	GCA_000015785.2;GCA_000025805.1;GCF_000009045.1;GCF_000009785.1;GCF_000011245.1;GCF_000017885.4;GCF_005671335.1;GCF_006094295.1;GCF_034478925.1	1	0				0
center	orthogroup_1241	3	9	GCA_000015785.2;GCA_000025805.1;GCF_000009045.1;GCF_000009785.1;GCF_000011245.1;GCF_000017885.4;GCF_005671335.1;GCF_006094295.1;GCF_034478925.1	1	1	GCF_034478925.1	-10.0		0
center	orthogroup_1241	4	9	GCA_000015785.2;GCA_000025805.1;GCF_000009045.1;GCF_000009785.1;GCF_000011245.1;GCF_000017885.4;GCF_005671335.1;GCF_006094295.1;GCF_034478925.1	1	1	GCF_034478925.1	-0.5		0
center	orthogroup_1241	5	9	GCA_000015785.2;GCA_000025805.1;GCF_000009045.1;GCF_000009785.1;GCF_000011245.1;GCF_000017885.4;GCF_005671335.1;GCF_006094295.1;GCF_034478925.1	1	0				0
center	orthogroup_1241	6	9	GCA_000015785.2;GCA_000025805.1;GCF_000009045.1;GCF_000009785.1;GCF_000011245.1;GCF_000017885.4;GCF_005671335.1;GCF_006094295.1;GCF_034478925.1	1	1	GCF_000009045.1	2.5		0
center	orthogroup_1241	7	9	GCA_000015785.2;GCA_000025805.1;GCF_000009045.1;GCF_000009785.1;GCF_000011245.1;GCF_000017885.4;GCF_005671335.1;GCF_006094295.1;GCF_034478925.1	1	0				0
center	orthogroup_1241	8	9	GCA_000015785.2;GCA_000025805.1;GCF_000009045.1;GCF_000009785.1;GCF_000011245.1;GCF_000017885.4;GCF_005671335.1;GCF_006094295.1;GCF_034478925.1	1	1	GCF_005671335.1	13.5		0
center	orthogroup_1241	9	9	GCA_000015785.2;GCA_000025805.1;GCF_000009045.1;GCF_000009785.1;GCF_000011245.1;GCF_000017885.4;GCF_005671335.1;GCF_006094295.1;GCF_034478925.1	1	0				0
center	orthogroup_1241	10	9	GCA_000015785.2;GCA_000025805.1;GCF_000009045.1;GCF_000009785.1;GCF_000011245.1;GCF_000017885.4;GCF_005671335.1;GCF_006094295.1;GCF_034478925.1	1	0				0
center	orthogroup_1244	1	9	GCA_000025805.1;GCF_000009045.1;GCF_000009785.1;GCF_000011245.1;GCF_000017885.4;GCF_005671335.1;GCF_006094295.1;GCF_034478925.1;GCF_034479305.1	1	1	GCF_006094295.1	8.0		0
center	orthogroup_1244	2	9	GCA_000025805.1;GCF_000009045.1;GCF_000009785.1;GCF_000011245.1;GCF_000017885.4;GCF_005671335.1;GCF_006094295.1;GCF_034478925.1;GCF_034479305.1	1	1	GCF_005671335.1	-12.0		0
center	orthogroup_1244	3	9	GCA_000025805.1;GCF_000009045.1;GCF_000009785.1;GCF_000011245.1;GCF_000017885.4;GCF_005671335.1;GCF_006094295.1;GCF_034478925.1;GCF_034479305.1	1	1	GCF_006094295.1	-2.0		0
center	orthogroup_1244	4	9	GCA_000025805.1;GCF_000009045.1;GCF_000009785.1;GCF_000011245.1;GCF_000017885.4;GCF_005671335.1;GCF_006094295.1;GCF_034478925.1;GCF_034479305.1	1	0				0
center	orthogroup_1244	5	9	GCA_000025805.1;GCF_000009045.1;GCF_000009785.1;GCF_000011245.1;GCF_000017885.4;GCF_005671335.1;GCF_006094295.1;GCF_034478925.1;GCF_034479305.1	1	0				0
center	orthogroup_1244	6	9	GCA_000025805.1;GCF_000009045.1;GCF_000009785.1;GCF_000011245.1;GCF_000017885.4;GCF_005671335.1;GCF_006094295.1;GCF_034478925.1;GCF_034479305.1	1	0				0
center	orthogroup_1244	7	9	GCA_000025805.1;GCF_000009045.1;GCF_000009785.1;GCF_000011245.1;GCF_000017885.4;GCF_005671335.1;GCF_006094295.1;GCF_034478925.1;GCF_034479305.1	1	0				0
center	orthogroup_1244	8	9	GCA_000025805.1;GCF_000009045.1;GCF_000009785.1;GCF_000011245.1;GCF_000017885.4;GCF_005671335.1;GCF_006094295.1;GCF_034478925.1;GCF_034479305.1	1	0				0
center	orthogroup_1253	1	8	GCA_000015785.2;GCA_000025805.1;GCF_000009045.1;GCF_000011245.1;GCF_000017885.4;GCF_005671335.1;GCF_006094295.1;GCF_034478925.1	1	0				0
center	orthogroup_1253	2	8	GCA_000015785.2;GCA_000025805.1;GCF_000009045.1;GCF_000011245.1;GCF_000017885.4;GCF_005671335.1;GCF_006094295.1;GCF_034478925.1	1	0				0
center	orthogroup_1253	3	8	GCA_000015785.2;GCA_000025805.1;GCF_000009045.1;GCF_000011245.1;GCF_000017885.4;GCF_005671335.1;GCF_006094295.1;GCF_034478925.1	1	0				0
center	orthogroup_1253	4	8	GCA_000015785.2;GCA_000025805.1;GCF_000009045.1;GCF_000011245.1;GCF_000017885.4;GCF_005671335.1;GCF_006094295.1;GCF_034478925.1	1	0				0
center	orthogroup_1253	5	8	GCA_000015785.2;GCA_000025805.1;GCF_000009045.1;GCF_000011245.1;GCF_000017885.4;GCF_005671335.1;GCF_006094295.1;GCF_034478925.1	1	0				0
center	orthogroup_1253	6	8	GCA_000015785.2;GCA_000025805.1;GCF_000009045.1;GCF_000011245.1;GCF_000017885.4;GCF_005671335.1;GCF_006094295.1;GCF_034478925.1	1	1	GCA_000025805.1	1.0		0
center	orthogroup_1253	7	8	GCA_000015785.2;GCA_000025805.1;GCF_000009045.1;GCF_000011245.1;GCF_000017885.4;GCF_005671335.1;GCF_006094295.1;GCF_034478925.1	1	1	GCF_000017885.4	-4.0		0
center	orthogroup_1253	8	8	GCA_000015785.2;GCA_000025805.1;GCF_000009045.1;GCF_000011245.1;GCF_000017885.4;GCF_005671335.1;GCF_006094295.1;GCF_034478925.1	1	2	GCF_000011245.1;GCF_005671335.1	-8.25	435.125	0
center	orthogroup_1253	9	8	GCA_000015785.2;GCA_000025805.1;GCF_000009045.1;GCF_000011245.1;GCF_000017885.4;GCF_005671335.1;GCF_006094295.1;GCF_034478925.1	1	0				0
center	orthogroup_1253	10	8	GCA_000015785.2;GCA_000025805.1;GCF_000009045.1;GCF_000011245.1;GCF_000017885.4;GCF_005671335.1;GCF_006094295.1;GCF_034478925.1	1	0				0
center	orthogroup_1253	11	8	GCA_000015785.2;GCA_000025805.1;GCF_000009045.1;GCF_000011245.1;GCF_000017885.4;GCF_005671335.1;GCF_006094295.1;GCF_034478925.1	1	0				0
center	orthogroup_1253	12	8	GCA_000015785.2;GCA_000025805.1;GCF_000009045.1;GCF_000011245.1;GCF_000017885.4;GCF_005671335.1;GCF_006094295.1;GCF_034478925.1	1	0				0
center	orthogroup_1253	13	8	GCA_000015785.2;GCA_000025805.1;GCF_000009045.1;GCF_000011245.1;GCF_000017885.4;GCF_005671335.1;GCF_006094295.1;GCF_034478925.1	1	0				0
center	orthogroup_1253	14	8	GCA_000015785.2;GCA_000025805.1;GCF_000009045.1;GCF_000011245.1;GCF_000017885.4;GCF_005671335.1;GCF_006094295.1;GCF_034478925.1	1	1	GCF_000017885.4	10.0		0
center	orthogroup_1254	1	8	GCA_000015785.2;GCA_000025805.1;GCF_000009045.1;GCF_000009785.1;GCF_000017885.4;GCF_005671335.1;GCF_034478925.1;GCF_034479305.1	1	0				0
center	orthogroup_1254	2	8	GCA_000015785.2;GCA_000025805.1;GCF_000009045.1;GCF_000009785.1;GCF_000017885.4;GCF_005671335.1;GCF_034478925.1;GCF_034479305.1	1	0				0
center	orthogroup_1254	3	8	GCA_000015785.2;GCA_000025805.1;GCF_000009045.1;GCF_000009785.1;GCF_000017885.4;GCF_005671335.1;GCF_034478925.1;GCF_034479305.1	1	0				0
center	orthogroup_1254	4	8	GCA_000015785.2;GCA_000025805.1;GCF_000009045.1;GCF_000009785.1;GCF_000017885.4;GCF_005671335.1;GCF_034478925.1;GCF_034479305.1	1	0				0
center	orthogroup_1254	5	8	GCA_000015785.2;GCA_000025805.1;GCF_000009045.1;GCF_000009785.1;GCF_000017885.4;GCF_005671335.1;GCF_034478925.1;GCF_034479305.1	1	1	GCA_000025805.1	-8.5		0
center	orthogroup_1254	6	8	GCA_000015785.2;GCA_000025805.1;GCF_000009045.1;GCF_000009785.1;GCF_000017885.4;GCF_005671335.1;GCF_034478925.1;GCF_034479305.1	1	0				0
center	orthogroup_1254	7	8	GCA_000015785.2;GCA_000025805.1;GCF_000009045.1;GCF_000009785.1;GCF_000017885.4;GCF_005671335.1;GCF_034478925.1;GCF_034479305.1	1	0				0
center	orthogroup_1254	8	8	GCA_000015785.2;GCA_000025805.1;GCF_000009045.1;GCF_000009785.1;GCF_000017885.4;GCF_005671335.1;GCF_034478925.1;GCF_034479305.1	1	0				0
center	orthogroup_1254	9	8	GCA_000015785.2;GCA_000025805.1;GCF_000009045.1;GCF_000009785.1;GCF_000017885.4;GCF_005671335.1;GCF_034478925.1;GCF_034479305.1	1	0				0
center	orthogroup_1254	10	8	GCA_000015785.2;GCA_000025805.1;GCF_000009045.1;GCF_000009785.1;GCF_000017885.4;GCF_005671335.1;GCF_034478925.1;GCF_034479305.1	1	1	GCF_005671335.1	18.5		0
center	orthogroup_126	1	10	GCA_000015785.2;GCA_000025805.1;GCF_000009045.1;GCF_000009785.1;GCF_000011245.1;GCF_000017885.4;GCF_005671335.1;GCF_006094295.1;GCF_034478925.1;GCF_034479305.1	1	1	GCF_005671335.1	-5.0		0
center	orthogroup_126	2	10	GCA_000015785.2;GCA_000025805.1;GCF_000009045.1;GCF_000009785.1;GCF_000011245.1;GCF_000017885.4;GCF_005671335.1;GCF_006094295.1;GCF_034478925.1;GCF_034479305.1	1	0				0
center	orthogroup_126	3	10	GCA_000015785.2;GCA_000025805.1;GCF_000009045.1;GCF_000009785.1;GCF_000011245.1;GCF_000017885.4;GCF_005671335.1;GCF_006094295.1;GCF_034478925.1;GCF_034479305.1	1	5	GCF_000009045.1;GCF_000009785.1;GCF_000011245.1;GCF_000017885.4;GCF_005671335.1	168.0	2612.75	1
center	orthogroup_1261	1	8	GCA_000015785.2;GCF_000009045.1;GCF_000009785.1;GCF_000017885.4;GCF_005671335.1;GCF_006094295.1;GCF_034478925.1;GCF_034479305.1	1	1	GCF_034479305.1	-16.5		0
center	orthogroup_1261	2	8	GCA_000015785.2;GCF_000009045.1;GCF_000009785.1;GCF_000017885.4;GCF_005671335.1;GCF_006094295.1;GCF_034478925.1;GCF_034479305.1	1	2	GCF_000017885.4;GCF_034478925.1	19.75	45.125	0
center	orthogroup_1261	3	8	GCA_000015785.2;GCF_000009045.1;GCF_000009785.1;GCF_000017885.4;GCF_005671335.1;GCF_006094295.1;GCF_034478925.1;GCF_034479305.1	1	2	GCA_000015785.2;GCF_000017885.4	-28.25	136.125	0
center	orthogroup_1261	4	8	GCA_000015785.2;GCF_000009045.1;GCF_000009785.1;GCF_000017885.4;GCF_005671335.1;GCF_006094295.1;GCF_034478925.1;GCF_034479305.1	1	0				0
center	orthogroup_1261	5	8	GCA_000015785.2;GCF_000009045.1;GCF_000009785.1;GCF_000017885.4;GCF_005671335.1;GCF_006094295.1;GCF_034478925.1;GCF_034479305.1	1	2	GCF_005671335.1;GCF_006094295.1	-0.75	253.125	0
center	orthogroup_1261	6	8	GCA_000015785.2;GCF_000009045.1;GCF_000009785.1;GCF_000017885.4;GCF_005671335.1;GCF_006094295.1;GCF_034478925.1;GCF_034479305.1	1	0				0
center	orthogroup_1267	1	8	GCA_000015785.2;GCA_000025805.1;GCF_000009045.1;GCF_000009785.1;GCF_000011245.1;GCF_006094295.1;GCF_034478925.1;GCF_034479305.1	1	0				0
center	orthogroup_1267	2	8	GCA_000015785.2;GCA_000025805.1;GCF_000009045.1;GCF_000009785.1;GCF_000011245.1;GCF_006094295.1;GCF_034478925.1;GCF_034479305.1	1	1	GCF_000009785.1	2.0		0
center	orthogroup_1267	3	8	GCA_000015785.2;GCA_000025805.1;GCF_000009045.1;GCF_000009785.1;GCF_000011245.1;GCF_006094295.1;GCF_034478925.1;GCF_034479305.1	1	1	GCF_000009785.1	17.0		0
center	orthogroup_1267	4	8	GCA_000015785.2;GCA_000025805.1;GCF_000009045.1;GCF_000009785.1;GCF_000011245.1;GCF_006094295.1;GCF_034478925.1;GCF_034479305.1	1	0				0
center	orthogroup_1267	5	8	GCA_000015785.2;GCA_000025805.1;GCF_000009045.1;GCF_000009785.1;GCF_000011245.1;GCF_006094295.1;GCF_034478925.1;GCF_034479305.1	1	2	GCF_000009785.1;GCF_000011245.1	-2.25	91.125	0
center	orthogroup_1267	6	8	GCA_000015785.2;GCA_000025805.1;GCF_000009045.1;GCF_000009785.1;GCF_000011245.1;GCF_006094295.1;GCF_034478925.1;GCF_034479305.1	1	1	GCF_000009785.1	57.5		0
center	orthogroup_1274	1	8	GCA_000015785.2;GCA_000025805.1;GCF_000009045.1;GCF_000009785.1;GCF_000017885.4;GCF_005671335.1;GCF_006094295.1;GCF_034478925.1	1	0				0
center	orthogroup_1274	2	8	GCA_000015785.2;GCA_000025805.1;GCF_000009045.1;GCF_000009785.1;GCF_000017885.4;GCF_005671335.1;GCF_006094295.1;GCF_034478925.1	1	0				0
center	orthogroup_1274	3	8	GCA_000015785.2;GCA_000025805.1;GCF_000009045.1;GCF_000009785.1;GCF_000017885.4;GCF_005671335.1;GCF_006094295.1;GCF_034478925.1	1	0				0
center	orthogroup_1274	4	8	GCA_000015785.2;GCA_000025805.1;GCF_000009045.1;GCF_000009785.1;GCF_000017885.4;GCF_005671335.1;GCF_006094295.1;GCF_034478925.1	1	0				0
center	orthogroup_1274	5	8	GCA_000015785.2;GCA_000025805.1;GCF_000009045.1;GCF_000009785.1;GCF_000017885.4;GCF_005671335.1;GCF_006094295.1;GCF_034478925.1	1	1	GCF_005671335.1	11.5		0
center	orthogroup_1274	6	8	GCA_000015785.2;GCA_000025805.1;GCF_000009045.1;GCF_000009785.1;GCF_000017885.4;GCF_005671335.1;GCF_006094295.1;GCF_034478925.1	1	1	GCF_000009785.1	-4.5		0
center	orthogroup_1274	7	8	GCA_000015785.2;GCA_000025805.1;GCF_000009045.1;GCF_000009785.1;GCF_000017885.4;GCF_005671335.1;GCF_006094295.1;GCF_034478925.1	1	1	GCF_000009045.1	-21.5		0
center	orthogroup_1274	8	8	GCA_000015785.2;GCA_000025805.1;GCF_000009045.1;GCF_000009785.1;GCF_000017885.4;GCF_005671335.1;GCF_006094295.1;GCF_034478925.1	1	2	GCA_000015785.2;GCA_000025805.1	-6.5	0.5	0
center	orthogroup_1274	9	8	GCA_000015785.2;GCA_000025805.1;GCF_000009045.1;GCF_000009785.1;GCF_000017885.4;GCF_005671335.1;GCF_006094295.1;GCF_034478925.1	1	1	GCF_000009785.1	-5.5		0
center	orthogroup_1274	10	8	GCA_000015785.2;GCA_000025805.1;GCF_000009045.1;GCF_000009785.1;GCF_000017885.4;GCF_005671335.1;GCF_006094295.1;GCF_034478925.1	1	0				0
center	orthogroup_1274	11	8	GCA_000015785.2;GCA_000025805.1;GCF_000009045.1;GCF_000009785.1;GCF_000017885.4;GCF_005671335.1;GCF_006094295.1;GCF_034478925.1	1	1	GCF_000009045.1	-2.5		0
center	orthogroup_1274	12	8	GCA_000015785.2;GCA_000025805.1;GCF_000009045.1;GCF_000009785.1;GCF_000017885.4;GCF_005671335.1;GCF_006094295.1;GCF_034478925.1	1	0				0
center	orthogroup_1279	1	8	GCA_000015785.2;GCA_000025805.1;GCF_000009045.1;GCF_000017885.4;GCF_005671335.1;GCF_006094295.1;GCF_034478925.1;GCF_034479305.1	1	1	GCF_005671335.1	9.5		0
center	orthogroup_1279	2	8	GCA_000015785.2;GCA_000025805.1;GCF_000009045.1;GCF_000017885.4;GCF_005671335.1;GCF_006094295.1;GCF_034478925.1;GCF_034479305.1	1	0				0
center	orthogroup_1279	3	8	GCA_000015785.2;GCA_000025805.1;GCF_000009045.1;GCF_000017885.4;GCF_005671335.1;GCF_006094295.1;GCF_034478925.1;GCF_034479305.1	1	0				0
center	orthogroup_1279	4	8	GCA_000015785.2;GCA_000025805.1;GCF_000009045.1;GCF_000017885.4;GCF_005671335.1;GCF_006094295.1;GCF_034478925.1;GCF_034479305.1	1	0				0
center	orthogroup_1279	5	8	GCA_000015785.2;GCA_000025805.1;GCF_000009045.1;GCF_000017885.4;GCF_005671335.1;GCF_006094295.1;GCF_034478925.1;GCF_034479305.1	1	0				0
center	orthogroup_1279	6	8	GCA_000015785.2;GCA_000025805.1;GCF_000009045.1;GCF_000017885.4;GCF_005671335.1;GCF_006094295.1;GCF_034478925.1;GCF_034479305.1	1	2	GCF_005671335.1;GCF_034479305.1	96.25	20706.125	0
center	orthogroup_1299	1	8	GCA_000015785.2;GCA_000025805.1;GCF_000009045.1;GCF_000009785.1;GCF_000017885.4;GCF_005671335.1;GCF_006094295.1;GCF_034478925.1	1	1	GCF_005671335.1	-14.0		0
center	orthogroup_1299	2	8	GCA_000015785.2;GCA_000025805.1;GCF_000009045.1;GCF_000009785.1;GCF_000017885.4;GCF_005671335.1;GCF_006094295.1;GCF_034478925.1	1	0				0
center	orthogroup_1299	3	8	GCA_000015785.2;GCA_000025805.1;GCF_000009045.1;GCF_000009785.1;GCF_000017885.4;GCF_005671335.1;GCF_006094295.1;GCF_034478925.1	1	0				0
center	orthogroup_1299	4	8	GCA_000015785.2;GCA_000025805.1;GCF_000009045.1;GCF_000009785.1;GCF_000017885.4;GCF_005671335.1;GCF_006094295.1;GCF_034478925.1	1	0				0
center	orthogroup_1299	5	8	GCA_000015785.2;GCA_000025805.1;GCF_000009045.1;GCF_000009785.1;GCF_000017885.4;GCF_005671335.1;GCF_006094295.1;GCF_034478925.1	1	0				0
center	orthogroup_1299	6	8	GCA_000015785.2;GCA_000025805.1;GCF_000009045.1;GCF_000009785.1;GCF_000017885.4;GCF_005671335.1;GCF_006094295.1;GCF_034478925.1	1	1	GCF_000009785.1	-8.0		0
center	orthogroup_1299	7	8	GCA_000015785.2;GCA_000025805.1;GCF_000009045.1;GCF_000009785.1;GCF_000017885.4;GCF_005671335.1;GCF_006094295.1;GCF_034478925.1	1	0				0
center	orthogroup_1299	8	8	GCA_000015785.2;GCA_000025805.1;GCF_000009045.1;GCF_000009785.1;GCF_000017885.4;GCF_005671335.1;GCF_006094295.1;GCF_034478925.1	1	0				0
center	orthogroup_1299	9	8	GCA_000015785.2;GCA_000025805.1;GCF_000009045.1;GCF_000009785.1;GCF_000017885.4;GCF_005671335.1;GCF_006094295.1;GCF_034478925.1	1	1	GCF_005671335.1	18.5		0
center	orthogroup_1299	10	8	GCA_000015785.2;GCA_000025805.1;GCF_000009045.1;GCF_000009785.1;GCF_000017885.4;GCF_005671335.1;GCF_006094295.1;GCF_034478925.1	1	1	GCF_006094295.1	5.0		0
center	orthogroup_1299	11	8	GCA_000015785.2;GCA_000025805.1;GCF_000009045.1;GCF_000009785.1;GCF_000017885.4;GCF_005671335.1;GCF_006094295.1;GCF_034478925.1	1	1	GCF_005671335.1	12.0		0
center	orthogroup_1299	12	8	GCA_000015785.2;GCA_000025805.1;GCF_000009045.1;GCF_000009785.1;GCF_000017885.4;GCF_005671335.1;GCF_006094295.1;GCF_034478925.1	1	1	GCF_006094295.1	-2.5		0
center	orthogroup_1336	1	8	GCA_000015785.2;GCA_000025805.1;GCF_000009045.1;GCF_000017885.4;GCF_005671335.1;GCF_006094295.1;GCF_034478925.1;GCF_034479305.1	1	1	GCA_000025805.1	8.0		0
center	orthogroup_1336	2	8	GCA_000015785.2;GCA_000025805.1;GCF_000009045.1;GCF_000017885.4;GCF_005671335.1;GCF_006094295.1;GCF_034478925.1;GCF_034479305.1	1	0				0
center	orthogroup_1336	3	8	GCA_000015785.2;GCA_000025805.1;GCF_000009045.1;GCF_000017885.4;GCF_005671335.1;GCF_006094295.1;GCF_034478925.1;GCF_034479305.1	1	0				0
center	orthogroup_1336	4	8	GCA_000015785.2;GCA_000025805.1;GCF_000009045.1;GCF_000017885.4;GCF_005671335.1;GCF_006094295.1;GCF_034478925.1;GCF_034479305.1	1	0				0
center	orthogroup_1336	5	8	GCA_000015785.2;GCA_000025805.1;GCF_000009045.1;GCF_000017885.4;GCF_005671335.1;GCF_006094295.1;GCF_034478925.1;GCF_034479305.1	1	0				0
center	orthogroup_1339	1	8	GCA_000015785.2;GCA_000025805.1;GCF_000009045.1;GCF_000011245.1;GCF_000017885.4;GCF_005671335.1;GCF_034478925.1;GCF_034479305.1	1	0				0
center	orthogroup_1339	2	8	GCA_000015785.2;GCA_000025805.1;GCF_000009045.1;GCF_000011245.1;GCF_000017885.4;GCF_005671335.1;GCF_034478925.1;GCF_034479305.1	1	0				0
center	orthogroup_1339	3	8	GCA_000015785.2;GCA_000025805.1;GCF_000009045.1;GCF_000011245.1;GCF_000017885.4;GCF_005671335.1;GCF_034478925.1;GCF_034479305.1	1	0				0
center	orthogroup_1339	4	8	GCA_000015785.2;GCA_000025805.1;GCF_000009045.1;GCF_000011245.1;GCF_000017885.4;GCF_005671335.1;GCF_034478925.1;GCF_034479305.1	1	0				0
center	orthogroup_1339	5	8	GCA_000015785.2;GCA_000025805.1;GCF_000009045.1;GCF_000011245.1;GCF_000017885.4;GCF_005671335.1;GCF_034478925.1;GCF_034479305.1	1	1	GCF_000017885.4	-6.0		0
center	orthogroup_1339	6	8	GCA_000015785.2;GCA_000025805.1;GCF_000009045.1;GCF_000011245.1;GCF_000017885.4;GCF_005671335.1;GCF_034478925.1;GCF_034479305.1	1	0				0
center	orthogroup_1339	7	8	GCA_000015785.2;GCA_000025805.1;GCF_000009045.1;GCF_000011245.1;GCF_000017885.4;GCF_005671335.1;GCF_034478925.1;GCF_034479305.1	1	0				0
center	orthogroup_1339	8	8	GCA_000015785.2;GCA_000025805.1;GCF_000009045.1;GCF_000011245.1;GCF_000017885.4;GCF_005671335.1;GCF_034478925.1;GCF_034479305.1	1	0				0
center	orthogroup_1339	9	8	GCA_000015785.2;GCA_000025805.1;GCF_000009045.1;GCF_000011245.1;GCF_000017885.4;GCF_005671335.1;GCF_034478925.1;GCF_034479305.1	1	0				0
center	orthogroup_1339	10	8	GCA_000015785.2;GCA_000025805.1;GCF_000009045.1;GCF_000011245.1;GCF_000017885.4;GCF_005671335.1;GCF_034478925.1;GCF_034479305.1	1	1	GCF_000009045.1	-2.0		0
center	orthogroup_1354	1	8	GCA_000015785.2;GCA_000025805.1;GCF_000009045.1;GCF_000009785.1;GCF_000011245.1;GCF_000017885.4;GCF_006094295.1;GCF_034478925.1	1	1	GCF_000009785.1	-23.5		0
center	orthogroup_1354	2	8	GCA_000015785.2;GCA_000025805.1;GCF_000009045.1;GCF_000009785.1;GCF_000011245.1;GCF_000017885.4;GCF_006094295.1;GCF_034478925.1	1	0				0
center	orthogroup_1354	3	8	GCA_000015785.2;GCA_000025805.1;GCF_000009045.1;GCF_000009785.1;GCF_000011245.1;GCF_000017885.4;GCF_006094295.1;GCF_034478925.1	1	0				0
center	orthogroup_1354	4	8	GCA_000015785.2;GCA_000025805.1;GCF_000009045.1;GCF_000009785.1;GCF_000011245.1;GCF_000017885.4;GCF_006094295.1;GCF_034478925.1	1	0				0
center	orthogroup_1354	5	8	GCA_000015785.2;GCA_000025805.1;GCF_000009045.1;GCF_000009785.1;GCF_000011245.1;GCF_000017885.4;GCF_006094295.1;GCF_034478925.1	1	0				0
center	orthogroup_1354	6	8	GCA_000015785.2;GCA_000025805.1;GCF_000009045.1;GCF_000009785.1;GCF_000011245.1;GCF_000017885.4;GCF_006094295.1;GCF_034478925.1	1	0				0
center	orthogroup_1356	1	8	GCA_000015785.2;GCA_000025805.1;GCF_000009045.1;GCF_000009785.1;GCF_000011245.1;GCF_000017885.4;GCF_006094295.1;GCF_034478925.1	1	0				0
center	orthogroup_1356	2	8	GCA_000015785.2;GCA_000025805.1;GCF_000009045.1;GCF_000009785.1;GCF_000011245.1;GCF_000017885.4;GCF_006094295.1;GCF_034478925.1	1	0				0
center	orthogroup_1356	3	8	GCA_000015785.2;GCA_000025805.1;GCF_000009045.1;GCF_000009785.1;GCF_000011245.1;GCF_000017885.4;GCF_006094295.1;GCF_034478925.1	1	1	GCF_000009785.1	9.0		0
center	orthogroup_1356	4	8	GCA_000015785.2;GCA_000025805.1;GCF_000009045.1;GCF_000009785.1;GCF_000011245.1;GCF_000017885.4;GCF_006094295.1;GCF_034478925.1	1	0				0
center	orthogroup_136	1	7	GCA_000015785.2;GCA_000025805.1;GCF_000009045.1;GCF_000009785.1;GCF_000017885.4;GCF_006094295.1;GCF_034478925.1	0	0				0
center	orthogroup_136	2	7	GCA_000015785.2;GCA_000025805.1;GCF_000009045.1;GCF_000009785.1;GCF_000017885.4;GCF_006094295.1;GCF_034478925.1	0	0				0
center	orthogroup_136	3	7	GCA_000015785.2;GCA_000025805.1;GCF_000009045.1;GCF_000009785.1;GCF_000017885.4;GCF_006094295.1;GCF_034478925.1	0	0				0
center	orthogroup_136	4	7	GCA_000015785.2;GCA_000025805.1;GCF_000009045.1;GCF_000009785.1;GCF_000017885.4;GCF_006094295.1;GCF_034478925.1	0	0				0
center	orthogroup_136	5	7	GCA_000015785.2;GCA_000025805.1;GCF_000009045.1;GCF_000009785.1;GCF_000017885.4;GCF_006094295.1;GCF_034478925.1	0	0				0
center	orthogroup_136	6	7	GCA_000015785.2;GCA_000025805.1;GCF_000009045.1;GCF_000009785.1;GCF_000017885.4;GCF_006094295.1;GCF_034478925.1	0	0				0
center	orthogroup_1366	1	8	GCA_000015785.2;GCA_000025805.1;GCF_000009045.1;GCF_000009785.1;GCF_000017885.4;GCF_005671335.1;GCF_006094295.1;GCF_034478925.1	1	3	GCA_000015785.2;GCF_000017885.4;GCF_006094295.1	-36.5	801.0833333333334	1
center	orthogroup_1366	2	8	GCA_000015785.2;GCA_000025805.1;GCF_000009045.1;GCF_000009785.1;GCF_000017885.4;GCF_005671335.1;GCF_006094295.1;GCF_034478925.1	1	0				0
center	orthogroup_1366	3	8	GCA_000015785.2;GCA_000025805.1;GCF_000009045.1;GCF_000009785.1;GCF_000017885.4;GCF_005671335.1;GCF_006094295.1;GCF_034478925.1	1	0				0
center	orthogroup_1366	4	8	GCA_000015785.2;GCA_000025805.1;GCF_000009045.1;GCF_000009785.1;GCF_000017885.4;GCF_005671335.1;GCF_006094295.1;GCF_034478925.1	1	0				0
center	orthogroup_1370	1	8	GCA_000015785.2;GCA_000025805.1;GCF_000009045.1;GCF_000009785.1;GCF_000017885.4;GCF_005671335.1;GCF_006094295.1;GCF_034478925.1	1	0				0
center	orthogroup_1370	2	8	GCA_000015785.2;GCA_000025805.1;GCF_000009045.1;GCF_000009785.1;GCF_000017885.4;GCF_005671335.1;GCF_006094295.1;GCF_034478925.1	1	0				0
center	orthogroup_1370	3	8	GCA_000015785.2;GCA_000025805.1;GCF_000009045.1;GCF_000009785.1;GCF_000017885.4;GCF_005671335.1;GCF_006094295.1;GCF_034478925.1	1	0				0
center	orthogroup_1370	4	8	GCA_000015785.2;GCA_000025805.1;GCF_000009045.1;GCF_000009785.1;GCF_000017885.4;GCF_005671335.1;GCF_006094295.1;GCF_034478925.1	1	1	GCF_005671335.1	-5.0		0
center	orthogroup_1372	1	8	GCA_000015785.2;GCA_000025805.1;GCF_000009045.1;GCF_000011245.1;GCF_000017885.4;GCF_005671335.1;GCF_034478925.1;GCF_034479305.1	1	0				0
center	orthogroup_1372	2	8	GCA_000015785.2;GCA_000025805.1;GCF_000009045.1;GCF_000011245.1;GCF_000017885.4;GCF_005671335.1;GCF_034478925.1;GCF_034479305.1	1	1	GCF_034479305.1	4.5		0
center	orthogroup_1372	3	8	GCA_000015785.2;GCA_000025805.1;GCF_000009045.1;GCF_000011245.1;GCF_000017885.4;GCF_005671335.1;GCF_034478925.1;GCF_034479305.1	1	0				0
center	orthogroup_1372	4	8	GCA_000015785.2;GCA_000025805.1;GCF_000009045.1;GCF_000011245.1;GCF_000017885.4;GCF_005671335.1;GCF_034478925.1;GCF_034479305.1	1	0				0
center	orthogroup_1372	5	8	GCA_000015785.2;GCA_000025805.1;GCF_000009045.1;GCF_000011245.1;GCF_000017885.4;GCF_005671335.1;GCF_034478925.1;GCF_034479305.1	1	2	GCF_034478925.1;GCF_034479305.1	61.25	4005.125	0
center	orthogroup_1379	1	8	GCA_000015785.2;GCA_000025805.1;GCF_000009045.1;GCF_000009785.1;GCF_000011245.1;GCF_000017885.4;GCF_006094295.1;GCF_034478925.1	1	1	GCF_006094295.1	-2.5		0
center	orthogroup_1379	2	8	GCA_000015785.2;GCA_000025805.1;GCF_000009045.1;GCF_000009785.1;GCF_000011245.1;GCF_000017885.4;GCF_006094295.1;GCF_034478925.1	1	2	GCF_000009045.1;GCF_000017885.4	-64.5	3200.0	0
center	orthogroup_1379	3	8	GCA_000015785.2;GCA_000025805.1;GCF_000009045.1;GCF_000009785.1;GCF_000011245.1;GCF_000017885.4;GCF_006094295.1;GCF_034478925.1	1	0				0
center	orthogroup_1379	4	8	GCA_000015785.2;GCA_000025805.1;GCF_000009045.1;GCF_000009785.1;GCF_000011245.1;GCF_000017885.4;GCF_006094295.1;GCF_034478925.1	1	1	GCF_000009045.1	19.0		0
center	orthogroup_1379	5	8	GCA_000015785.2;GCA_000025805.1;GCF_000009045.1;GCF_000009785.1;GCF_000011245.1;GCF_000017885.4;GCF_006094295.1;GCF_034478925.1	1	0				0
center	orthogroup_1379	6	8	GCA_000015785.2;GCA_000025805.1;GCF_000009045.1;GCF_000009785.1;GCF_000011245.1;GCF_000017885.4;GCF_006094295.1;GCF_034478925.1	1	0				0
center	orthogroup_1379	7	8	GCA_000015785.2;GCA_000025805.1;GCF_000009045.1;GCF_000009785.1;GCF_000011245.1;GCF_000017885.4;GCF_006094295.1;GCF_034478925.1	1	1	GCF_006094295.1	24.5		0
center	orthogroup_1379	8	8	GCA_000015785.2;GCA_000025805.1;GCF_000009045.1;GCF_000009785.1;GCF_000011245.1;GCF_000017885.4;GCF_006094295.1;GCF_034478925.1	1	1	GCA_000025805.1	12.5		0
center	orthogroup_1379	9	8	GCA_000015785.2;GCA_000025805.1;GCF_000009045.1;GCF_000009785.1;GCF_000011245.1;GCF_000017885.4;GCF_006094295.1;GCF_034478925.1	1	1	GCF_000009045.1	7.0		0
center	orthogroup_1379	10	8	GCA_000015785.2;GCA_000025805.1;GCF_000009045.1;GCF_000009785.1;GCF_000011245.1;GCF_000017885.4;GCF_006094295.1;GCF_034478925.1	1	0				0
center	orthogroup_1379	11	8	GCA_000015785.2;GCA_000025805.1;GCF_000009045.1;GCF_000009785.1;GCF_000011245.1;GCF_000017885.4;GCF_006094295.1;GCF_034478925.1	1	0				0
center	orthogroup_1379	12	8	GCA_000015785.2;GCA_000025805.1;GCF_000009045.1;GCF_000009785.1;GCF_000011245.1;GCF_000017885.4;GCF_006094295.1;GCF_034478925.1	1	0				0
center	orthogroup_1386	1	8	GCA_000015785.2;GCA_000025805.1;GCF_000009045.1;GCF_000011245.1;GCF_000017885.4;GCF_006094295.1;GCF_034478925.1;GCF_034479305.1	1	0				0
center	orthogroup_1386	2	8	GCA_000015785.2;GCA_000025805.1;GCF_000009045.1;GCF_000011245.1;GCF_000017885.4;GCF_006094295.1;GCF_034478925.1;GCF_034479305.1	1	0				0
center	orthogroup_1386	3	8	GCA_000015785.2;GCA_000025805.1;GCF_000009045.1;GCF_000011245.1;GCF_000017885.4;GCF_006094295.1;GCF_034478925.1;GCF_034479305.1	1	0				0
center	orthogroup_1386	4	8	GCA_000015785.2;GCA_000025805.1;GCF_000009045.1;GCF_000011245.1;GCF_000017885.4;GCF_006094295.1;GCF_034478925.1;GCF_034479305.1	1	0				0
center	orthogroup_1386	5	8	GCA_000015785.2;GCA_000025805.1;GCF_000009045.1;GCF_000011245.1;GCF_000017885.4;GCF_006094295.1;GCF_034478925.1;GCF_034479305.1	1	1	GCF_000017885.4	15.0		0
center	orthogroup_1386	6	8	GCA_000015785.2;GCA_000025805.1;GCF_000009045.1;GCF_000011245.1;GCF_000017885.4;GCF_006094295.1;GCF_034478925.1;GCF_034479305.1	1	0				0
center	orthogroup_1386	7	8	GCA_000015785.2;GCA_000025805.1;GCF_000009045.1;GCF_000011245.1;GCF_000017885.4;GCF_006094295.1;GCF_034478925.1;GCF_034479305.1	1	5	GCA_000015785.2;GCA_000025805.1;GCF_000009045.1;GCF_000011245.1;GCF_000017885.4	220.5	4266.8	1
center	orthogroup_1398	1	8	GCA_000015785.2;GCA_000025805.1;GCF_000009045.1;GCF_000009785.1;GCF_005671335.1;GCF_006094295.1;GCF_034478925.1;GCF_034479305.1	1	1	GCA_000015785.2	-12.0		0
center	orthogroup_1398	2	8	GCA_000015785.2;GCA_000025805.1;GCF_000009045.1;GCF_000009785.1;GCF_005671335.1;GCF_006094295.1;GCF_034478925.1;GCF_034479305.1	1	0				0
center	orthogroup_1398	3	8	GCA_000015785.2;GCA_000025805.1;GCF_000009045.1;GCF_000009785.1;GCF_005671335.1;GCF_006094295.1;GCF_034478925.1;GCF_034479305.1	1	0				0
center	orthogroup_1398	4	8	GCA_000015785.2;GCA_000025805.1;GCF_000009045.1;GCF_000009785.1;GCF_005671335.1;GCF_006094295.1;GCF_034478925.1;GCF_034479305.1	1	0				0
center	orthogroup_1398	5	8	GCA_000015785.2;GCA_000025805.1;GCF_000009045.1;GCF_000009785.1;GCF_005671335.1;GCF_006094295.1;GCF_034478925.1;GCF_034479305.1	1	0				0
center	orthogroup_1398	6	8	GCA_000015785.2;GCA_000025805.1;GCF_000009045.1;GCF_000009785.1;GCF_005671335.1;GCF_006094295.1;GCF_034478925.1;GCF_034479305.1	1	0				0
center	orthogroup_1398	7	8	GCA_000015785.2;GCA_000025805.1;GCF_000009045.1;GCF_000009785.1;GCF_005671335.1;GCF_006094295.1;GCF_034478925.1;GCF_034479305.1	1	0				0
center	orthogroup_1398	8	8	GCA_000015785.2;GCA_000025805.1;GCF_000009045.1;GCF_000009785.1;GCF_005671335.1;GCF_006094295.1;GCF_034478925.1;GCF_034479305.1	1	0				0
center	orthogroup_1398	9	8	GCA_000015785.2;GCA_000025805.1;GCF_000009045.1;GCF_000009785.1;GCF_005671335.1;GCF_006094295.1;GCF_034478925.1;GCF_034479305.1	1	0				0
center	orthogroup_1398	10	8	GCA_000015785.2;GCA_000025805.1;GCF_000009045.1;GCF_000009785.1;GCF_005671335.1;GCF_006094295.1;GCF_034478925.1;GCF_034479305.1	1	0				0
center	orthogroup_1398	11	8	GCA_000015785.2;GCA_000025805.1;GCF_000009045.1;GCF_000009785.1;GCF_005671335.1;GCF_006094295.1;GCF_034478925.1;GCF_034479305.1	1	1	GCA_000015785.2	-16.5		0
center	orthogroup_1398	12	8	GCA_000015785.2;GCA_000025805.1;GCF_000009045.1;GCF_000009785.1;GCF_005671335.1;GCF_006094295.1;GCF_034478925.1;GCF_034479305.1	1	0				0
center	orthogroup_1407	2	6	GCA_000025805.1;GCF_000009045.1;GCF_000017885.4;GCF_006094295.1;GCF_034478925.1;GCF_034479305.1	0	0				0
center	orthogroup_1407	3	6	GCA_000025805.1;GCF_000009045.1;GCF_000017885.4;GCF_006094295.1;GCF_034478925.1;GCF_034479305.1	0	0				0
center	orthogroup_1407	4	6	GCA_000025805.1;GCF_000009045.1;GCF_000017885.4;GCF_006094295.1;GCF_034478925.1;GCF_034479305.1	0	0				0
center	orthogroup_1407	5	6	GCA_000025805.1;GCF_000009045.1;GCF_000017885.4;GCF_006094295.1;GCF_034478925.1;GCF_034479305.1	0	0				0
center	orthogroup_1407	6	6	GCA_000025805.1;GCF_000009045.1;GCF_000017885.4;GCF_006094295.1;GCF_034478925.1;GCF_034479305.1	0	0				0
center	orthogroup_1407	7	6	GCA_000025805.1;GCF_000009045.1;GCF_000017885.4;GCF_006094295.1;GCF_034478925.1;GCF_034479305.1	0	0				0
center	orthogroup_1407	8	6	GCA_000025805.1;GCF_000009045.1;GCF_000017885.4;GCF_006094295.1;GCF_034478925.1;GCF_034479305.1	0	0				0
center	orthogroup_1407	9	6	GCA_000025805.1;GCF_000009045.1;GCF_000017885.4;GCF_006094295.1;GCF_034478925.1;GCF_034479305.1	0	0				0
center	orthogroup_1411	1	4	GCA_000015785.2;GCA_000025805.1;GCF_000009045.1;GCF_000017885.4	0	0				0
center	orthogroup_1411	2	4	GCA_000015785.2;GCA_000025805.1;GCF_000009045.1;GCF_000017885.4	0	1	GCF_000009045.1	11.0		0
center	orthogroup_1411	3	4	GCA_000015785.2;GCA_000025805.1;GCF_000009045.1;GCF_000017885.4	0	0				0
center	orthogroup_1411	4	4	GCA_000015785.2;GCA_000025805.1;GCF_000009045.1;GCF_000017885.4	0	0				0
center	orthogroup_1411	5	4	GCA_000015785.2;GCA_000025805.1;GCF_000009045.1;GCF_000017885.4	0	0				0
center	orthogroup_1411	6	4	GCA_000015785.2;GCA_000025805.1;GCF_000009045.1;GCF_000017885.4	0	1	GCA_000025805.1	17.0		0
center	orthogroup_1411	7	4	GCA_000015785.2;GCA_000025805.1;GCF_000009045.1;GCF_000017885.4	0	0				0
center	orthogroup_1411	9	4	GCA_000015785.2;GCA_000025805.1;GCF_000009045.1;GCF_000017885.4	0	0				0
center	orthogroup_1411	10	4	GCA_000015785.2;GCA_000025805.1;GCF_000009045.1;GCF_000017885.4	0	0				0
center	orthogroup_1412	1	8	GCA_000015785.2;GCA_000025805.1;GCF_000009045.1;GCF_000009785.1;GCF_000011245.1;GCF_000017885.4;GCF_006094295.1;GCF_034479305.1	1	0				0
center	orthogroup_1412	2	8	GCA_000015785.2;GCA_000025805.1;GCF_000009045.1;GCF_000009785.1;GCF_000011245.1;GCF_000017885.4;GCF_006094295.1;GCF_034479305.1	1	0				0
center	orthogroup_1412	3	8	GCA_000015785.2;GCA_000025805.1;GCF_000009045.1;GCF_000009785.1;GCF_000011245.1;GCF_000017885.4;GCF_006094295.1;GCF_034479305.1	1	0				0
center	orthogroup_1412	4	8	GCA_000015785.2;GCA_000025805.1;GCF_000009045.1;GCF_000009785.1;GCF_000011245.1;GCF_000017885.4;GCF_006094295.1;GCF_034479305.1	1	0				0
center	orthogroup_1412	5	8	GCA_000015785.2;GCA_000025805.1;GCF_000009045.1;GCF_000009785.1;GCF_000011245.1;GCF_000017885.4;GCF_006094295.1;GCF_034479305.1	1	2	GCF_000011245.1;GCF_000017885.4	5.0	200.0	0
center	orthogroup_1412	6	8	GCA_000015785.2;GCA_000025805.1;GCF_000009045.1;GCF_000009785.1;GCF_000011245.1;GCF_000017885.4;GCF_006094295.1;GCF_034479305.1	1	0				0
center	orthogroup_1412	7	8	GCA_000015785.2;GCA_000025805.1;GCF_000009045.1;GCF_000009785.1;GCF_000011245.1;GCF_000017885.4;GCF_006094295.1;GCF_034479305.1	1	0				0
center	orthogroup_1412	8	8	GCA_000015785.2;GCA_000025805.1;GCF_000009045.1;GCF_000009785.1;GCF_000011245.1;GCF_000017885.4;GCF_006094295.1;GCF_034479305.1	1	0				0
center	orthogroup_1412	9	8	GCA_000015785.2;GCA_000025805.1;GCF_000009045.1;GCF_000009785.1;GCF_000011245.1;GCF_000017885.4;GCF_006094295.1;GCF_034479305.1	1	0				0
center	orthogroup_1416	2	5	GCF_000009045.1;GCF_000009785.1;GCF_005671335.1;GCF_006094295.1;GCF_034478925.1	0	0				0
center	orthogroup_1416	3	5	GCF_000009045.1;GCF_000009785.1;GCF_005671335.1;GCF_006094295.1;GCF_034478925.1	0	0				0
center	orthogroup_1416	4	5	GCF_000009045.1;GCF_000009785.1;GCF_005671335.1;GCF_006094295.1;GCF_034478925.1	0	0				0
center	orthogroup_1416	5	5	GCF_000009045.1;GCF_000009785.1;GCF_005671335.1;GCF_006094295.1;GCF_034478925.1	0	0				0
center	orthogroup_1416	6	5	GCF_000009045.1;GCF_000009785.1;GCF_005671335.1;GCF_006094295.1;GCF_034478925.1	0	0				0
center	orthogroup_1416	7	5	GCF_000009045.1;GCF_000009785.1;GCF_005671335.1;GCF_006094295.1;GCF_034478925.1	0	0				0
center	orthogroup_1416	8	5	GCF_000009045.1;GCF_000009785.1;GCF_005671335.1;GCF_006094295.1;GCF_034478925.1	0	0				0
center	orthogroup_1416	9	5	GCF_000009045.1;GCF_000009785.1;GCF_005671335.1;GCF_006094295.1;GCF_034478925.1	0	0				0
center	orthogroup_1420	1	8	GCA_000015785.2;GCA_000025805.1;GCF_000009045.1;GCF_000009785.1;GCF_000017885.4;GCF_005671335.1;GCF_034478925.1;GCF_034479305.1	1	0				0
center	orthogroup_1420	2	8	GCA_000015785.2;GCA_000025805.1;GCF_000009045.1;GCF_000009785.1;GCF_000017885.4;GCF_005671335.1;GCF_034478925.1;GCF_034479305.1	1	0				0
center	orthogroup_1420	3	8	GCA_000015785.2;GCA_000025805.1;GCF_000009045.1;GCF_000009785.1;GCF_000017885.4;GCF_005671335.1;GCF_034478925.1;GCF_034479305.1	1	0				0
center	orthogroup_1420	4	8	GCA_000015785.2;GCA_000025805.1;GCF_000009045.1;GCF_000009785.1;GCF_000017885.4;GCF_005671335.1;GCF_034478925.1;GCF_034479305.1	1	0				0
center	orthogroup_1420	5	8	GCA_000015785.2;GCA_000025805.1;GCF_000009045.1;GCF_000009785.1;GCF_000017885.4;GCF_005671335.1;GCF_034478925.1;GCF_034479305.1	1	1	GCA_000025805.1	-10.0		0
center	orthogroup_1420	6	8	GCA_000015785.2;GCA_000025805.1;GCF_000009045.1;GCF_000009785.1;GCF_000017885.4;GCF_005671335.1;GCF_034478925.1;GCF_034479305.1	1	0				0
center	orthogroup_1420	7	8	GCA_000015785.2;GCA_000025805.1;GCF_000009045.1;GCF_000009785.1;GCF_000017885.4;GCF_005671335.1;GCF_034478925.1;GCF_034479305.1	1	0				0
center	orthogroup_1420	8	8	GCA_000015785.2;GCA_000025805.1;GCF_000009045.1;GCF_000009785.1;GCF_000017885.4;GCF_005671335.1;GCF_034478925.1;GCF_034479305.1	1	1	GCF_005671335.1	14.5		0
center	orthogroup_1420	9	8	GCA_000015785.2;GCA_000025805.1;GCF_000009045.1;GCF_000009785.1;GCF_000017885.4;GCF_005671335.1;GCF_034478925.1;GCF_034479305.1	1	1	GCF_000017885.4	-12.5		0
center	orthogroup_1420	10	8	GCA_000015785.2;GCA_000025805.1;GCF_000009045.1;GCF_000009785.1;GCF_000017885.4;GCF_005671335.1;GCF_034478925.1;GCF_034479305.1	1	1	GCA_000025805.1	9.0		0
center	orthogroup_1423	1	8	GCA_000015785.2;GCA_000025805.1;GCF_000009045.1;GCF_000009785.1;GCF_000011245.1;GCF_005671335.1;GCF_034478925.1;GCF_034479305.1	1	0				0
center	orthogroup_1423	2	8	GCA_000015785.2;GCA_000025805.1;GCF_000009045.1;GCF_000009785.1;GCF_000011245.1;GCF_005671335.1;GCF_034478925.1;GCF_034479305.1	1	1	GCF_034479305.1	17.0		0
center	orthogroup_1423	3	8	GCA_000015785.2;GCA_000025805.1;GCF_000009045.1;GCF_000009785.1;GCF_000011245.1;GCF_005671335.1;GCF_034478925.1;GCF_034479305.1	1	1	GCF_005671335.1	-6.5		0
center	orthogroup_1423	4	8	GCA_000015785.2;GCA_000025805.1;GCF_000009045.1;GCF_000009785.1;GCF_000011245.1;GCF_005671335.1;GCF_034478925.1;GCF_034479305.1	1	1	GCF_034478925.1	9.0		0
center	orthogroup_1423	5	8	GCA_000015785.2;GCA_000025805.1;GCF_000009045.1;GCF_000009785.1;GCF_000011245.1;GCF_005671335.1;GCF_034478925.1;GCF_034479305.1	1	0				0
center	orthogroup_1424	1	8	GCA_000015785.2;GCA_000025805.1;GCF_000009045.1;GCF_000009785.1;GCF_000017885.4;GCF_005671335.1;GCF_006094295.1;GCF_034478925.1	1	0				0
center	orthogroup_1424	2	8	GCA_000015785.2;GCA_000025805.1;GCF_000009045.1;GCF_000009785.1;GCF_000017885.4;GCF_005671335.1;GCF_006094295.1;GCF_034478925.1	1	0				0
center	orthogroup_1424	3	8	GCA_000015785.2;GCA_000025805.1;GCF_000009045.1;GCF_000009785.1;GCF_000017885.4;GCF_005671335.1;GCF_006094295.1;GCF_034478925.1	1	2	GCF_000017885.4;GCF_005671335.1	10.0	24.5	0
center	orthogroup_1424	4	8	GCA_000015785.2;GCA_000025805.1;GCF_000009045.1;GCF_000009785.1;GCF_000017885.4;GCF_005671335.1;GCF_006094295.1;GCF_034478925.1	1	0				0
center	orthogroup_1424	5	8	GCA_000015785.2;GCA_000025805.1;GCF_000009045.1;GCF_000009785.1;GCF_000017885.4;GCF_005671335.1;GCF_006094295.1;GCF_034478925.1	1	0				0
center	orthogroup_1424	6	8	GCA_000015785.2;GCA_000025805.1;GCF_000009045.1;GCF_000009785.1;GCF_000017885.4;GCF_005671335.1;GCF_006094295.1;GCF_034478925.1	1	0				0
center	orthogroup_1424	7	8	GCA_000015785.2;GCA_000025805.1;GCF_000009045.1;GCF_000009785.1;GCF_000017885.4;GCF_005671335.1;GCF_006094295.1;GCF_034478925.1	1	1	GCF_000017885.4	9.0		0
center	orthogroup_1427	1	8	GCA_000015785.2;GCF_000009045.1;GCF_000011245.1;GCF_000017885.4;GCF_005671335.1;GCF_006094295.1;GCF_034478925.1;GCF_034479305.1	1	0				0
center	orthogroup_1427	2	8	GCA_000015785.2;GCF_000009045.1;GCF_000011245.1;GCF_000017885.4;GCF_005671335.1;GCF_006094295.1;GCF_034478925.1;GCF_034479305.1	1	0				0
center	orthogroup_1427	3	8	GCA_000015785.2;GCF_000009045.1;GCF_000011245.1;GCF_000017885.4;GCF_005671335.1;GCF_006094295.1;GCF_034478925.1;GCF_034479305.1	1	0				0
center	orthogroup_1427	4	8	GCA_000015785.2;GCF_000009045.1;GCF_000011245.1;GCF_000017885.4;GCF_005671335.1;GCF_006094295.1;GCF_034478925.1;GCF_034479305.1	1	2	GCF_000011245.1;GCF_000017885.4	205.25	75078.125	0
center	orthogroup_1428	1	4	GCF_000009045.1;GCF_000009785.1;GCF_005671335.1;GCF_034478925.1	0	0				0
center	orthogroup_1428	4	4	GCF_000009045.1;GCF_000009785.1;GCF_005671335.1;GCF_034478925.1	0	0				0
center	orthogroup_1428	5	4	GCF_000009045.1;GCF_000009785.1;GCF_005671335.1;GCF_034478925.1	0	0				0
center	orthogroup_1428	7	4	GCF_000009045.1;GCF_000009785.1;GCF_005671335.1;GCF_034478925.1	0	0				0
center	orthogroup_1428	8	4	GCF_000009045.1;GCF_000009785.1;GCF_005671335.1;GCF_034478925.1	0	0				0
center	orthogroup_1433	1	8	GCA_000015785.2;GCF_000009045.1;GCF_000011245.1;GCF_000017885.4;GCF_005671335.1;GCF_006094295.1;GCF_034478925.1;GCF_034479305.1	1	1	GCF_000017885.4	-17.0		0
center	orthogroup_1433	2	8	GCA_000015785.2;GCF_000009045.1;GCF_000011245.1;GCF_000017885.4;GCF_005671335.1;GCF_006094295.1;GCF_034478925.1;GCF_034479305.1	1	1	GCF_000009045.1	32.0		0
center	orthogroup_1433	3	8	GCA_000015785.2;GCF_000009045.1;GCF_000011245.1;GCF_000017885.4;GCF_005671335.1;GCF_006094295.1;GCF_034478925.1;GCF_034479305.1	1	1	GCF_000009045.1	-25.0		0
center	orthogroup_1433	4	8	GCA_000015785.2;GCF_000009045.1;GCF_000011245.1;GCF_000017885.4;GCF_005671335.1;GCF_006094295.1;GCF_034478925.1;GCF_034479305.1	1	0				0
center	orthogroup_1433	5	8	GCA_000015785.2;GCF_000009045.1;GCF_000011245.1;GCF_000017885.4;GCF_005671335.1;GCF_006094295.1;GCF_034478925.1;GCF_034479305.1	1	1	GCF_005671335.1	7.0		0
center	orthogroup_1433	6	8	GCA_000015785.2;GCF_000009045.1;GCF_000011245.1;GCF_000017885.4;GCF_005671335.1;GCF_006094295.1;GCF_034478925.1;GCF_034479305.1	1	2	GCF_000011245.1;GCF_006094295.1	260.75	153.125	0
center	orthogroup_1434	1	8	GCA_000015785.2;GCA_000025805.1;GCF_000009045.1;GCF_000009785.1;GCF_005671335.1;GCF_006094295.1;GCF_034478925.1;GCF_034479305.1	1	0				0
center	orthogroup_1434	2	8	GCA_000015785.2;GCA_000025805.1;GCF_000009045.1;GCF_000009785.1;GCF_005671335.1;GCF_006094295.1;GCF_034478925.1;GCF_034479305.1	1	1	GCF_005671335.1	-15.0		0
center	orthogroup_1434	3	8	GCA_000015785.2;GCA_000025805.1;GCF_000009045.1;GCF_000009785.1;GCF_005671335.1;GCF_006094295.1;GCF_034478925.1;GCF_034479305.1	1	0				0
center	orthogroup_1434	4	8	GCA_000015785.2;GCA_000025805.1;GCF_000009045.1;GCF_000009785.1;GCF_005671335.1;GCF_006094295.1;GCF_034478925.1;GCF_034479305.1	1	0				0
center	orthogroup_1434	5	8	GCA_000015785.2;GCA_000025805.1;GCF_000009045.1;GCF_000009785.1;GCF_005671335.1;GCF_006094295.1;GCF_034478925.1;GCF_034479305.1	1	0				0
center	orthogroup_1434	6	8	GCA_000015785.2;GCA_000025805.1;GCF_000009045.1;GCF_000009785.1;GCF_005671335.1;GCF_006094295.1;GCF_034478925.1;GCF_034479305.1	1	0				0
center	orthogroup_1434	7	8	GCA_000015785.2;GCA_000025805.1;GCF_000009045.1;GCF_000009785.1;GCF_005671335.1;GCF_006094295.1;GCF_034478925.1;GCF_034479305.1	1	0				0
center	orthogroup_1434	8	8	GCA_000015785.2;GCA_000025805.1;GCF_000009045.1;GCF_000009785.1;GCF_005671335.1;GCF_006094295.1;GCF_034478925.1;GCF_034479305.1	1	0				0
center	orthogroup_1434	9	8	GCA_000015785.2;GCA_000025805.1;GCF_000009045.1;GCF_000009785.1;GCF_005671335.1;GCF_006094295.1;GCF_034478925.1;GCF_034479305.1	1	2	GCA_000025805.1;GCF_000009045.1	5.0	24.5	0
center	orthogroup_1434	10	8	GCA_000015785.2;GCA_000025805.1;GCF_000009045.1;GCF_000009785.1;GCF_005671335.1;GCF_006094295.1;GCF_034478925.1;GCF_034479305.1	1	1	GCA_000025805.1	-11.0		0
center	orthogroup_1434	11	8	GCA_000015785.2;GCA_000025805.1;GCF_000009045.1;GCF_000009785.1;GCF_005671335.1;GCF_006094295.1;GCF_034478925.1;GCF_034479305.1	1	0				0
center	orthogroup_1434	12	8	GCA_000015785.2;GCA_000025805.1;GCF_000009045.1;GCF_000009785.1;GCF_005671335.1;GCF_006094295.1;GCF_034478925.1;GCF_034479305.1	1	1	GCF_000009785.1	-14.5		0
center	orthogroup_1441	1	8	GCA_000015785.2;GCA_000025805.1;GCF_000009045.1;GCF_000011245.1;GCF_000017885.4;GCF_005671335.1;GCF_006094295.1;GCF_034478925.1	1	2	GCF_000011245.1;GCF_005671335.1	4.75	465.125	0
center	orthogroup_1441	2	8	GCA_000015785.2;GCA_000025805.1;GCF_000009045.1;GCF_000011245.1;GCF_000017885.4;GCF_005671335.1;GCF_006094295.1;GCF_034478925.1	1	2	GCA_000015785.2;GCF_006094295.1	-5.5	450.0	0
center	orthogroup_1441	3	8	GCA_000015785.2;GCA_000025805.1;GCF_000009045.1;GCF_000011245.1;GCF_000017885.4;GCF_005671335.1;GCF_006094295.1;GCF_034478925.1	1	0				0
center	orthogroup_1441	4	8	GCA_000015785.2;GCA_000025805.1;GCF_000009045.1;GCF_000011245.1;GCF_000017885.4;GCF_005671335.1;GCF_006094295.1;GCF_034478925.1	1	0				0
center	orthogroup_1441	5	8	GCA_000015785.2;GCA_000025805.1;GCF_000009045.1;GCF_000011245.1;GCF_000017885.4;GCF_005671335.1;GCF_006094295.1;GCF_034478925.1	1	0				0
center	orthogroup_1441	6	8	GCA_000015785.2;GCA_000025805.1;GCF_000009045.1;GCF_000011245.1;GCF_000017885.4;GCF_005671335.1;GCF_006094295.1;GCF_034478925.1	1	4	GCA_000025805.1;GCF_000017885.4;GCF_005671335.1;GCF_034478925.1	116.0	11114.5	1
center	orthogroup_1442	1	8	GCA_000015785.2;GCA_000025805.1;GCF_000009045.1;GCF_000011245.1;GCF_000017885.4;GCF_005671335.1;GCF_006094295.1;GCF_034478925.1	1	1	GCF_005671335.1	-5.0		0
center	orthogroup_1442	2	8	GCA_000015785.2;GCA_000025805.1;GCF_000009045.1;GCF_000011245.1;GCF_000017885.4;GCF_005671335.1;GCF_006094295.1;GCF_034478925.1	1	0				0
center	orthogroup_1442	3	8	GCA_000015785.2;GCA_000025805.1;GCF_000009045.1;GCF_000011245.1;GCF_000017885.4;GCF_005671335.1;GCF_006094295.1;GCF_034478925.1	1	1	GCA_000025805.1	-12.5		0
center	orthogroup_1442	4	8	GCA_000015785.2;GCA_000025805.1;GCF_000009045.1;GCF_000011245.1;GCF_000017885.4;GCF_005671335.1;GCF_006094295.1;GCF_034478925.1	1	0				0
center	orthogroup_1442	5	8	GCA_000015785.2;GCA_000025805.1;GCF_000009045.1;GCF_000011245.1;GCF_000017885.4;GCF_005671335.1;GCF_006094295.1;GCF_034478925.1	1	0				0
center	orthogroup_1442	6	8	GCA_000015785.2;GCA_000025805.1;GCF_000009045.1;GCF_000011245.1;GCF_000017885.4;GCF_005671335.1;GCF_006094295.1;GCF_034478925.1	1	5	GCA_000015785.2;GCA_000025805.1;GCF_000017885.4;GCF_005671335.1;GCF_034478925.1	207.0	14910.625	1
center	orthogroup_1444	1	8	GCA_000015785.2;GCF_000009045.1;GCF_000011245.1;GCF_000017885.4;GCF_005671335.1;GCF_006094295.1;GCF_034478925.1;GCF_034479305.1	1	2	GCF_000017885.4;GCF_006094295.1	-12.75	465.125	0
center	orthogroup_1444	2	8	GCA_000015785.2;GCF_000009045.1;GCF_000011245.1;GCF_000017885.4;GCF_005671335.1;GCF_006094295.1;GCF_034478925.1;GCF_034479305.1	1	0				0
center	orthogroup_1444	3	8	GCA_000015785.2;GCF_000009045.1;GCF_000011245.1;GCF_000017885.4;GCF_005671335.1;GCF_006094295.1;GCF_034478925.1;GCF_034479305.1	1	2	GCF_000009045.1;GCF_000017885.4	-5.5	18.0	0
center	orthogroup_1444	4	8	GCA_000015785.2;GCF_000009045.1;GCF_000011245.1;GCF_000017885.4;GCF_005671335.1;GCF_006094295.1;GCF_034478925.1;GCF_034479305.1	1	0				0
center	orthogroup_1444	5	8	GCA_000015785.2;GCF_000009045.1;GCF_000011245.1;GCF_000017885.4;GCF_005671335.1;GCF_006094295.1;GCF_034478925.1;GCF_034479305.1	1	0				0
center	orthogroup_1444	6	8	GCA_000015785.2;GCF_000009045.1;GCF_000011245.1;GCF_000017885.4;GCF_005671335.1;GCF_006094295.1;GCF_034478925.1;GCF_034479305.1	1	2	GCA_000015785.2;GCF_000009045.1	6.75	300.125	0
center	orthogroup_1444	7	8	GCA_000015785.2;GCF_000009045.1;GCF_000011245.1;GCF_000017885.4;GCF_005671335.1;GCF_006094295.1;GCF_034478925.1;GCF_034479305.1	1	1	GCF_000009045.1	-11.5		0
center	orthogroup_1444	8	8	GCA_000015785.2;GCF_000009045.1;GCF_000011245.1;GCF_000017885.4;GCF_005671335.1;GCF_006094295.1;GCF_034478925.1;GCF_034479305.1	1	1	GCF_005671335.1	-13.0		0
center	orthogroup_1444	9	8	GCA_000015785.2;GCF_000009045.1;GCF_000011245.1;GCF_000017885.4;GCF_005671335.1;GCF_006094295.1;GCF_034478925.1;GCF_034479305.1	1	0				0
center	orthogroup_1444	10	8	GCA_000015785.2;GCF_000009045.1;GCF_000011245.1;GCF_000017885.4;GCF_005671335.1;GCF_006094295.1;GCF_034478925.1;GCF_034479305.1	1	0				0
center	orthogroup_1444	11	8	GCA_000015785.2;GCF_000009045.1;GCF_000011245.1;GCF_000017885.4;GCF_005671335.1;GCF_006094295.1;GCF_034478925.1;GCF_034479305.1	1	0				0
center	orthogroup_1444	12	8	GCA_000015785.2;GCF_000009045.1;GCF_000011245.1;GCF_000017885.4;GCF_005671335.1;GCF_006094295.1;GCF_034478925.1;GCF_034479305.1	1	1	GCA_000015785.2	12.5		0
center	orthogroup_1446	1	8	GCA_000015785.2;GCA_000025805.1;GCF_000009045.1;GCF_000011245.1;GCF_000017885.4;GCF_005671335.1;GCF_034478925.1;GCF_034479305.1	1	0				0
center	orthogroup_1446	2	8	GCA_000015785.2;GCA_000025805.1;GCF_000009045.1;GCF_000011245.1;GCF_000017885.4;GCF_005671335.1;GCF_034478925.1;GCF_034479305.1	1	0				0
center	orthogroup_1446	3	8	GCA_000015785.2;GCA_000025805.1;GCF_000009045.1;GCF_000011245.1;GCF_000017885.4;GCF_005671335.1;GCF_034478925.1;GCF_034479305.1	1	0				0
center	orthogroup_1446	4	8	GCA_000015785.2;GCA_000025805.1;GCF_000009045.1;GCF_000011245.1;GCF_000017885.4;GCF_005671335.1;GCF_034478925.1;GCF_034479305.1	1	0				0
center	orthogroup_1446	5	8	GCA_000015785.2;GCA_000025805.1;GCF_000009045.1;GCF_000011245.1;GCF_000017885.4;GCF_005671335.1;GCF_034478925.1;GCF_034479305.1	1	0				0
center	orthogroup_1446	6	8	GCA_000015785.2;GCA_000025805.1;GCF_000009045.1;GCF_000011245.1;GCF_000017885.4;GCF_005671335.1;GCF_034478925.1;GCF_034479305.1	1	0				0
center	orthogroup_1446	7	8	GCA_000015785.2;GCA_000025805.1;GCF_000009045.1;GCF_000011245.1;GCF_000017885.4;GCF_005671335.1;GCF_034478925.1;GCF_034479305.1	1	0				0
center	orthogroup_1446	8	8	GCA_000015785.2;GCA_000025805.1;GCF_000009045.1;GCF_000011245.1;GCF_000017885.4;GCF_005671335.1;GCF_034478925.1;GCF_034479305.1	1	0				0
center	orthogroup_1446	9	8	GCA_000015785.2;GCA_000025805.1;GCF_000009045.1;GCF_000011245.1;GCF_000017885.4;GCF_005671335.1;GCF_034478925.1;GCF_034479305.1	1	0				0
center	orthogroup_1446	10	8	GCA_000015785.2;GCA_000025805.1;GCF_000009045.1;GCF_000011245.1;GCF_000017885.4;GCF_005671335.1;GCF_034478925.1;GCF_034479305.1	1	0				0
center	orthogroup_1450	1	8	GCA_000025805.1;GCF_000009045.1;GCF_000009785.1;GCF_000017885.4;GCF_005671335.1;GCF_006094295.1;GCF_034478925.1;GCF_034479305.1	1	2	GCF_000009045.1;GCF_034479305.1	-9.5	18.0	0
center	orthogroup_1450	2	8	GCA_000025805.1;GCF_000009045.1;GCF_000009785.1;GCF_000017885.4;GCF_005671335.1;GCF_006094295.1;GCF_034478925.1;GCF_034479305.1	1	1	GCF_000009785.1	-10.0		0
center	orthogroup_1450	3	8	GCA_000025805.1;GCF_000009045.1;GCF_000009785.1;GCF_000017885.4;GCF_005671335.1;GCF_006094295.1;GCF_034478925.1;GCF_034479305.1	1	0				0
center	orthogroup_1450	4	8	GCA_000025805.1;GCF_000009045.1;GCF_000009785.1;GCF_000017885.4;GCF_005671335.1;GCF_006094295.1;GCF_034478925.1;GCF_034479305.1	1	0				0
center	orthogroup_1450	5	8	GCA_000025805.1;GCF_000009045.1;GCF_000009785.1;GCF_000017885.4;GCF_005671335.1;GCF_006094295.1;GCF_034478925.1;GCF_034479305.1	1	0				0
center	orthogroup_1450	6	8	GCA_000025805.1;GCF_000009045.1;GCF_000009785.1;GCF_000017885.4;GCF_005671335.1;GCF_006094295.1;GCF_034478925.1;GCF_034479305.1	1	1	GCF_000009045.1	8.5		0
center	orthogroup_1450	7	8	GCA_000025805.1;GCF_000009045.1;GCF_000009785.1;GCF_000017885.4;GCF_005671335.1;GCF_006094295.1;GCF_034478925.1;GCF_034479305.1	1	1	GCF_000009785.1	5.5		0
center	orthogroup_1450	8	8	GCA_000025805.1;GCF_000009045.1;GCF_000009785.1;GCF_000017885.4;GCF_005671335.1;GCF_006094295.1;GCF_034478925.1;GCF_034479305.1	1	0				0
center	orthogroup_1450	9	8	GCA_000025805.1;GCF_000009045.1;GCF_000009785.1;GCF_000017885.4;GCF_005671335.1;GCF_006094295.1;GCF_034478925.1;GCF_034479305.1	1	1	GCF_000017885.4	-13.5		0
center	orthogroup_1450	10	8	GCA_000025805.1;GCF_000009045.1;GCF_000009785.1;GCF_000017885.4;GCF_005671335.1;GCF_006094295.1;GCF_034478925.1;GCF_034479305.1	1	1	GCF_000009785.1	12.0		0
center	orthogroup_1451	1	8	GCA_000025805.1;GCF_000009045.1;GCF_000009785.1;GCF_000011245.1;GCF_000017885.4;GCF_006094295.1;GCF_034478925.1;GCF_034479305.1	1	0				0
center	orthogroup_1451	2	8	GCA_000025805.1;GCF_000009045.1;GCF_000009785.1;GCF_000011245.1;GCF_000017885.4;GCF_006094295.1;GCF_034478925.1;GCF_034479305.1	1	0				0
center	orthogroup_1451	3	8	GCA_000025805.1;GCF_000009045.1;GCF_000009785.1;GCF_000011245.1;GCF_000017885.4;GCF_006094295.1;GCF_034478925.1;GCF_034479305.1	1	0				0
center	orthogroup_1451	4	8	GCA_000025805.1;GCF_000009045.1;GCF_000009785.1;GCF_000011245.1;GCF_000017885.4;GCF_006094295.1;GCF_034478925.1;GCF_034479305.1	1	0				0
center	orthogroup_1451	5	8	GCA_000025805.1;GCF_000009045.1;GCF_000009785.1;GCF_000011245.1;GCF_000017885.4;GCF_006094295.1;GCF_034478925.1;GCF_034479305.1	1	0				0
center	orthogroup_1451	6	8	GCA_000025805.1;GCF_000009045.1;GCF_000009785.1;GCF_000011245.1;GCF_000017885.4;GCF_006094295.1;GCF_034478925.1;GCF_034479305.1	1	0				0
center	orthogroup_1451	7	8	GCA_000025805.1;GCF_000009045.1;GCF_000009785.1;GCF_000011245.1;GCF_000017885.4;GCF_006094295.1;GCF_034478925.1;GCF_034479305.1	1	0				0
center	orthogroup_1451	8	8	GCA_000025805.1;GCF_000009045.1;GCF_000009785.1;GCF_000011245.1;GCF_000017885.4;GCF_006094295.1;GCF_034478925.1;GCF_034479305.1	1	0				0
center	orthogroup_1451	9	8	GCA_000025805.1;GCF_000009045.1;GCF_000009785.1;GCF_000011245.1;GCF_000017885.4;GCF_006094295.1;GCF_034478925.1;GCF_034479305.1	1	0				0
center	orthogroup_1451	10	8	GCA_000025805.1;GCF_000009045.1;GCF_000009785.1;GCF_000011245.1;GCF_000017885.4;GCF_006094295.1;GCF_034478925.1;GCF_034479305.1	1	0				0
center	orthogroup_1451	11	8	GCA_000025805.1;GCF_000009045.1;GCF_000009785.1;GCF_000011245.1;GCF_000017885.4;GCF_006094295.1;GCF_034478925.1;GCF_034479305.1	1	1	GCF_000011245.1	8.5		0
center	orthogroup_1451	12	8	GCA_000025805.1;GCF_000009045.1;GCF_000009785.1;GCF_000011245.1;GCF_000017885.4;GCF_006094295.1;GCF_034478925.1;GCF_034479305.1	1	0				0
center	orthogroup_1451	13	8	GCA_000025805.1;GCF_000009045.1;GCF_000009785.1;GCF_000011245.1;GCF_000017885.4;GCF_006094295.1;GCF_034478925.1;GCF_034479305.1	1	0				0
center	orthogroup_1455	1	7	GCA_000025805.1;GCF_000009045.1;GCF_000009785.1;GCF_000017885.4;GCF_005671335.1;GCF_034478925.1;GCF_034479305.1	0	0				0
center	orthogroup_1455	2	7	GCA_000025805.1;GCF_000009045.1;GCF_000009785.1;GCF_000017885.4;GCF_005671335.1;GCF_034478925.1;GCF_034479305.1	0	1	GCA_000025805.1	9.5		0
center	orthogroup_1455	3	7	GCA_000025805.1;GCF_000009045.1;GCF_000009785.1;GCF_000017885.4;GCF_005671335.1;GCF_034478925.1;GCF_034479305.1	0	0				0
center	orthogroup_1455	4	7	GCA_000025805.1;GCF_000009045.1;GCF_000009785.1;GCF_000017885.4;GCF_005671335.1;GCF_034478925.1;GCF_034479305.1	0	0				0
center	orthogroup_1455	5	7	GCA_000025805.1;GCF_000009045.1;GCF_000009785.1;GCF_000017885.4;GCF_005671335.1;GCF_034478925.1;GCF_034479305.1	0	0				0
center	orthogroup_1455	6	7	GCA_000025805.1;GCF_000009045.1;GCF_000009785.1;GCF_000017885.4;GCF_005671335.1;GCF_034478925.1;GCF_034479305.1	0	0				0
center	orthogroup_151	1	10	GCA_000015785.2;GCA_000025805.1;GCF_000009045.1;GCF_000009785.1;GCF_000011245.1;GCF_000017885.4;GCF_005671335.1;GCF_006094295.1;GCF_034478925.1;GCF_034479305.1	1	2	GCA_000025805.1;GCF_034479305.1	-1.5	18.0	0
center	orthogroup_151	2	10	GCA_000015785.2;GCA_000025805.1;GCF_000009045.1;GCF_000009785.1;GCF_000011245.1;GCF_000017885.4;GCF_005671335.1;GCF_006094295.1;GCF_034478925.1;GCF_034479305.1	1	1	GCA_000025805.1	9.0		0
center	orthogroup_151	3	10	GCA_000015785.2;GCA_000025805.1;GCF_000009045.1;GCF_000009785.1;GCF_000011245.1;GCF_000017885.4;GCF_005671335.1;GCF_006094295.1;GCF_034478925.1;GCF_034479305.1	1	0				0
center	orthogroup_151	4	10	GCA_000015785.2;GCA_000025805.1;GCF_000009045.1;GCF_000009785.1;GCF_000011245.1;GCF_000017885.4;GCF_005671335.1;GCF_006094295.1;GCF_034478925.1;GCF_034479305.1	1	0				0
center	orthogroup_151	5	10	GCA_000015785.2;GCA_000025805.1;GCF_000009045.1;GCF_000009785.1;GCF_000011245.1;GCF_000017885.4;GCF_005671335.1;GCF_006094295.1;GCF_034478925.1;GCF_034479305.1	1	1	GCF_005671335.1	9.0		0
center	orthogroup_151	6	10	GCA_000015785.2;GCA_000025805.1;GCF_000009045.1;GCF_000009785.1;GCF_000011245.1;GCF_000017885.4;GCF_005671335.1;GCF_006094295.1;GCF_034478925.1;GCF_034479305.1	1	0				0
center	orthogroup_151	7	10	GCA_000015785.2;GCA_000025805.1;GCF_000009045.1;GCF_000009785.1;GCF_000011245.1;GCF_000017885.4;GCF_005671335.1;GCF_006094295.1;GCF_034478925.1;GCF_034479305.1	1	1	GCF_034479305.1	25.0		0
center	orthogroup_156	1	10	GCA_000015785.2;GCA_000025805.1;GCF_000009045.1;GCF_000009785.1;GCF_000011245.1;GCF_000017885.4;GCF_005671335.1;GCF_006094295.1;GCF_034478925.1;GCF_034479305.1	1	2	GCF_000009785.1;GCF_005671335.1	-1.5	144.5	0
center	orthogroup_156	2	10	GCA_000015785.2;GCA_000025805.1;GCF_000009045.1;GCF_000009785.1;GCF_000011245.1;GCF_000017885.4;GCF_005671335.1;GCF_006094295.1;GCF_034478925.1;GCF_034479305.1	1	0				0
center	orthogroup_156	3	10	GCA_000015785.2;GCA_000025805.1;GCF_000009045.1;GCF_000009785.1;GCF_000011245.1;GCF_000017885.4;GCF_005671335.1;GCF_006094295.1;GCF_034478925.1;GCF_034479305.1	1	0				0
center	orthogroup_156	4	10	GCA_000015785.2;GCA_000025805.1;GCF_000009045.1;GCF_000009785.1;GCF_000011245.1;GCF_000017885.4;GCF_005671335.1;GCF_006094295.1;GCF_034478925.1;GCF_034479305.1	1	1	GCF_006094295.1	-22.5		0
center	orthogroup_156	5	10	GCA_000015785.2;GCA_000025805.1;GCF_000009045.1;GCF_000009785.1;GCF_000011245.1;GCF_000017885.4;GCF_005671335.1;GCF_006094295.1;GCF_034478925.1;GCF_034479305.1	1	0				0
center	orthogroup_156	6	10	GCA_000015785.2;GCA_000025805.1;GCF_000009045.1;GCF_000009785.1;GCF_000011245.1;GCF_000017885.4;GCF_005671335.1;GCF_006094295.1;GCF_034478925.1;GCF_034479305.1	1	0				0
center	orthogroup_156	7	10	GCA_000015785.2;GCA_000025805.1;GCF_000009045.1;GCF_000009785.1;GCF_000011245.1;GCF_000017885.4;GCF_005671335.1;GCF_006094295.1;GCF_034478925.1;GCF_034479305.1	1	4	GCF_000009785.1;GCF_000017885.4;GCF_005671335.1;GCF_034479305.1	107.0	1783.5625	1
center	orthogroup_156	8	10	GCA_000015785.2;GCA_000025805.1;GCF_000009045.1;GCF_000009785.1;GCF_000011245.1;GCF_000017885.4;GCF_005671335.1;GCF_006094295.1;GCF_034478925.1;GCF_034479305.1	1	5	GCF_000011245.1;GCF_000017885.4;GCF_005671335.1;GCF_034478925.1;GCF_034479305.1	-130.0	11411.2	1
center	orthogroup_158	1	10	GCA_000015785.2;GCA_000025805.1;GCF_000009045.1;GCF_000009785.1;GCF_000011245.1;GCF_000017885.4;GCF_005671335.1;GCF_006094295.1;GCF_034478925.1;GCF_034479305.1	1	0				0
center	orthogroup_158	2	10	GCA_000015785.2;GCA_000025805.1;GCF_000009045.1;GCF_000009785.1;GCF_000011245.1;GCF_000017885.4;GCF_005671335.1;GCF_006094295.1;GCF_034478925.1;GCF_034479305.1	1	1	GCF_005671335.1	4.5		0
center	orthogroup_158	3	10	GCA_000015785.2;GCA_000025805.1;GCF_000009045.1;GCF_000009785.1;GCF_000011245.1;GCF_000017885.4;GCF_005671335.1;GCF_006094295.1;GCF_034478925.1;GCF_034479305.1	1	0				0
center	orthogroup_158	4	10	GCA_000015785.2;GCA_000025805.1;GCF_000009045.1;GCF_000009785.1;GCF_000011245.1;GCF_000017885.4;GCF_005671335.1;GCF_006094295.1;GCF_034478925.1;GCF_034479305.1	1	0				0
center	orthogroup_158	5	10	GCA_000015785.2;GCA_000025805.1;GCF_000009045.1;GCF_000009785.1;GCF_000011245.1;GCF_000017885.4;GCF_005671335.1;GCF_006094295.1;GCF_034478925.1;GCF_034479305.1	1	1	GCF_000017885.4	-9.5		0
center	orthogroup_158	6	10	GCA_000015785.2;GCA_000025805.1;GCF_000009045.1;GCF_000009785.1;GCF_000011245.1;GCF_000017885.4;GCF_005671335.1;GCF_006094295.1;GCF_034478925.1;GCF_034479305.1	1	0				0
center	orthogroup_158	7	10	GCA_000015785.2;GCA_000025805.1;GCF_000009045.1;GCF_000009785.1;GCF_000011245.1;GCF_000017885.4;GCF_005671335.1;GCF_006094295.1;GCF_034478925.1;GCF_034479305.1	1	0				0
center	orthogroup_158	8	10	GCA_000015785.2;GCA_000025805.1;GCF_000009045.1;GCF_000009785.1;GCF_000011245.1;GCF_000017885.4;GCF_005671335.1;GCF_006094295.1;GCF_034478925.1;GCF_034479305.1	1	1	GCF_000009785.1	-27.5		0
center	orthogroup_158	9	10	GCA_000015785.2;GCA_000025805.1;GCF_000009045.1;GCF_000009785.1;GCF_000011245.1;GCF_000017885.4;GCF_005671335.1;GCF_006094295.1;GCF_034478925.1;GCF_034479305.1	1	0				0
center	orthogroup_158	10	10	GCA_000015785.2;GCA_000025805.1;GCF_000009045.1;GCF_000009785.1;GCF_000011245.1;GCF_000017885.4;GCF_005671335.1;GCF_006094295.1;GCF_034478925.1;GCF_034479305.1	1	0				0
center	orthogroup_158	11	10	GCA_000015785.2;GCA_000025805.1;GCF_000009045.1;GCF_000009785.1;GCF_000011245.1;GCF_000017885.4;GCF_005671335.1;GCF_006094295.1;GCF_034478925.1;GCF_034479305.1	1	0				0
center	orthogroup_158	12	10	GCA_000015785.2;GCA_000025805.1;GCF_000009045.1;GCF_000009785.1;GCF_000011245.1;GCF_000017885.4;GCF_005671335.1;GCF_006094295.1;GCF_034478925.1;GCF_034479305.1	1	0				0
center	orthogroup_158	13	10	GCA_000015785.2;GCA_000025805.1;GCF_000009045.1;GCF_000009785.1;GCF_000011245.1;GCF_000017885.4;GCF_005671335.1;GCF_006094295.1;GCF_034478925.1;GCF_034479305.1	1	0				0
center	orthogroup_158	14	10	GCA_000015785.2;GCA_000025805.1;GCF_000009045.1;GCF_000009785.1;GCF_000011245.1;GCF_000017885.4;GCF_005671335.1;GCF_006094295.1;GCF_034478925.1;GCF_034479305.1	1	0				0
center	orthogroup_158	15	10	GCA_000015785.2;GCA_000025805.1;GCF_000009045.1;GCF_000009785.1;GCF_000011245.1;GCF_000017885.4;GCF_005671335.1;GCF_006094295.1;GCF_034478925.1;GCF_034479305.1	1	1	GCA_000025805.1	2.5		0
center	orthogroup_18	1	10	GCA_000015785.2;GCA_000025805.1;GCF_000009045.1;GCF_000009785.1;GCF_000011245.1;GCF_000017885.4;GCF_005671335.1;GCF_006094295.1;GCF_034478925.1;GCF_034479305.1	1	0				0
center	orthogroup_18	2	10	GCA_000015785.2;GCA_000025805.1;GCF_000009045.1;GCF_000009785.1;GCF_000011245.1;GCF_000017885.4;GCF_005671335.1;GCF_006094295.1;GCF_034478925.1;GCF_034479305.1	1	1	GCF_000011245.1	-8.0		0
center	orthogroup_18	3	10	GCA_000015785.2;GCA_000025805.1;GCF_000009045.1;GCF_000009785.1;GCF_000011245.1;GCF_000017885.4;GCF_005671335.1;GCF_006094295.1;GCF_034478925.1;GCF_034479305.1	1	1	GCF_034478925.1	2.5		0
center	orthogroup_190	1	10	GCA_000015785.2;GCA_000025805.1;GCF_000009045.1;GCF_000009785.1;GCF_000011245.1;GCF_000017885.4;GCF_005671335.1;GCF_006094295.1;GCF_034478925.1;GCF_034479305.1	1	0				0
center	orthogroup_190	2	10	GCA_000015785.2;GCA_000025805.1;GCF_000009045.1;GCF_000009785.1;GCF_000011245.1;GCF_000017885.4;GCF_005671335.1;GCF_006094295.1;GCF_034478925.1;GCF_034479305.1	1	1	GCA_000015785.2	9.0		0
center	orthogroup_190	3	10	GCA_000015785.2;GCA_000025805.1;GCF_000009045.1;GCF_000009785.1;GCF_000011245.1;GCF_000017885.4;GCF_005671335.1;GCF_006094295.1;GCF_034478925.1;GCF_034479305.1	1	1	GCF_000011245.1	-13.5		0
center	orthogroup_190	4	10	GCA_000015785.2;GCA_000025805.1;GCF_000009045.1;GCF_000009785.1;GCF_000011245.1;GCF_000017885.4;GCF_005671335.1;GCF_006094295.1;GCF_034478925.1;GCF_034479305.1	1	1	GCF_000017885.4	17.5		0
center	orthogroup_190	5	10	GCA_000015785.2;GCA_000025805.1;GCF_000009045.1;GCF_000009785.1;GCF_000011245.1;GCF_000017885.4;GCF_005671335.1;GCF_006094295.1;GCF_034478925.1;GCF_034479305.1	1	0				0
center	orthogroup_190	6	10	GCA_000015785.2;GCA_000025805.1;GCF_000009045.1;GCF_000009785.1;GCF_000011245.1;GCF_000017885.4;GCF_005671335.1;GCF_006094295.1;GCF_034478925.1;GCF_034479305.1	1	4	GCA_000015785.2;GCF_000011245.1;GCF_006094295.1;GCF_034479305.1	12.25	3587.2291666666665	1
center	orthogroup_203	1	9	GCA_000015785.2;GCA_000025805.1;GCF_000009045.1;GCF_000009785.1;GCF_000011245.1;GCF_000017885.4;GCF_005671335.1;GCF_006094295.1;GCF_034478925.1	1	0				0
center	orthogroup_203	2	9	GCA_000015785.2;GCA_000025805.1;GCF_000009045.1;GCF_000009785.1;GCF_000011245.1;GCF_000017885.4;GCF_005671335.1;GCF_006094295.1;GCF_034478925.1	1	0				0
center	orthogroup_203	3	9	GCA_000015785.2;GCA_000025805.1;GCF_000009045.1;GCF_000009785.1;GCF_000011245.1;GCF_000017885.4;GCF_005671335.1;GCF_006094295.1;GCF_034478925.1	1	0				0
center	orthogroup_203	4	9	GCA_000015785.2;GCA_000025805.1;GCF_000009045.1;GCF_000009785.1;GCF_000011245.1;GCF_000017885.4;GCF_005671335.1;GCF_006094295.1;GCF_034478925.1	1	0				0
center	orthogroup_203	5	9	GCA_000015785.2;GCA_000025805.1;GCF_000009045.1;GCF_000009785.1;GCF_000011245.1;GCF_000017885.4;GCF_005671335.1;GCF_006094295.1;GCF_034478925.1	1	0				0
center	orthogroup_203	6	9	GCA_000015785.2;GCA_000025805.1;GCF_000009045.1;GCF_000009785.1;GCF_000011245.1;GCF_000017885.4;GCF_005671335.1;GCF_006094295.1;GCF_034478925.1	1	0				0
center	orthogroup_203	7	9	GCA_000015785.2;GCA_000025805.1;GCF_000009045.1;GCF_000009785.1;GCF_000011245.1;GCF_000017885.4;GCF_005671335.1;GCF_006094295.1;GCF_034478925.1	1	1	GCF_000009785.1	-0.5		0
center	orthogroup_210	1	6	GCA_000025805.1;GCF_000009045.1;GCF_000011245.1;GCF_000017885.4;GCF_006094295.1;GCF_034478925.1	0	0				0
center	orthogroup_210	2	6	GCA_000025805.1;GCF_000009045.1;GCF_000011245.1;GCF_000017885.4;GCF_006094295.1;GCF_034478925.1	0	0				0
center	orthogroup_210	3	6	GCA_000025805.1;GCF_000009045.1;GCF_000011245.1;GCF_000017885.4;GCF_006094295.1;GCF_034478925.1	0	0				0
center	orthogroup_210	4	6	GCA_000025805.1;GCF_000009045.1;GCF_000011245.1;GCF_000017885.4;GCF_006094295.1;GCF_034478925.1	0	0				0
center	orthogroup_210	5	6	GCA_000025805.1;GCF_000009045.1;GCF_000011245.1;GCF_000017885.4;GCF_006094295.1;GCF_034478925.1	0	0				0
center	orthogroup_210	6	6	GCA_000025805.1;GCF_000009045.1;GCF_000011245.1;GCF_000017885.4;GCF_006094295.1;GCF_034478925.1	0	0				0
center	orthogroup_210	9	6	GCA_000025805.1;GCF_000009045.1;GCF_000011245.1;GCF_000017885.4;GCF_006094295.1;GCF_034478925.1	0	1	GCF_006094295.1	-2.5		0
center	orthogroup_210	10	6	GCA_000025805.1;GCF_000009045.1;GCF_000011245.1;GCF_000017885.4;GCF_006094295.1;GCF_034478925.1	0	0				0
center	orthogroup_210	11	6	GCA_000025805.1;GCF_000009045.1;GCF_000011245.1;GCF_000017885.4;GCF_006094295.1;GCF_034478925.1	0	0				0
center	orthogroup_210	12	6	GCA_000025805.1;GCF_000009045.1;GCF_000011245.1;GCF_000017885.4;GCF_006094295.1;GCF_034478925.1	0	0				0
center	orthogroup_245	1	6	GCA_000015785.2;GCA_000025805.1;GCF_000009045.1;GCF_000017885.4;GCF_005671335.1;GCF_034478925.1	0	0				0
center	orthogroup_245	2	6	GCA_000015785.2;GCA_000025805.1;GCF_000009045.1;GCF_000017885.4;GCF_005671335.1;GCF_034478925.1	0	0				0
center	orthogroup_245	3	6	GCA_000015785.2;GCA_000025805.1;GCF_000009045.1;GCF_000017885.4;GCF_005671335.1;GCF_034478925.1	0	0				0
center	orthogroup_245	4	6	GCA_000015785.2;GCA_000025805.1;GCF_000009045.1;GCF_000017885.4;GCF_005671335.1;GCF_034478925.1	0	1	GCA_000015785.2	-12.0		0
center	orthogroup_245	8	6	GCA_000015785.2;GCA_000025805.1;GCF_000009045.1;GCF_000017885.4;GCF_005671335.1;GCF_034478925.1	0	0				0
center	orthogroup_245	10	6	GCA_000015785.2;GCA_000025805.1;GCF_000009045.1;GCF_000017885.4;GCF_005671335.1;GCF_034478925.1	0	0				0
center	orthogroup_245	11	6	GCA_000015785.2;GCA_000025805.1;GCF_000009045.1;GCF_000017885.4;GCF_005671335.1;GCF_034478925.1	0	1	GCF_000009045.1	1.5		0
center	orthogroup_255	1	7	GCA_000025805.1;GCF_000009785.1;GCF_000011245.1;GCF_000017885.4;GCF_005671335.1;GCF_034478925.1;GCF_034479305.1	0	4	GCA_000025805.1;GCF_000009785.1;GCF_000017885.4;GCF_034478925.1	-40.75	8008.729166666667	0
center	orthogroup_255	2	7	GCA_000025805.1;GCF_000009785.1;GCF_000011245.1;GCF_000017885.4;GCF_005671335.1;GCF_034478925.1;GCF_034479305.1	0	0				0
center	orthogroup_255	3	7	GCA_000025805.1;GCF_000009785.1;GCF_000011245.1;GCF_000017885.4;GCF_005671335.1;GCF_034478925.1;GCF_034479305.1	0	0				0
center	orthogroup_255	4	7	GCA_000025805.1;GCF_000009785.1;GCF_000011245.1;GCF_000017885.4;GCF_005671335.1;GCF_034478925.1;GCF_034479305.1	0	0				0
center	orthogroup_255	8	7	GCA_000025805.1;GCF_000009785.1;GCF_000011245.1;GCF_000017885.4;GCF_005671335.1;GCF_034478925.1;GCF_034479305.1	0	0				0
center	orthogroup_255	10	7	GCA_000025805.1;GCF_000009785.1;GCF_000011245.1;GCF_000017885.4;GCF_005671335.1;GCF_034478925.1;GCF_034479305.1	0	0				0
center	orthogroup_255	12	7	GCA_000025805.1;GCF_000009785.1;GCF_000011245.1;GCF_000017885.4;GCF_005671335.1;GCF_034478925.1;GCF_034479305.1	0	0				0
center	orthogroup_269	1	10	GCA_000015785.2;GCA_000025805.1;GCF_000009045.1;GCF_000009785.1;GCF_000011245.1;GCF_000017885.4;GCF_005671335.1;GCF_006094295.1;GCF_034478925.1;GCF_034479305.1	1	2	GCF_000009045.1;GCF_000011245.1	-11.5	312.5	0
center	orthogroup_269	2	10	GCA_000015785.2;GCA_000025805.1;GCF_000009045.1;GCF_000009785.1;GCF_000011245.1;GCF_000017885.4;GCF_005671335.1;GCF_006094295.1;GCF_034478925.1;GCF_034479305.1	1	1	GCF_000011245.1	-1.5		0
center	orthogroup_269	3	10	GCA_000015785.2;GCA_000025805.1;GCF_000009045.1;GCF_000009785.1;GCF_000011245.1;GCF_000017885.4;GCF_005671335.1;GCF_006094295.1;GCF_034478925.1;GCF_034479305.1	1	1	GCA_000025805.1	8.5		0
center	orthogroup_274	1	10	GCA_000015785.2;GCA_000025805.1;GCF_000009045.1;GCF_000009785.1;GCF_000011245.1;GCF_000017885.4;GCF_005671335.1;GCF_006094295.1;GCF_034478925.1;GCF_034479305.1	1	0				0
center	orthogroup_274	2	10	GCA_000015785.2;GCA_000025805.1;GCF_000009045.1;GCF_000009785.1;GCF_000011245.1;GCF_000017885.4;GCF_005671335.1;GCF_006094295.1;GCF_034478925.1;GCF_034479305.1	1	0				0
center	orthogroup_274	3	10	GCA_000015785.2;GCA_000025805.1;GCF_000009045.1;GCF_000009785.1;GCF_000011245.1;GCF_000017885.4;GCF_005671335.1;GCF_006094295.1;GCF_034478925.1;GCF_034479305.1	1	1	GCA_000025805.1	0.5		0
center	orthogroup_274	4	10	GCA_000015785.2;GCA_000025805.1;GCF_000009045.1;GCF_000009785.1;GCF_000011245.1;GCF_000017885.4;GCF_005671335.1;GCF_006094295.1;GCF_034478925.1;GCF_034479305.1	1	0				0
center	orthogroup_274	5	10	GCA_000015785.2;GCA_000025805.1;GCF_000009045.1;GCF_000009785.1;GCF_000011245.1;GCF_000017885.4;GCF_005671335.1;GCF_006094295.1;GCF_034478925.1;GCF_034479305.1	1	1	GCF_006094295.1	3.0		0
center	orthogroup_274	6	10	GCA_000015785.2;GCA_000025805.1;GCF_000009045.1;GCF_000009785.1;GCF_000011245.1;GCF_000017885.4;GCF_005671335.1;GCF_006094295.1;GCF_034478925.1;GCF_034479305.1	1	1	GCF_034478925.1	-17.0		0
center	orthogroup_274	7	10	GCA_000015785.2;GCA_000025805.1;GCF_000009045.1;GCF_000009785.1;GCF_000011245.1;GCF_000017885.4;GCF_005671335.1;GCF_006094295.1;GCF_034478925.1;GCF_034479305.1	1	0				0
center	orthogroup_274	8	10	GCA_000015785.2;GCA_000025805.1;GCF_000009045.1;GCF_000009785.1;GCF_000011245.1;GCF_000017885.4;GCF_005671335.1;GCF_006094295.1;GCF_034478925.1;GCF_034479305.1	1	1	GCA_000025805.1	0.5		0
center	orthogroup_276	1	10	GCA_000015785.2;GCA_000025805.1;GCF_000009045.1;GCF_000009785.1;GCF_000011245.1;GCF_000017885.4;GCF_005671335.1;GCF_006094295.1;GCF_034478925.1;GCF_034479305.1	1	1	GCF_005671335.1	-1.0		0
center	orthogroup_276	2	10	GCA_000015785.2;GCA_000025805.1;GCF_000009045.1;GCF_000009785.1;GCF_000011245.1;GCF_000017885.4;GCF_005671335.1;GCF_006094295.1;GCF_034478925.1;GCF_034479305.1	1	0				0
center	orthogroup_276	3	10	GCA_000015785.2;GCA_000025805.1;GCF_000009045.1;GCF_000009785.1;GCF_000011245.1;GCF_000017885.4;GCF_005671335.1;GCF_006094295.1;GCF_034478925.1;GCF_034479305.1	1	0				0
center	orthogroup_276	4	10	GCA_000015785.2;GCA_000025805.1;GCF_000009045.1;GCF_000009785.1;GCF_000011245.1;GCF_000017885.4;GCF_005671335.1;GCF_006094295.1;GCF_034478925.1;GCF_034479305.1	1	0				0
center	orthogroup_276	5	10	GCA_000015785.2;GCA_000025805.1;GCF_000009045.1;GCF_000009785.1;GCF_000011245.1;GCF_000017885.4;GCF_005671335.1;GCF_006094295.1;GCF_034478925.1;GCF_034479305.1	1	0				0
center	orthogroup_276	6	10	GCA_000015785.2;GCA_000025805.1;GCF_000009045.1;GCF_000009785.1;GCF_000011245.1;GCF_000017885.4;GCF_005671335.1;GCF_006094295.1;GCF_034478925.1;GCF_034479305.1	1	0				0
center	orthogroup_276	7	10	GCA_000015785.2;GCA_000025805.1;GCF_000009045.1;GCF_000009785.1;GCF_000011245.1;GCF_000017885.4;GCF_005671335.1;GCF_006094295.1;GCF_034478925.1;GCF_034479305.1	1	0				0
center	orthogroup_276	8	10	GCA_000015785.2;GCA_000025805.1;GCF_000009045.1;GCF_000009785.1;GCF_000011245.1;GCF_000017885.4;GCF_005671335.1;GCF_006094295.1;GCF_034478925.1;GCF_034479305.1	1	1	GCF_000017885.4	11.0		0
center	orthogroup_276	9	10	GCA_000015785.2;GCA_000025805.1;GCF_000009045.1;GCF_000009785.1;GCF_000011245.1;GCF_000017885.4;GCF_005671335.1;GCF_006094295.1;GCF_034478925.1;GCF_034479305.1	1	0				0
center	orthogroup_276	10	10	GCA_000015785.2;GCA_000025805.1;GCF_000009045.1;GCF_000009785.1;GCF_000011245.1;GCF_000017885.4;GCF_005671335.1;GCF_006094295.1;GCF_034478925.1;GCF_034479305.1	1	1	GCF_005671335.1	-6.5		0
center	orthogroup_276	11	10	GCA_000015785.2;GCA_000025805.1;GCF_000009045.1;GCF_000009785.1;GCF_000011245.1;GCF_000017885.4;GCF_005671335.1;GCF_006094295.1;GCF_034478925.1;GCF_034479305.1	1	0				0
center	orthogroup_276	12	10	GCA_000015785.2;GCA_000025805.1;GCF_000009045.1;GCF_000009785.1;GCF_000011245.1;GCF_000017885.4;GCF_005671335.1;GCF_006094295.1;GCF_034478925.1;GCF_034479305.1	1	2	GCA_000015785.2;GCF_000009785.1	13.75	1.125	0
center	orthogroup_276	13	10	GCA_000015785.2;GCA_000025805.1;GCF_000009045.1;GCF_000009785.1;GCF_000011245.1;GCF_000017885.4;GCF_005671335.1;GCF_006094295.1;GCF_034478925.1;GCF_034479305.1	1	0				0
center	orthogroup_276	14	10	GCA_000015785.2;GCA_000025805.1;GCF_000009045.1;GCF_000009785.1;GCF_000011245.1;GCF_000017885.4;GCF_005671335.1;GCF_006094295.1;GCF_034478925.1;GCF_034479305.1	1	0				0
center	orthogroup_277	1	10	GCA_000015785.2;GCA_000025805.1;GCF_000009045.1;GCF_000009785.1;GCF_000011245.1;GCF_000017885.4;GCF_005671335.1;GCF_006094295.1;GCF_034478925.1;GCF_034479305.1	1	1	GCF_005671335.1	-4.5		0
center	orthogroup_277	2	10	GCA_000015785.2;GCA_000025805.1;GCF_000009045.1;GCF_000009785.1;GCF_000011245.1;GCF_000017885.4;GCF_005671335.1;GCF_006094295.1;GCF_034478925.1;GCF_034479305.1	1	0				0
center	orthogroup_277	3	10	GCA_000015785.2;GCA_000025805.1;GCF_000009045.1;GCF_000009785.1;GCF_000011245.1;GCF_000017885.4;GCF_005671335.1;GCF_006094295.1;GCF_034478925.1;GCF_034479305.1	1	1	GCA_000025805.1	13.0		0
center	orthogroup_277	4	10	GCA_000015785.2;GCA_000025805.1;GCF_000009045.1;GCF_000009785.1;GCF_000011245.1;GCF_000017885.4;GCF_005671335.1;GCF_006094295.1;GCF_034478925.1;GCF_034479305.1	1	0				0
center	orthogroup_277	5	10	GCA_000015785.2;GCA_000025805.1;GCF_000009045.1;GCF_000009785.1;GCF_000011245.1;GCF_000017885.4;GCF_005671335.1;GCF_006094295.1;GCF_034478925.1;GCF_034479305.1	1	0				0
center	orthogroup_278	1	10	GCA_000015785.2;GCA_000025805.1;GCF_000009045.1;GCF_000009785.1;GCF_000011245.1;GCF_000017885.4;GCF_005671335.1;GCF_006094295.1;GCF_034478925.1;GCF_034479305.1	1	0				0
center	orthogroup_278	2	10	GCA_000015785.2;GCA_000025805.1;GCF_000009045.1;GCF_000009785.1;GCF_000011245.1;GCF_000017885.4;GCF_005671335.1;GCF_006094295.1;GCF_034478925.1;GCF_034479305.1	1	0				0
center	orthogroup_278	3	10	GCA_000015785.2;GCA_000025805.1;GCF_000009045.1;GCF_000009785.1;GCF_000011245.1;GCF_000017885.4;GCF_005671335.1;GCF_006094295.1;GCF_034478925.1;GCF_034479305.1	1	0				0
center	orthogroup_279	1	10	GCA_000015785.2;GCA_000025805.1;GCF_000009045.1;GCF_000009785.1;GCF_000011245.1;GCF_000017885.4;GCF_005671335.1;GCF_006094295.1;GCF_034478925.1;GCF_034479305.1	1	1	GCF_034479305.1	10.0		0
center	orthogroup_279	2	10	GCA_000015785.2;GCA_000025805.1;GCF_000009045.1;GCF_000009785.1;GCF_000011245.1;GCF_000017885.4;GCF_005671335.1;GCF_006094295.1;GCF_034478925.1;GCF_034479305.1	1	2	GCA_000015785.2;GCF_000009045.1	-9.75	15.125	0
center	orthogroup_279	3	10	GCA_000015785.2;GCA_000025805.1;GCF_000009045.1;GCF_000009785.1;GCF_000011245.1;GCF_000017885.4;GCF_005671335.1;GCF_006094295.1;GCF_034478925.1;GCF_034479305.1	1	0				0
center	orthogroup_279	4	10	GCA_000015785.2;GCA_000025805.1;GCF_000009045.1;GCF_000009785.1;GCF_000011245.1;GCF_000017885.4;GCF_005671335.1;GCF_006094295.1;GCF_034478925.1;GCF_034479305.1	1	0				0
center	orthogroup_279	5	10	GCA_000015785.2;GCA_000025805.1;GCF_000009045.1;GCF_000009785.1;GCF_000011245.1;GCF_000017885.4;GCF_005671335.1;GCF_006094295.1;GCF_034478925.1;GCF_034479305.1	1	0				0
center	orthogroup_279	6	10	GCA_000015785.2;GCA_000025805.1;GCF_000009045.1;GCF_000009785.1;GCF_000011245.1;GCF_000017885.4;GCF_005671335.1;GCF_006094295.1;GCF_034478925.1;GCF_034479305.1	1	0				0
center	orthogroup_279	7	10	GCA_000015785.2;GCA_000025805.1;GCF_000009045.1;GCF_000009785.1;GCF_000011245.1;GCF_000017885.4;GCF_005671335.1;GCF_006094295.1;GCF_034478925.1;GCF_034479305.1	1	1	GCF_005671335.1	20.0		0
center	orthogroup_288	1	10	GCA_000015785.2;GCA_000025805.1;GCF_000009045.1;GCF_000009785.1;GCF_000011245.1;GCF_000017885.4;GCF_005671335.1;GCF_006094295.1;GCF_034478925.1;GCF_034479305.1	1	3	GCF_006094295.1;GCF_034478925.1;GCF_034479305.1	-5.5	102.25	1
center	orthogroup_288	2	10	GCA_000015785.2;GCA_000025805.1;GCF_000009045.1;GCF_000009785.1;GCF_000011245.1;GCF_000017885.4;GCF_005671335.1;GCF_006094295.1;GCF_034478925.1;GCF_034479305.1	1	1	GCA_000025805.1	5.0		0
center	orthogroup_288	3	10	GCA_000015785.2;GCA_000025805.1;GCF_000009045.1;GCF_000009785.1;GCF_000011245.1;GCF_000017885.4;GCF_005671335.1;GCF_006094295.1;GCF_034478925.1;GCF_034479305.1	1	0				0
center	orthogroup_288	4	10	GCA_000015785.2;GCA_000025805.1;GCF_000009045.1;GCF_000009785.1;GCF_000011245.1;GCF_000017885.4;GCF_005671335.1;GCF_006094295.1;GCF_034478925.1;GCF_034479305.1	1	1	GCA_000025805.1	14.0		0
center	orthogroup_288	5	10	GCA_000015785.2;GCA_000025805.1;GCF_000009045.1;GCF_000009785.1;GCF_000011245.1;GCF_000017885.4;GCF_005671335.1;GCF_006094295.1;GCF_034478925.1;GCF_034479305.1	1	2	GCF_000009785.1;GCF_000011245.1	-3.0	144.5	0
center	orthogroup_288	6	10	GCA_000015785.2;GCA_000025805.1;GCF_000009045.1;GCF_000009785.1;GCF_000011245.1;GCF_000017885.4;GCF_005671335.1;GCF_006094295.1;GCF_034478925.1;GCF_034479305.1	1	1	GCF_034478925.1	23.5		0
center	orthogroup_288	7	10	GCA_000015785.2;GCA_000025805.1;GCF_000009045.1;GCF_000009785.1;GCF_000011245.1;GCF_000017885.4;GCF_005671335.1;GCF_006094295.1;GCF_034478925.1;GCF_034479305.1	1	0				0
center	orthogroup_288	8	10	GCA_000015785.2;GCA_000025805.1;GCF_000009045.1;GCF_000009785.1;GCF_000011245.1;GCF_000017885.4;GCF_005671335.1;GCF_006094295.1;GCF_034478925.1;GCF_034479305.1	1	0				0
center	orthogroup_288	9	10	GCA_000015785.2;GCA_000025805.1;GCF_000009045.1;GCF_000009785.1;GCF_000011245.1;GCF_000017885.4;GCF_005671335.1;GCF_006094295.1;GCF_034478925.1;GCF_034479305.1	1	0				0
center	orthogroup_288	10	10	GCA_000015785.2;GCA_000025805.1;GCF_000009045.1;GCF_000009785.1;GCF_000011245.1;GCF_000017885.4;GCF_005671335.1;GCF_006094295.1;GCF_034478925.1;GCF_034479305.1	1	0				0
center	orthogroup_288	11	10	GCA_000015785.2;GCA_000025805.1;GCF_000009045.1;GCF_000009785.1;GCF_000011245.1;GCF_000017885.4;GCF_005671335.1;GCF_006094295.1;GCF_034478925.1;GCF_034479305.1	1	1	GCF_000011245.1	7.5		0
center	orthogroup_288	12	10	GCA_000015785.2;GCA_000025805.1;GCF_000009045.1;GCF_000009785.1;GCF_000011245.1;GCF_000017885.4;GCF_005671335.1;GCF_006094295.1;GCF_034478925.1;GCF_034479305.1	1	0				0
center	orthogroup_299	1	10	GCA_000015785.2;GCA_000025805.1;GCF_000009045.1;GCF_000009785.1;GCF_000011245.1;GCF_000017885.4;GCF_005671335.1;GCF_006094295.1;GCF_034478925.1;GCF_034479305.1	1	0				0
center	orthogroup_299	2	10	GCA_000015785.2;GCA_000025805.1;GCF_000009045.1;GCF_000009785.1;GCF_000011245.1;GCF_000017885.4;GCF_005671335.1;GCF_006094295.1;GCF_034478925.1;GCF_034479305.1	1	0				0
center	orthogroup_299	3	10	GCA_000015785.2;GCA_000025805.1;GCF_000009045.1;GCF_000009785.1;GCF_000011245.1;GCF_000017885.4;GCF_005671335.1;GCF_006094295.1;GCF_034478925.1;GCF_034479305.1	1	0				0
center	orthogroup_299	4	10	GCA_000015785.2;GCA_000025805.1;GCF_000009045.1;GCF_000009785.1;GCF_000011245.1;GCF_000017885.4;GCF_005671335.1;GCF_006094295.1;GCF_034478925.1;GCF_034479305.1	1	1	GCF_034479305.1	-2.0		0
center	orthogroup_299	5	10	GCA_000015785.2;GCA_000025805.1;GCF_000009045.1;GCF_000009785.1;GCF_000011245.1;GCF_000017885.4;GCF_005671335.1;GCF_006094295.1;GCF_034478925.1;GCF_034479305.1	1	1	GCA_000025805.1	-4.5		0
center	orthogroup_299	6	10	GCA_000015785.2;GCA_000025805.1;GCF_000009045.1;GCF_000009785.1;GCF_000011245.1;GCF_000017885.4;GCF_005671335.1;GCF_006094295.1;GCF_034478925.1;GCF_034479305.1	1	0				0
center	orthogroup_299	7	10	GCA_000015785.2;GCA_000025805.1;GCF_000009045.1;GCF_000009785.1;GCF_000011245.1;GCF_000017885.4;GCF_005671335.1;GCF_006094295.1;GCF_034478925.1;GCF_034479305.1	1	0				0
center	orthogroup_299	8	10	GCA_000015785.2;GCA_000025805.1;GCF_000009045.1;GCF_000009785.1;GCF_000011245.1;GCF_000017885.4;GCF_005671335.1;GCF_006094295.1;GCF_034478925.1;GCF_034479305.1	1	0				0
center	orthogroup_299	9	10	GCA_000015785.2;GCA_000025805.1;GCF_000009045.1;GCF_000009785.1;GCF_000011245.1;GCF_000017885.4;GCF_005671335.1;GCF_006094295.1;GCF_034478925.1;GCF_034479305.1	1	0				0
center	orthogroup_299	10	10	GCA_000015785.2;GCA_000025805.1;GCF_000009045.1;GCF_000009785.1;GCF_000011245.1;GCF_000017885.4;GCF_005671335.1;GCF_006094295.1;GCF_034478925.1;GCF_034479305.1	1	1	GCF_000017885.4	-19.5		0
center	orthogroup_301	1	9	GCA_000015785.2;GCF_000009045.1;GCF_000009785.1;GCF_000011245.1;GCF_000017885.4;GCF_005671335.1;GCF_006094295.1;GCF_034478925.1;GCF_034479305.1	1	1	GCF_006094295.1	-6.0		0
center	orthogroup_301	2	9	GCA_000015785.2;GCF_000009045.1;GCF_000009785.1;GCF_000011245.1;GCF_000017885.4;GCF_005671335.1;GCF_006094295.1;GCF_034478925.1;GCF_034479305.1	1	1	GCF_000011245.1	11.0		0
center	orthogroup_301	3	9	GCA_000015785.2;GCF_000009045.1;GCF_000009785.1;GCF_000011245.1;GCF_000017885.4;GCF_005671335.1;GCF_006094295.1;GCF_034478925.1;GCF_034479305.1	1	0				0
center	orthogroup_301	4	9	GCA_000015785.2;GCF_000009045.1;GCF_000009785.1;GCF_000011245.1;GCF_000017885.4;GCF_005671335.1;GCF_006094295.1;GCF_034478925.1;GCF_034479305.1	1	0				0
center	orthogroup_301	5	9	GCA_000015785.2;GCF_000009045.1;GCF_000009785.1;GCF_000011245.1;GCF_000017885.4;GCF_005671335.1;GCF_006094295.1;GCF_034478925.1;GCF_034479305.1	1	0				0
center	orthogroup_301	6	9	GCA_000015785.2;GCF_000009045.1;GCF_000009785.1;GCF_000011245.1;GCF_000017885.4;GCF_005671335.1;GCF_006094295.1;GCF_034478925.1;GCF_034479305.1	1	0				0
center	orthogroup_301	7	9	GCA_000015785.2;GCF_000009045.1;GCF_000009785.1;GCF_000011245.1;GCF_000017885.4;GCF_005671335.1;GCF_006094295.1;GCF_034478925.1;GCF_034479305.1	1	0				0
center	orthogroup_301	8	9	GCA_000015785.2;GCF_000009045.1;GCF_000009785.1;GCF_000011245.1;GCF_000017885.4;GCF_005671335.1;GCF_006094295.1;GCF_034478925.1;GCF_034479305.1	1	2	GCF_000009045.1;GCF_000009785.1	-3.0	18.0	0
center	orthogroup_301	9	9	GCA_000015785.2;GCF_000009045.1;GCF_000009785.1;GCF_000011245.1;GCF_000017885.4;GCF_005671335.1;GCF_006094295.1;GCF_034478925.1;GCF_034479305.1	1	0				0
center	orthogroup_301	10	9	GCA_000015785.2;GCF_000009045.1;GCF_000009785.1;GCF_000011245.1;GCF_000017885.4;GCF_005671335.1;GCF_006094295.1;GCF_034478925.1;GCF_034479305.1	1	0				0
center	orthogroup_305	1	10	GCA_000015785.2;GCA_000025805.1;GCF_000009045.1;GCF_000009785.1;GCF_000011245.1;GCF_000017885.4;GCF_005671335.1;GCF_006094295.1;GCF_034478925.1;GCF_034479305.1	1	0				0
center	orthogroup_305	2	10	GCA_000015785.2;GCA_000025805.1;GCF_000009045.1;GCF_000009785.1;GCF_000011245.1;GCF_000017885.4;GCF_005671335.1;GCF_006094295.1;GCF_034478925.1;GCF_034479305.1	1	2	GCF_000011245.1;GCF_005671335.1	-9.5	2.0	0
center	orthogroup_305	3	10	GCA_000015785.2;GCA_000025805.1;GCF_000009045.1;GCF_000009785.1;GCF_000011245.1;GCF_000017885.4;GCF_005671335.1;GCF_006094295.1;GCF_034478925.1;GCF_034479305.1	1	0				0
center	orthogroup_305	4	10	GCA_000015785.2;GCA_000025805.1;GCF_000009045.1;GCF_000009785.1;GCF_000011245.1;GCF_000017885.4;GCF_005671335.1;GCF_006094295.1;GCF_034478925.1;GCF_034479305.1	1	0				0
center	orthogroup_305	5	10	GCA_000015785.2;GCA_000025805.1;GCF_000009045.1;GCF_000009785.1;GCF_000011245.1;GCF_000017885.4;GCF_005671335.1;GCF_006094295.1;GCF_034478925.1;GCF_034479305.1	1	1	GCF_000017885.4	75.0		0
center	orthogroup_315	1	10	GCA_000015785.2;GCA_000025805.1;GCF_000009045.1;GCF_000009785.1;GCF_000011245.1;GCF_000017885.4;GCF_005671335.1;GCF_006094295.1;GCF_034478925.1;GCF_034479305.1	1	1	GCF_000009785.1	-18.5		0
center	orthogroup_315	2	10	GCA_000015785.2;GCA_000025805.1;GCF_000009045.1;GCF_000009785.1;GCF_000011245.1;GCF_000017885.4;GCF_005671335.1;GCF_006094295.1;GCF_034478925.1;GCF_034479305.1	1	0				0
center	orthogroup_315	3	10	GCA_000015785.2;GCA_000025805.1;GCF_000009045.1;GCF_000009785.1;GCF_000011245.1;GCF_000017885.4;GCF_005671335.1;GCF_006094295.1;GCF_034478925.1;GCF_034479305.1	1	1	GCF_000017885.4	-11.5		0
center	orthogroup_315	4	10	GCA_000015785.2;GCA_000025805.1;GCF_000009045.1;GCF_000009785.1;GCF_000011245.1;GCF_000017885.4;GCF_005671335.1;GCF_006094295.1;GCF_034478925.1;GCF_034479305.1	1	3	GCA_000015785.2;GCF_005671335.1;GCF_034478925.1	17.0	261.5833333333333	1
center	orthogroup_318	1	10	GCA_000015785.2;GCA_000025805.1;GCF_000009045.1;GCF_000009785.1;GCF_000011245.1;GCF_000017885.4;GCF_005671335.1;GCF_006094295.1;GCF_034478925.1;GCF_034479305.1	1	0				0
center	orthogroup_318	2	10	GCA_000015785.2;GCA_000025805.1;GCF_000009045.1;GCF_000009785.1;GCF_000011245.1;GCF_000017885.4;GCF_005671335.1;GCF_006094295.1;GCF_034478925.1;GCF_034479305.1	1	1	GCA_000025805.1	6.0		0
center	orthogroup_318	3	10	GCA_000015785.2;GCA_000025805.1;GCF_000009045.1;GCF_000009785.1;GCF_000011245.1;GCF_000017885.4;GCF_005671335.1;GCF_006094295.1;GCF_034478925.1;GCF_034479305.1	1	0				0
center	orthogroup_318	4	10	GCA_000015785.2;GCA_000025805.1;GCF_000009045.1;GCF_000009785.1;GCF_000011245.1;GCF_000017885.4;GCF_005671335.1;GCF_006094295.1;GCF_034478925.1;GCF_034479305.1	1	0				0
center	orthogroup_318	5	10	GCA_000015785.2;GCA_000025805.1;GCF_000009045.1;GCF_000009785.1;GCF_000011245.1;GCF_000017885.4;GCF_005671335.1;GCF_006094295.1;GCF_034478925.1;GCF_034479305.1	1	0				0
center	orthogroup_318	6	10	GCA_000015785.2;GCA_000025805.1;GCF_000009045.1;GCF_000009785.1;GCF_000011245.1;GCF_000017885.4;GCF_005671335.1;GCF_006094295.1;GCF_034478925.1;GCF_034479305.1	1	0				0
center	orthogroup_318	7	10	GCA_000015785.2;GCA_000025805.1;GCF_000009045.1;GCF_000009785.1;GCF_000011245.1;GCF_000017885.4;GCF_005671335.1;GCF_006094295.1;GCF_034478925.1;GCF_034479305.1	1	0				0
center	orthogroup_318	8	10	GCA_000015785.2;GCA_000025805.1;GCF_000009045.1;GCF_000009785.1;GCF_000011245.1;GCF_000017885.4;GCF_005671335.1;GCF_006094295.1;GCF_034478925.1;GCF_034479305.1	1	0				0
center	orthogroup_318	9	10	GCA_000015785.2;GCA_000025805.1;GCF_000009045.1;GCF_000009785.1;GCF_000011245.1;GCF_000017885.4;GCF_005671335.1;GCF_006094295.1;GCF_034478925.1;GCF_034479305.1	1	1	GCF_034478925.1	-13.0		0
center	orthogroup_318	10	9	GCA_000015785.2;GCA_000025805.1;GCF_000009045.1;GCF_000009785.1;GCF_000011245.1;GCF_000017885.4;GCF_005671335.1;GCF_034478925.1;GCF_034479305.1	1	0				0
center	orthogroup_318	12	10	GCA_000015785.2;GCA_000025805.1;GCF_000009045.1;GCF_000009785.1;GCF_000011245.1;GCF_000017885.4;GCF_005671335.1;GCF_006094295.1;GCF_034478925.1;GCF_034479305.1	1	0				0
center	orthogroup_318	13	10	GCA_000015785.2;GCA_000025805.1;GCF_000009045.1;GCF_000009785.1;GCF_000011245.1;GCF_000017885.4;GCF_005671335.1;GCF_006094295.1;GCF_034478925.1;GCF_034479305.1	1	0				0
center	orthogroup_318	14	10	GCA_000015785.2;GCA_000025805.1;GCF_000009045.1;GCF_000009785.1;GCF_000011245.1;GCF_000017885.4;GCF_005671335.1;GCF_006094295.1;GCF_034478925.1;GCF_034479305.1	1	1	GCF_006094295.1	7.5		0
center	orthogroup_329	1	10	GCA_000015785.2;GCA_000025805.1;GCF_000009045.1;GCF_000009785.1;GCF_000011245.1;GCF_000017885.4;GCF_005671335.1;GCF_006094295.1;GCF_034478925.1;GCF_034479305.1	1	0				0
center	orthogroup_329	2	10	GCA_000015785.2;GCA_000025805.1;GCF_000009045.1;GCF_000009785.1;GCF_000011245.1;GCF_000017885.4;GCF_005671335.1;GCF_006094295.1;GCF_034478925.1;GCF_034479305.1	1	0				0
center	orthogroup_329	3	10	GCA_000015785.2;GCA_000025805.1;GCF_000009045.1;GCF_000009785.1;GCF_000011245.1;GCF_000017885.4;GCF_005671335.1;GCF_006094295.1;GCF_034478925.1;GCF_034479305.1	1	1	GCF_005671335.1	-67.5		0
center	orthogroup_329	4	10	GCA_000015785.2;GCA_000025805.1;GCF_000009045.1;GCF_000009785.1;GCF_000011245.1;GCF_000017885.4;GCF_005671335.1;GCF_006094295.1;GCF_034478925.1;GCF_034479305.1	1	1	GCF_034478925.1	67.0		0
center	orthogroup_329	5	10	GCA_000015785.2;GCA_000025805.1;GCF_000009045.1;GCF_000009785.1;GCF_000011245.1;GCF_000017885.4;GCF_005671335.1;GCF_006094295.1;GCF_034478925.1;GCF_034479305.1	1	1	GCF_005671335.1	-106.0		0
center	orthogroup_329	6	10	GCA_000015785.2;GCA_000025805.1;GCF_000009045.1;GCF_000009785.1;GCF_000011245.1;GCF_000017885.4;GCF_005671335.1;GCF_006094295.1;GCF_034478925.1;GCF_034479305.1	1	0				0
center	orthogroup_329	7	10	GCA_000015785.2;GCA_000025805.1;GCF_000009045.1;GCF_000009785.1;GCF_000011245.1;GCF_000017885.4;GCF_005671335.1;GCF_006094295.1;GCF_034478925.1;GCF_034479305.1	1	0				0
center	orthogroup_329	8	10	GCA_000015785.2;GCA_000025805.1;GCF_000009045.1;GCF_000009785.1;GCF_000011245.1;GCF_000017885.4;GCF_005671335.1;GCF_006094295.1;GCF_034478925.1;GCF_034479305.1	1	0				0
center	orthogroup_329	9	10	GCA_000015785.2;GCA_000025805.1;GCF_000009045.1;GCF_000009785.1;GCF_000011245.1;GCF_000017885.4;GCF_005671335.1;GCF_006094295.1;GCF_034478925.1;GCF_034479305.1	1	0				0
center	orthogroup_329	10	10	GCA_000015785.2;GCA_000025805.1;GCF_000009045.1;GCF_000009785.1;GCF_000011245.1;GCF_000017885.4;GCF_005671335.1;GCF_006094295.1;GCF_034478925.1;GCF_034479305.1	1	2	GCA_000015785.2;GCF_034479305.1	5.5	24.5	0
center	orthogroup_377	1	9	GCA_000015785.2;GCA_000025805.1;GCF_000009045.1;GCF_000009785.1;GCF_000017885.4;GCF_005671335.1;GCF_006094295.1;GCF_034478925.1;GCF_034479305.1	1	1	GCF_000009045.1	-15.5		0
center	orthogroup_377	2	9	GCA_000015785.2;GCA_000025805.1;GCF_000009045.1;GCF_000009785.1;GCF_000017885.4;GCF_005671335.1;GCF_006094295.1;GCF_034478925.1;GCF_034479305.1	1	0				0
center	orthogroup_377	3	9	GCA_000015785.2;GCA_000025805.1;GCF_000009045.1;GCF_000009785.1;GCF_000017885.4;GCF_005671335.1;GCF_006094295.1;GCF_034478925.1;GCF_034479305.1	1	0				0
center	orthogroup_377	4	9	GCA_000015785.2;GCA_000025805.1;GCF_000009045.1;GCF_000009785.1;GCF_000017885.4;GCF_005671335.1;GCF_006094295.1;GCF_034478925.1;GCF_034479305.1	1	2	GCF_000017885.4;GCF_006094295.1	4.5	162.0	0
center	orthogroup_379	1	10	GCA_000015785.2;GCA_000025805.1;GCF_000009045.1;GCF_000009785.1;GCF_000011245.1;GCF_000017885.4;GCF_005671335.1;GCF_006094295.1;GCF_034478925.1;GCF_034479305.1	1	1	GCF_034479305.1	-23.0		0
center	orthogroup_379	2	10	GCA_000015785.2;GCA_000025805.1;GCF_000009045.1;GCF_000009785.1;GCF_000011245.1;GCF_000017885.4;GCF_005671335.1;GCF_006094295.1;GCF_034478925.1;GCF_034479305.1	1	1	GCF_000017885.4	-6.5		0
center	orthogroup_379	3	10	GCA_000015785.2;GCA_000025805.1;GCF_000009045.1;GCF_000009785.1;GCF_000011245.1;GCF_000017885.4;GCF_005671335.1;GCF_006094295.1;GCF_034478925.1;GCF_034479305.1	1	0				0
center	orthogroup_379	4	10	GCA_000015785.2;GCA_000025805.1;GCF_000009045.1;GCF_000009785.1;GCF_000011245.1;GCF_000017885.4;GCF_005671335.1;GCF_006094295.1;GCF_034478925.1;GCF_034479305.1	1	1	GCA_000015785.2	-19.0		0
center	orthogroup_380	1	10	GCA_000015785.2;GCA_000025805.1;GCF_000009045.1;GCF_000009785.1;GCF_000011245.1;GCF_000017885.4;GCF_005671335.1;GCF_006094295.1;GCF_034478925.1;GCF_034479305.1	1	0				0
center	orthogroup_380	2	10	GCA_000015785.2;GCA_000025805.1;GCF_000009045.1;GCF_000009785.1;GCF_000011245.1;GCF_000017885.4;GCF_005671335.1;GCF_006094295.1;GCF_034478925.1;GCF_034479305.1	1	0				0
center	orthogroup_380	3	10	GCA_000015785.2;GCA_000025805.1;GCF_000009045.1;GCF_000009785.1;GCF_000011245.1;GCF_000017885.4;GCF_005671335.1;GCF_006094295.1;GCF_034478925.1;GCF_034479305.1	1	1	GCF_000009785.1	9.5		0
center	orthogroup_380	4	10	GCA_000015785.2;GCA_000025805.1;GCF_000009045.1;GCF_000009785.1;GCF_000011245.1;GCF_000017885.4;GCF_005671335.1;GCF_006094295.1;GCF_034478925.1;GCF_034479305.1	1	1	GCF_005671335.1	23.0		0
center	orthogroup_380	5	10	GCA_000015785.2;GCA_000025805.1;GCF_000009045.1;GCF_000009785.1;GCF_000011245.1;GCF_000017885.4;GCF_005671335.1;GCF_006094295.1;GCF_034478925.1;GCF_034479305.1	1	1	GCF_034478925.1	-31.5		0
center	orthogroup_380	6	10	GCA_000015785.2;GCA_000025805.1;GCF_000009045.1;GCF_000009785.1;GCF_000011245.1;GCF_000017885.4;GCF_005671335.1;GCF_006094295.1;GCF_034478925.1;GCF_034479305.1	1	0				0
center	orthogroup_380	7	10	GCA_000015785.2;GCA_000025805.1;GCF_000009045.1;GCF_000009785.1;GCF_000011245.1;GCF_000017885.4;GCF_005671335.1;GCF_006094295.1;GCF_034478925.1;GCF_034479305.1	1	0				0
center	orthogroup_380	8	10	GCA_000015785.2;GCA_000025805.1;GCF_000009045.1;GCF_000009785.1;GCF_000011245.1;GCF_000017885.4;GCF_005671335.1;GCF_006094295.1;GCF_034478925.1;GCF_034479305.1	1	2	GCA_000025805.1;GCF_000011245.1	157.25	3321.125	0
center	orthogroup_386	1	10	GCA_000015785.2;GCA_000025805.1;GCF_000009045.1;GCF_000009785.1;GCF_000011245.1;GCF_000017885.4;GCF_005671335.1;GCF_006094295.1;GCF_034478925.1;GCF_034479305.1	1	0				0
center	orthogroup_386	2	10	GCA_000015785.2;GCA_000025805.1;GCF_000009045.1;GCF_000009785.1;GCF_000011245.1;GCF_000017885.4;GCF_005671335.1;GCF_006094295.1;GCF_034478925.1;GCF_034479305.1	1	3	GCF_000009045.1;GCF_000009785.1;GCF_034478925.1	-5.5	13.583333333333334	1
center	orthogroup_386	3	10	GCA_000015785.2;GCA_000025805.1;GCF_000009045.1;GCF_000009785.1;GCF_000011245.1;GCF_000017885.4;GCF_005671335.1;GCF_006094295.1;GCF_034478925.1;GCF_034479305.1	1	2	GCF_000017885.4;GCF_005671335.1	-3.0	162.0	0
center	orthogroup_386	4	10	GCA_000015785.2;GCA_000025805.1;GCF_000009045.1;GCF_000009785.1;GCF_000011245.1;GCF_000017885.4;GCF_005671335.1;GCF_006094295.1;GCF_034478925.1;GCF_034479305.1	1	0				0
center	orthogroup_386	5	10	GCA_000015785.2;GCA_000025805.1;GCF_000009045.1;GCF_000009785.1;GCF_000011245.1;GCF_000017885.4;GCF_005671335.1;GCF_006094295.1;GCF_034478925.1;GCF_034479305.1	1	0				0
center	orthogroup_386	6	10	GCA_000015785.2;GCA_000025805.1;GCF_000009045.1;GCF_000009785.1;GCF_000011245.1;GCF_000017885.4;GCF_005671335.1;GCF_006094295.1;GCF_034478925.1;GCF_034479305.1	1	1	GCF_000017885.4	1.0		0
center	orthogroup_386	7	10	GCA_000015785.2;GCA_000025805.1;GCF_000009045.1;GCF_000009785.1;GCF_000011245.1;GCF_000017885.4;GCF_005671335.1;GCF_006094295.1;GCF_034478925.1;GCF_034479305.1	1	0				0
center	orthogroup_386	8	10	GCA_000015785.2;GCA_000025805.1;GCF_000009045.1;GCF_000009785.1;GCF_000011245.1;GCF_000017885.4;GCF_005671335.1;GCF_006094295.1;GCF_034478925.1;GCF_034479305.1	1	0				0
center	orthogroup_386	9	10	GCA_000015785.2;GCA_000025805.1;GCF_000009045.1;GCF_000009785.1;GCF_000011245.1;GCF_000017885.4;GCF_005671335.1;GCF_006094295.1;GCF_034478925.1;GCF_034479305.1	1	0				0
center	orthogroup_407	1	10	GCA_000015785.2;GCA_000025805.1;GCF_000009045.1;GCF_000009785.1;GCF_000011245.1;GCF_000017885.4;GCF_005671335.1;GCF_006094295.1;GCF_034478925.1;GCF_034479305.1	1	2	GCA_000015785.2;GCF_000009785.1	-20.75	66.125	0
center	orthogroup_407	2	10	GCA_000015785.2;GCA_000025805.1;GCF_000009045.1;GCF_000009785.1;GCF_000011245.1;GCF_000017885.4;GCF_005671335.1;GCF_006094295.1;GCF_034478925.1;GCF_034479305.1	1	2	GCA_000015785.2;GCF_000009785.1	3.0	162.0	0
center	orthogroup_407	3	10	GCA_000015785.2;GCA_000025805.1;GCF_000009045.1;GCF_000009785.1;GCF_000011245.1;GCF_000017885.4;GCF_005671335.1;GCF_006094295.1;GCF_034478925.1;GCF_034479305.1	1	2	GCA_000015785.2;GCF_034479305.1	10.75	105.125	0
center	orthogroup_407	4	10	GCA_000015785.2;GCA_000025805.1;GCF_000009045.1;GCF_000009785.1;GCF_000011245.1;GCF_000017885.4;GCF_005671335.1;GCF_006094295.1;GCF_034478925.1;GCF_034479305.1	1	6	GCF_000009785.1;GCF_000017885.4;GCF_005671335.1;GCF_006094295.1;GCF_034478925.1;GCF_034479305.1	229.25	23039.6	1
center	orthogroup_414	1	10	GCA_000015785.2;GCA_000025805.1;GCF_000009045.1;GCF_000009785.1;GCF_000011245.1;GCF_000017885.4;GCF_005671335.1;GCF_006094295.1;GCF_034478925.1;GCF_034479305.1	1	0				0
center	orthogroup_414	2	10	GCA_000015785.2;GCA_000025805.1;GCF_000009045.1;GCF_000009785.1;GCF_000011245.1;GCF_000017885.4;GCF_005671335.1;GCF_006094295.1;GCF_034478925.1;GCF_034479305.1	1	0				0
center	orthogroup_414	3	10	GCA_000015785.2;GCA_000025805.1;GCF_000009045.1;GCF_000009785.1;GCF_000011245.1;GCF_000017885.4;GCF_005671335.1;GCF_006094295.1;GCF_034478925.1;GCF_034479305.1	1	0				0
center	orthogroup_414	4	10	GCA_000015785.2;GCA_000025805.1;GCF_000009045.1;GCF_000009785.1;GCF_000011245.1;GCF_000017885.4;GCF_005671335.1;GCF_006094295.1;GCF_034478925.1;GCF_034479305.1	1	0				0
center	orthogroup_414	5	10	GCA_000015785.2;GCA_000025805.1;GCF_000009045.1;GCF_000009785.1;GCF_000011245.1;GCF_000017885.4;GCF_005671335.1;GCF_006094295.1;GCF_034478925.1;GCF_034479305.1	1	0				0
center	orthogroup_414	6	10	GCA_000015785.2;GCA_000025805.1;GCF_000009045.1;GCF_000009785.1;GCF_000011245.1;GCF_000017885.4;GCF_005671335.1;GCF_006094295.1;GCF_034478925.1;GCF_034479305.1	1	0				0
center	orthogroup_44	1	10	GCA_000015785.2;GCA_000025805.1;GCF_000009045.1;GCF_000009785.1;GCF_000011245.1;GCF_000017885.4;GCF_005671335.1;GCF_006094295.1;GCF_034478925.1;GCF_034479305.1	1	0				0
center	orthogroup_44	2	10	GCA_000015785.2;GCA_000025805.1;GCF_000009045.1;GCF_000009785.1;GCF_000011245.1;GCF_000017885.4;GCF_005671335.1;GCF_006094295.1;GCF_034478925.1;GCF_034479305.1	1	1	GCF_034479305.1	17.5		0
center	orthogroup_44	3	10	GCA_000015785.2;GCA_000025805.1;GCF_000009045.1;GCF_000009785.1;GCF_000011245.1;GCF_000017885.4;GCF_005671335.1;GCF_006094295.1;GCF_034478925.1;GCF_034479305.1	1	0				0
center	orthogroup_44	4	10	GCA_000015785.2;GCA_000025805.1;GCF_000009045.1;GCF_000009785.1;GCF_000011245.1;GCF_000017885.4;GCF_005671335.1;GCF_006094295.1;GCF_034478925.1;GCF_034479305.1	1	1	GCF_005671335.1	-8.0		0
center	orthogroup_44	5	10	GCA_000015785.2;GCA_000025805.1;GCF_000009045.1;GCF_000009785.1;GCF_000011245.1;GCF_000017885.4;GCF_005671335.1;GCF_006094295.1;GCF_034478925.1;GCF_034479305.1	1	0				0
center	orthogroup_44	6	10	GCA_000015785.2;GCA_000025805.1;GCF_000009045.1;GCF_000009785.1;GCF_000011245.1;GCF_000017885.4;GCF_005671335.1;GCF_006094295.1;GCF_034478925.1;GCF_034479305.1	1	1	GCF_000017885.4	-4.0		0
center	orthogroup_44	7	10	GCA_000015785.2;GCA_000025805.1;GCF_000009045.1;GCF_000009785.1;GCF_000011245.1;GCF_000017885.4;GCF_005671335.1;GCF_006094295.1;GCF_034478925.1;GCF_034479305.1	1	0				0
center	orthogroup_44	8	10	GCA_000015785.2;GCA_000025805.1;GCF_000009045.1;GCF_000009785.1;GCF_000011245.1;GCF_000017885.4;GCF_005671335.1;GCF_006094295.1;GCF_034478925.1;GCF_034479305.1	1	0				0
center	orthogroup_44	9	10	GCA_000015785.2;GCA_000025805.1;GCF_000009045.1;GCF_000009785.1;GCF_000011245.1;GCF_000017885.4;GCF_005671335.1;GCF_006094295.1;GCF_034478925.1;GCF_034479305.1	1	0				0
center	orthogroup_44	10	10	GCA_000015785.2;GCA_000025805.1;GCF_000009045.1;GCF_000009785.1;GCF_000011245.1;GCF_000017885.4;GCF_005671335.1;GCF_006094295.1;GCF_034478925.1;GCF_034479305.1	1	2	GCA_000015785.2;GCF_000009785.1	-3.5	264.5	0
center	orthogroup_44	11	10	GCA_000015785.2;GCA_000025805.1;GCF_000009045.1;GCF_000009785.1;GCF_000011245.1;GCF_000017885.4;GCF_005671335.1;GCF_006094295.1;GCF_034478925.1;GCF_034479305.1	1	0				0
center	orthogroup_44	12	10	GCA_000015785.2;GCA_000025805.1;GCF_000009045.1;GCF_000009785.1;GCF_000011245.1;GCF_000017885.4;GCF_005671335.1;GCF_006094295.1;GCF_034478925.1;GCF_034479305.1	1	0				0
center	orthogroup_44	13	10	GCA_000015785.2;GCA_000025805.1;GCF_000009045.1;GCF_000009785.1;GCF_000011245.1;GCF_000017885.4;GCF_005671335.1;GCF_006094295.1;GCF_034478925.1;GCF_034479305.1	1	0				0
center	orthogroup_44	14	10	GCA_000015785.2;GCA_000025805.1;GCF_000009045.1;GCF_000009785.1;GCF_000011245.1;GCF_000017885.4;GCF_005671335.1;GCF_006094295.1;GCF_034478925.1;GCF_034479305.1	1	3	GCA_000015785.2;GCF_000009785.1;GCF_000011245.1	21.0	210.58333333333334	1
center	orthogroup_453	1	10	GCA_000015785.2;GCA_000025805.1;GCF_000009045.1;GCF_000009785.1;GCF_000011245.1;GCF_000017885.4;GCF_005671335.1;GCF_006094295.1;GCF_034478925.1;GCF_034479305.1	1	0				0
center	orthogroup_453	2	10	GCA_000015785.2;GCA_000025805.1;GCF_000009045.1;GCF_000009785.1;GCF_000011245.1;GCF_000017885.4;GCF_005671335.1;GCF_006094295.1;GCF_034478925.1;GCF_034479305.1	1	1	GCF_006094295.1	-5.0		0
center	orthogroup_453	3	10	GCA_000015785.2;GCA_000025805.1;GCF_000009045.1;GCF_000009785.1;GCF_000011245.1;GCF_000017885.4;GCF_005671335.1;GCF_006094295.1;GCF_034478925.1;GCF_034479305.1	1	0				0
center	orthogroup_453	4	10	GCA_000015785.2;GCA_000025805.1;GCF_000009045.1;GCF_000009785.1;GCF_000011245.1;GCF_000017885.4;GCF_005671335.1;GCF_006094295.1;GCF_034478925.1;GCF_034479305.1	1	0				0
center	orthogroup_453	5	10	GCA_000015785.2;GCA_000025805.1;GCF_000009045.1;GCF_000009785.1;GCF_000011245.1;GCF_000017885.4;GCF_005671335.1;GCF_006094295.1;GCF_034478925.1;GCF_034479305.1	1	0				0
center	orthogroup_453	6	10	GCA_000015785.2;GCA_000025805.1;GCF_000009045.1;GCF_000009785.1;GCF_000011245.1;GCF_000017885.4;GCF_005671335.1;GCF_006094295.1;GCF_034478925.1;GCF_034479305.1	1	0				0
center	orthogroup_453	7	10	GCA_000015785.2;GCA_000025805.1;GCF_000009045.1;GCF_000009785.1;GCF_000011245.1;GCF_000017885.4;GCF_005671335.1;GCF_006094295.1;GCF_034478925.1;GCF_034479305.1	1	0				0
center	orthogroup_453	8	10	GCA_000015785.2;GCA_000025805.1;GCF_000009045.1;GCF_000009785.1;GCF_000011245.1;GCF_000017885.4;GCF_005671335.1;GCF_006094295.1;GCF_034478925.1;GCF_034479305.1	1	1	GCF_005671335.1	6.0		0
center	orthogroup_453	9	10	GCA_000015785.2;GCA_000025805.1;GCF_000009045.1;GCF_000009785.1;GCF_000011245.1;GCF_000017885.4;GCF_005671335.1;GCF_006094295.1;GCF_034478925.1;GCF_034479305.1	1	1	GCF_000011245.1	6.0		0
center	orthogroup_453	10	10	GCA_000015785.2;GCA_000025805.1;GCF_000009045.1;GCF_000009785.1;GCF_000011245.1;GCF_000017885.4;GCF_005671335.1;GCF_006094295.1;GCF_034478925.1;GCF_034479305.1	1	1	GCF_034478925.1	19.0		0
center	orthogroup_478	1	6	GCA_000015785.2;GCF_000009785.1;GCF_000011245.1;GCF_000017885.4;GCF_005671335.1;GCF_034478925.1	0	0				0
center	orthogroup_478	3	6	GCA_000015785.2;GCF_000009785.1;GCF_000011245.1;GCF_000017885.4;GCF_005671335.1;GCF_034478925.1	0	0				0
center	orthogroup_478	4	6	GCA_000015785.2;GCF_000009785.1;GCF_000011245.1;GCF_000017885.4;GCF_005671335.1;GCF_034478925.1	0	0				0
center	orthogroup_478	5	6	GCA_000015785.2;GCF_000009785.1;GCF_000011245.1;GCF_000017885.4;GCF_005671335.1;GCF_034478925.1	0	0				0
center	orthogroup_478	6	6	GCA_000015785.2;GCF_000009785.1;GCF_000011245.1;GCF_000017885.4;GCF_005671335.1;GCF_034478925.1	0	0				0
center	orthogroup_479	1	10	GCA_000015785.2;GCA_000025805.1;GCF_000009045.1;GCF_000009785.1;GCF_000011245.1;GCF_000017885.4;GCF_005671335.1;GCF_006094295.1;GCF_034478925.1;GCF_034479305.1	1	1	GCF_005671335.1	-9.5		0
center	orthogroup_479	2	10	GCA_000015785.2;GCA_000025805.1;GCF_000009045.1;GCF_000009785.1;GCF_000011245.1;GCF_000017885.4;GCF_005671335.1;GCF_006094295.1;GCF_034478925.1;GCF_034479305.1	1	0				0
center	orthogroup_479	3	10	GCA_000015785.2;GCA_000025805.1;GCF_000009045.1;GCF_000009785.1;GCF_000011245.1;GCF_000017885.4;GCF_005671335.1;GCF_006094295.1;GCF_034478925.1;GCF_034479305.1	1	0				0
center	orthogroup_479	4	10	GCA_000015785.2;GCA_000025805.1;GCF_000009045.1;GCF_000009785.1;GCF_000011245.1;GCF_000017885.4;GCF_005671335.1;GCF_006094295.1;GCF_034478925.1;GCF_034479305.1	1	0				0
center	orthogroup_479	5	10	GCA_000015785.2;GCA_000025805.1;GCF_000009045.1;GCF_000009785.1;GCF_000011245.1;GCF_000017885.4;GCF_005671335.1;GCF_006094295.1;GCF_034478925.1;GCF_034479305.1	1	0				0
center	orthogroup_479	6	10	GCA_000015785.2;GCA_000025805.1;GCF_000009045.1;GCF_000009785.1;GCF_000011245.1;GCF_000017885.4;GCF_005671335.1;GCF_006094295.1;GCF_034478925.1;GCF_034479305.1	1	0				0
center	orthogroup_48	1	5	GCA_000015785.2;GCF_000017885.4;GCF_005671335.1;GCF_006094295.1;GCF_034479305.1	0	0				0
center	orthogroup_48	2	5	GCA_000015785.2;GCF_000017885.4;GCF_005671335.1;GCF_006094295.1;GCF_034479305.1	0	0				0
center	orthogroup_48	3	5	GCA_000015785.2;GCF_000017885.4;GCF_005671335.1;GCF_006094295.1;GCF_034479305.1	0	0				0
center	orthogroup_480	1	10	GCA_000015785.2;GCA_000025805.1;GCF_000009045.1;GCF_000009785.1;GCF_000011245.1;GCF_000017885.4;GCF_005671335.1;GCF_006094295.1;GCF_034478925.1;GCF_034479305.1	1	1	GCF_005671335.1	-8.0		0
center	orthogroup_480	2	10	GCA_000015785.2;GCA_000025805.1;GCF_000009045.1;GCF_000009785.1;GCF_000011245.1;GCF_000017885.4;GCF_005671335.1;GCF_006094295.1;GCF_034478925.1;GCF_034479305.1	1	2	GCF_000009045.1;GCF_005671335.1	11.0	2.0	0
center	orthogroup_480	3	10	GCA_000015785.2;GCA_000025805.1;GCF_000009045.1;GCF_000009785.1;GCF_000011245.1;GCF_000017885.4;GCF_005671335.1;GCF_006094295.1;GCF_034478925.1;GCF_034479305.1	1	2	GCF_000009785.1;GCF_006094295.1	37.5	968.0	0
center	orthogroup_481	1	10	GCA_000015785.2;GCA_000025805.1;GCF_000009045.1;GCF_000009785.1;GCF_000011245.1;GCF_000017885.4;GCF_005671335.1;GCF_006094295.1;GCF_034478925.1;GCF_034479305.1	1	0				0
center	orthogroup_481	2	10	GCA_000015785.2;GCA_000025805.1;GCF_000009045.1;GCF_000009785.1;GCF_000011245.1;GCF_000017885.4;GCF_005671335.1;GCF_006094295.1;GCF_034478925.1;GCF_034479305.1	1	0				0
center	orthogroup_481	3	10	GCA_000015785.2;GCA_000025805.1;GCF_000009045.1;GCF_000009785.1;GCF_000011245.1;GCF_000017885.4;GCF_005671335.1;GCF_006094295.1;GCF_034478925.1;GCF_034479305.1	1	0				0
center	orthogroup_481	4	10	GCA_000015785.2;GCA_000025805.1;GCF_000009045.1;GCF_000009785.1;GCF_000011245.1;GCF_000017885.4;GCF_005671335.1;GCF_006094295.1;GCF_034478925.1;GCF_034479305.1	1	1	GCF_005671335.1	-4.0		0
center	orthogroup_51	1	10	GCA_000015785.2;GCA_000025805.1;GCF_000009045.1;GCF_000009785.1;GCF_000011245.1;GCF_000017885.4;GCF_005671335.1;GCF_006094295.1;GCF_034478925.1;GCF_034479305.1	1	0				0
center	orthogroup_51	2	10	GCA_000015785.2;GCA_000025805.1;GCF_000009045.1;GCF_000009785.1;GCF_000011245.1;GCF_000017885.4;GCF_005671335.1;GCF_006094295.1;GCF_034478925.1;GCF_034479305.1	1	0				0
center	orthogroup_51	3	10	GCA_000015785.2;GCA_000025805.1;GCF_000009045.1;GCF_000009785.1;GCF_000011245.1;GCF_000017885.4;GCF_005671335.1;GCF_006094295.1;GCF_034478925.1;GCF_034479305.1	1	0				0
center	orthogroup_51	4	10	GCA_000015785.2;GCA_000025805.1;GCF_000009045.1;GCF_000009785.1;GCF_000011245.1;GCF_000017885.4;GCF_005671335.1;GCF_006094295.1;GCF_034478925.1;GCF_034479305.1	1	1	GCF_005671335.1	5.5		0
center	orthogroup_51	5	10	GCA_000015785.2;GCA_000025805.1;GCF_000009045.1;GCF_000009785.1;GCF_000011245.1;GCF_000017885.4;GCF_005671335.1;GCF_006094295.1;GCF_034478925.1;GCF_034479305.1	1	1	GCF_000011245.1	-8.5		0
center	orthogroup_51	6	10	GCA_000015785.2;GCA_000025805.1;GCF_000009045.1;GCF_000009785.1;GCF_000011245.1;GCF_000017885.4;GCF_005671335.1;GCF_006094295.1;GCF_034478925.1;GCF_034479305.1	1	0				0
center	orthogroup_51	7	10	GCA_000015785.2;GCA_000025805.1;GCF_000009045.1;GCF_000009785.1;GCF_000011245.1;GCF_000017885.4;GCF_005671335.1;GCF_006094295.1;GCF_034478925.1;GCF_034479305.1	1	0				0
center	orthogroup_51	8	10	GCA_000015785.2;GCA_000025805.1;GCF_000009045.1;GCF_000009785.1;GCF_000011245.1;GCF_000017885.4;GCF_005671335.1;GCF_006094295.1;GCF_034478925.1;GCF_034479305.1	1	0				0
center	orthogroup_51	9	10	GCA_000015785.2;GCA_000025805.1;GCF_000009045.1;GCF_000009785.1;GCF_000011245.1;GCF_000017885.4;GCF_005671335.1;GCF_006094295.1;GCF_034478925.1;GCF_034479305.1	1	0				0
center	orthogroup_51	10	10	GCA_000015785.2;GCA_000025805.1;GCF_000009045.1;GCF_000009785.1;GCF_000011245.1;GCF_000017885.4;GCF_005671335.1;GCF_006094295.1;GCF_034478925.1;GCF_034479305.1	1	0				0
center	orthogroup_51	11	10	GCA_000015785.2;GCA_000025805.1;GCF_000009045.1;GCF_000009785.1;GCF_000011245.1;GCF_000017885.4;GCF_005671335.1;GCF_006094295.1;GCF_034478925.1;GCF_034479305.1	1	0				0
center	orthogroup_51	12	10	GCA_000015785.2;GCA_000025805.1;GCF_000009045.1;GCF_000009785.1;GCF_000011245.1;GCF_000017885.4;GCF_005671335.1;GCF_006094295.1;GCF_034478925.1;GCF_034479305.1	1	4	GCA_000015785.2;GCF_000009785.1;GCF_000011245.1;GCF_005671335.1	129.75	4360.395833333333	1
center	orthogroup_511	1	10	GCA_000015785.2;GCA_000025805.1;GCF_000009045.1;GCF_000009785.1;GCF_000011245.1;GCF_000017885.4;GCF_005671335.1;GCF_006094295.1;GCF_034478925.1;GCF_034479305.1	1	1	GCA_000025805.1	-3.0		0
center	orthogroup_511	2	10	GCA_000015785.2;GCA_000025805.1;GCF_000009045.1;GCF_000009785.1;GCF_000011245.1;GCF_000017885.4;GCF_005671335.1;GCF_006094295.1;GCF_034478925.1;GCF_034479305.1	1	0				0
center	orthogroup_511	3	10	GCA_000015785.2;GCA_000025805.1;GCF_000009045.1;GCF_000009785.1;GCF_000011245.1;GCF_000017885.4;GCF_005671335.1;GCF_006094295.1;GCF_034478925.1;GCF_034479305.1	1	3	GCF_000009045.1;GCF_005671335.1;GCF_034479305.1	-11.5	114.25	1
center	orthogroup_511	4	10	GCA_000015785.2;GCA_000025805.1;GCF_000009045.1;GCF_000009785.1;GCF_000011245.1;GCF_000017885.4;GCF_005671335.1;GCF_006094295.1;GCF_034478925.1;GCF_034479305.1	1	0				0
center	orthogroup_511	5	10	GCA_000015785.2;GCA_000025805.1;GCF_000009045.1;GCF_000009785.1;GCF_000011245.1;GCF_000017885.4;GCF_005671335.1;GCF_006094295.1;GCF_034478925.1;GCF_034479305.1	1	0				0
center	orthogroup_511	6	10	GCA_000015785.2;GCA_000025805.1;GCF_000009045.1;GCF_000009785.1;GCF_000011245.1;GCF_000017885.4;GCF_005671335.1;GCF_006094295.1;GCF_034478925.1;GCF_034479305.1	1	1	GCA_000015785.2	17.0		0
center	orthogroup_516	1	10	GCA_000015785.2;GCA_000025805.1;GCF_000009045.1;GCF_000009785.1;GCF_000011245.1;GCF_000017885.4;GCF_005671335.1;GCF_006094295.1;GCF_034478925.1;GCF_034479305.1	1	1	GCF_005671335.1	-4.0		0
center	orthogroup_516	2	10	GCA_000015785.2;GCA_000025805.1;GCF_000009045.1;GCF_000009785.1;GCF_000011245.1;GCF_000017885.4;GCF_005671335.1;GCF_006094295.1;GCF_034478925.1;GCF_034479305.1	1	2	GCA_000025805.1;GCF_034478925.1	-8.75	78.125	0
center	orthogroup_516	3	10	GCA_000015785.2;GCA_000025805.1;GCF_000009045.1;GCF_000009785.1;GCF_000011245.1;GCF_000017885.4;GCF_005671335.1;GCF_006094295.1;GCF_034478925.1;GCF_034479305.1	1	1	GCF_000009045.1	-8.0		0
center	orthogroup_516	4	10	GCA_000015785.2;GCA_000025805.1;GCF_000009045.1;GCF_000009785.1;GCF_000011245.1;GCF_000017885.4;GCF_005671335.1;GCF_006094295.1;GCF_034478925.1;GCF_034479305.1	1	0				0
center	orthogroup_516	5	10	GCA_000015785.2;GCA_000025805.1;GCF_000009045.1;GCF_000009785.1;GCF_000011245.1;GCF_000017885.4;GCF_005671335.1;GCF_006094295.1;GCF_034478925.1;GCF_034479305.1	1	0				0
center	orthogroup_516	6	10	GCA_000015785.2;GCA_000025805.1;GCF_000009045.1;GCF_000009785.1;GCF_000011245.1;GCF_000017885.4;GCF_005671335.1;GCF_006094295.1;GCF_034478925.1;GCF_034479305.1	1	1	GCF_000009045.1	-10.5		0
center	orthogroup_516	7	10	GCA_000015785.2;GCA_000025805.1;GCF_000009045.1;GCF_000009785.1;GCF_000011245.1;GCF_000017885.4;GCF_005671335.1;GCF_006094295.1;GCF_034478925.1;GCF_034479305.1	1	1	GCF_000011245.1	5.0		0
center	orthogroup_516	8	10	GCA_000015785.2;GCA_000025805.1;GCF_000009045.1;GCF_000009785.1;GCF_000011245.1;GCF_000017885.4;GCF_005671335.1;GCF_006094295.1;GCF_034478925.1;GCF_034479305.1	1	0				0
center	orthogroup_516	9	10	GCA_000015785.2;GCA_000025805.1;GCF_000009045.1;GCF_000009785.1;GCF_000011245.1;GCF_000017885.4;GCF_005671335.1;GCF_006094295.1;GCF_034478925.1;GCF_034479305.1	1	1	GCA_000025805.1	-1.5		0
center	orthogroup_516	10	10	GCA_000015785.2;GCA_000025805.1;GCF_000009045.1;GCF_000009785.1;GCF_000011245.1;GCF_000017885.4;GCF_005671335.1;GCF_006094295.1;GCF_034478925.1;GCF_034479305.1	1	0				0
center	orthogroup_517	1	10	GCA_000015785.2;GCA_000025805.1;GCF_000009045.1;GCF_000009785.1;GCF_000011245.1;GCF_000017885.4;GCF_005671335.1;GCF_006094295.1;GCF_034478925.1;GCF_034479305.1	1	0				0
center	orthogroup_517	2	10	GCA_000015785.2;GCA_000025805.1;GCF_000009045.1;GCF_000009785.1;GCF_000011245.1;GCF_000017885.4;GCF_005671335.1;GCF_006094295.1;GCF_034478925.1;GCF_034479305.1	1	2	GCA_000015785.2;GCF_000017885.4	20.75	253.125	0
center	orthogroup_517	3	10	GCA_000015785.2;GCA_000025805.1;GCF_000009045.1;GCF_000009785.1;GCF_000011245.1;GCF_000017885.4;GCF_005671335.1;GCF_006094295.1;GCF_034478925.1;GCF_034479305.1	1	3	GCF_000011245.1;GCF_000017885.4;GCF_005671335.1	37.5	1756.0	1
center	orthogroup_517	4	10	GCA_000015785.2;GCA_000025805.1;GCF_000009045.1;GCF_000009785.1;GCF_000011245.1;GCF_000017885.4;GCF_005671335.1;GCF_006094295.1;GCF_034478925.1;GCF_034479305.1	1	1	GCF_000009785.1	76.5		0
center	orthogroup_520	1	5	GCA_000015785.2;GCA_000025805.1;GCF_000011245.1;GCF_000017885.4;GCF_005671335.1	0	1	GCA_000015785.2	5.0		0
center	orthogroup_520	4	5	GCA_000015785.2;GCA_000025805.1;GCF_000011245.1;GCF_000017885.4;GCF_005671335.1	0	1	GCF_000017885.4	0.5		0
center	orthogroup_520	5	5	GCA_000015785.2;GCA_000025805.1;GCF_000011245.1;GCF_000017885.4;GCF_005671335.1	0	0				0
center	orthogroup_521	1	9	GCA_000015785.2;GCA_000025805.1;GCF_000009045.1;GCF_000009785.1;GCF_000017885.4;GCF_005671335.1;GCF_006094295.1;GCF_034478925.1;GCF_034479305.1	1	1	GCA_000025805.1	0.0		0
center	orthogroup_521	2	9	GCA_000015785.2;GCA_000025805.1;GCF_000009045.1;GCF_000009785.1;GCF_000017885.4;GCF_005671335.1;GCF_006094295.1;GCF_034478925.1;GCF_034479305.1	1	0				0
center	orthogroup_521	5	9	GCA_000015785.2;GCA_000025805.1;GCF_000009045.1;GCF_000009785.1;GCF_000017885.4;GCF_005671335.1;GCF_006094295.1;GCF_034478925.1;GCF_034479305.1	1	0				0
center	orthogroup_521	6	9	GCA_000015785.2;GCA_000025805.1;GCF_000009045.1;GCF_000009785.1;GCF_000017885.4;GCF_005671335.1;GCF_006094295.1;GCF_034478925.1;GCF_034479305.1	1	1	GCF_034478925.1	19.0		0
center	orthogroup_529	1	10	GCA_000015785.2;GCA_000025805.1;GCF_000009045.1;GCF_000009785.1;GCF_000011245.1;GCF_000017885.4;GCF_005671335.1;GCF_006094295.1;GCF_034478925.1;GCF_034479305.1	1	3	GCA_000025805.1;GCF_000011245.1;GCF_005671335.1	-135.5	4757.583333333333	1
center	orthogroup_529	2	10	GCA_000015785.2;GCA_000025805.1;GCF_000009045.1;GCF_000009785.1;GCF_000011245.1;GCF_000017885.4;GCF_005671335.1;GCF_006094295.1;GCF_034478925.1;GCF_034479305.1	1	1	GCA_000025805.1	4.5		0
center	orthogroup_529	3	10	GCA_000015785.2;GCA_000025805.1;GCF_000009045.1;GCF_000009785.1;GCF_000011245.1;GCF_000017885.4;GCF_005671335.1;GCF_006094295.1;GCF_034478925.1;GCF_034479305.1	1	1	GCF_000009785.1	-6.5		0
center	orthogroup_529	4	10	GCA_000015785.2;GCA_000025805.1;GCF_000009045.1;GCF_000009785.1;GCF_000011245.1;GCF_000017885.4;GCF_005671335.1;GCF_006094295.1;GCF_034478925.1;GCF_034479305.1	1	0				0
center	orthogroup_529	5	10	GCA_000015785.2;GCA_000025805.1;GCF_000009045.1;GCF_000009785.1;GCF_000011245.1;GCF_000017885.4;GCF_005671335.1;GCF_006094295.1;GCF_034478925.1;GCF_034479305.1	1	1	GCF_005671335.1	-1.0		0
center	orthogroup_529	6	10	GCA_000015785.2;GCA_000025805.1;GCF_000009045.1;GCF_000009785.1;GCF_000011245.1;GCF_000017885.4;GCF_005671335.1;GCF_006094295.1;GCF_034478925.1;GCF_034479305.1	1	0				0
center	orthogroup_539	1	10	GCA_000015785.2;GCA_000025805.1;GCF_000009045.1;GCF_000009785.1;GCF_000011245.1;GCF_000017885.4;GCF_005671335.1;GCF_006094295.1;GCF_034478925.1;GCF_034479305.1	1	0				0
center	orthogroup_539	2	10	GCA_000015785.2;GCA_000025805.1;GCF_000009045.1;GCF_000009785.1;GCF_000011245.1;GCF_000017885.4;GCF_005671335.1;GCF_006094295.1;GCF_034478925.1;GCF_034479305.1	1	0				0
center	orthogroup_539	3	10	GCA_000015785.2;GCA_000025805.1;GCF_000009045.1;GCF_000009785.1;GCF_000011245.1;GCF_000017885.4;GCF_005671335.1;GCF_006094295.1;GCF_034478925.1;GCF_034479305.1	1	0				0
center	orthogroup_539	4	10	GCA_000015785.2;GCA_000025805.1;GCF_000009045.1;GCF_000009785.1;GCF_000011245.1;GCF_000017885.4;GCF_005671335.1;GCF_006094295.1;GCF_034478925.1;GCF_034479305.1	1	0				0
center	orthogroup_539	5	10	GCA_000015785.2;GCA_000025805.1;GCF_000009045.1;GCF_000009785.1;GCF_000011245.1;GCF_000017885.4;GCF_005671335.1;GCF_006094295.1;GCF_034478925.1;GCF_034479305.1	1	1	GCF_034479305.1	-22.0		0
center	orthogroup_544	1	10	GCA_000015785.2;GCA_000025805.1;GCF_000009045.1;GCF_000009785.1;GCF_000011245.1;GCF_000017885.4;GCF_005671335.1;GCF_006094295.1;GCF_034478925.1;GCF_034479305.1	1	1	GCF_000009045.1	-6.5		0
center	orthogroup_544	2	10	GCA_000015785.2;GCA_000025805.1;GCF_000009045.1;GCF_000009785.1;GCF_000011245.1;GCF_000017885.4;GCF_005671335.1;GCF_006094295.1;GCF_034478925.1;GCF_034479305.1	1	0				0
center	orthogroup_544	3	10	GCA_000015785.2;GCA_000025805.1;GCF_000009045.1;GCF_000009785.1;GCF_000011245.1;GCF_000017885.4;GCF_005671335.1;GCF_006094295.1;GCF_034478925.1;GCF_034479305.1	1	0				0
center	orthogroup_544	4	10	GCA_000015785.2;GCA_000025805.1;GCF_000009045.1;GCF_000009785.1;GCF_000011245.1;GCF_000017885.4;GCF_005671335.1;GCF_006094295.1;GCF_034478925.1;GCF_034479305.1	1	0				0
center	orthogroup_544	5	10	GCA_000015785.2;GCA_000025805.1;GCF_000009045.1;GCF_000009785.1;GCF_000011245.1;GCF_000017885.4;GCF_005671335.1;GCF_006094295.1;GCF_034478925.1;GCF_034479305.1	1	0				0
center	orthogroup_544	6	10	GCA_000015785.2;GCA_000025805.1;GCF_000009045.1;GCF_000009785.1;GCF_000011245.1;GCF_000017885.4;GCF_005671335.1;GCF_006094295.1;GCF_034478925.1;GCF_034479305.1	1	2	GCA_000015785.2;GCF_000017885.4	20.0	1152.0	0
center	orthogroup_573	1	10	GCA_000015785.2;GCA_000025805.1;GCF_000009045.1;GCF_000009785.1;GCF_000011245.1;GCF_000017885.4;GCF_005671335.1;GCF_006094295.1;GCF_034478925.1;GCF_034479305.1	1	0				0
center	orthogroup_573	2	10	GCA_000015785.2;GCA_000025805.1;GCF_000009045.1;GCF_000009785.1;GCF_000011245.1;GCF_000017885.4;GCF_005671335.1;GCF_006094295.1;GCF_034478925.1;GCF_034479305.1	1	1	GCA_000025805.1	13.0		0
center	orthogroup_573	3	10	GCA_000015785.2;GCA_000025805.1;GCF_000009045.1;GCF_000009785.1;GCF_000011245.1;GCF_000017885.4;GCF_005671335.1;GCF_006094295.1;GCF_034478925.1;GCF_034479305.1	1	0				0
center	orthogroup_573	4	10	GCA_000015785.2;GCA_000025805.1;GCF_000009045.1;GCF_000009785.1;GCF_000011245.1;GCF_000017885.4;GCF_005671335.1;GCF_006094295.1;GCF_034478925.1;GCF_034479305.1	1	0				0
center	orthogroup_579	1	10	GCA_000015785.2;GCA_000025805.1;GCF_000009045.1;GCF_000009785.1;GCF_000011245.1;GCF_000017885.4;GCF_005671335.1;GCF_006094295.1;GCF_034478925.1;GCF_034479305.1	1	1	GCF_000011245.1	-16.5		0
center	orthogroup_579	2	10	GCA_000015785.2;GCA_000025805.1;GCF_000009045.1;GCF_000009785.1;GCF_000011245.1;GCF_000017885.4;GCF_005671335.1;GCF_006094295.1;GCF_034478925.1;GCF_034479305.1	1	1	GCF_006094295.1	2.0		0
center	orthogroup_579	3	10	GCA_000015785.2;GCA_000025805.1;GCF_000009045.1;GCF_000009785.1;GCF_000011245.1;GCF_000017885.4;GCF_005671335.1;GCF_006094295.1;GCF_034478925.1;GCF_034479305.1	1	0				0
center	orthogroup_579	4	10	GCA_000015785.2;GCA_000025805.1;GCF_000009045.1;GCF_000009785.1;GCF_000011245.1;GCF_000017885.4;GCF_005671335.1;GCF_006094295.1;GCF_034478925.1;GCF_034479305.1	1	0				0
center	orthogroup_593	1	10	GCA_000015785.2;GCA_000025805.1;GCF_000009045.1;GCF_000009785.1;GCF_000011245.1;GCF_000017885.4;GCF_005671335.1;GCF_006094295.1;GCF_034478925.1;GCF_034479305.1	1	1	GCF_000011245.1	9.0		0
center	orthogroup_593	2	10	GCA_000015785.2;GCA_000025805.1;GCF_000009045.1;GCF_000009785.1;GCF_000011245.1;GCF_000017885.4;GCF_005671335.1;GCF_006094295.1;GCF_034478925.1;GCF_034479305.1	1	1	GCF_005671335.1	-4.5		0
center	orthogroup_593	3	10	GCA_000015785.2;GCA_000025805.1;GCF_000009045.1;GCF_000009785.1;GCF_000011245.1;GCF_000017885.4;GCF_005671335.1;GCF_006094295.1;GCF_034478925.1;GCF_034479305.1	1	0				0
center	orthogroup_600	1	10	GCA_000015785.2;GCA_000025805.1;GCF_000009045.1;GCF_000009785.1;GCF_000011245.1;GCF_000017885.4;GCF_005671335.1;GCF_006094295.1;GCF_034478925.1;GCF_034479305.1	1	1	GCF_000017885.4	-10.0		0
center	orthogroup_600	2	10	GCA_000015785.2;GCA_000025805.1;GCF_000009045.1;GCF_000009785.1;GCF_000011245.1;GCF_000017885.4;GCF_005671335.1;GCF_006094295.1;GCF_034478925.1;GCF_034479305.1	1	0				0
center	orthogroup_600	3	10	GCA_000015785.2;GCA_000025805.1;GCF_000009045.1;GCF_000009785.1;GCF_000011245.1;GCF_000017885.4;GCF_005671335.1;GCF_006094295.1;GCF_034478925.1;GCF_034479305.1	1	1	GCF_000017885.4	-11.5		0
center	orthogroup_600	4	10	GCA_000015785.2;GCA_000025805.1;GCF_000009045.1;GCF_000009785.1;GCF_000011245.1;GCF_000017885.4;GCF_005671335.1;GCF_006094295.1;GCF_034478925.1;GCF_034479305.1	1	1	GCA_000015785.2	-6.5		0
center	orthogroup_600	5	10	GCA_000015785.2;GCA_000025805.1;GCF_000009045.1;GCF_000009785.1;GCF_000011245.1;GCF_000017885.4;GCF_005671335.1;GCF_006094295.1;GCF_034478925.1;GCF_034479305.1	1	1	GCF_000009785.1	-2.5		0
center	orthogroup_600	6	10	GCA_000015785.2;GCA_000025805.1;GCF_000009045.1;GCF_000009785.1;GCF_000011245.1;GCF_000017885.4;GCF_005671335.1;GCF_006094295.1;GCF_034478925.1;GCF_034479305.1	1	1	GCF_000009045.1	-4.5		0
center	orthogroup_600	7	10	GCA_000015785.2;GCA_000025805.1;GCF_000009045.1;GCF_000009785.1;GCF_000011245.1;GCF_000017885.4;GCF_005671335.1;GCF_006094295.1;GCF_034478925.1;GCF_034479305.1	1	0				0
center	orthogroup_600	8	10	GCA_000015785.2;GCA_000025805.1;GCF_000009045.1;GCF_000009785.1;GCF_000011245.1;GCF_000017885.4;GCF_005671335.1;GCF_006094295.1;GCF_034478925.1;GCF_034479305.1	1	0				0
center	orthogroup_600	9	10	GCA_000015785.2;GCA_000025805.1;GCF_000009045.1;GCF_000009785.1;GCF_000011245.1;GCF_000017885.4;GCF_005671335.1;GCF_006094295.1;GCF_034478925.1;GCF_034479305.1	1	0				0
center	orthogroup_600	10	10	GCA_000015785.2;GCA_000025805.1;GCF_000009045.1;GCF_000009785.1;GCF_000011245.1;GCF_000017885.4;GCF_005671335.1;GCF_006094295.1;GCF_034478925.1;GCF_034479305.1	1	0				0
center	orthogroup_600	11	10	GCA_000015785.2;GCA_000025805.1;GCF_000009045.1;GCF_000009785.1;GCF_000011245.1;GCF_000017885.4;GCF_005671335.1;GCF_006094295.1;GCF_034478925.1;GCF_034479305.1	1	0				0
center	orthogroup_600	12	10	GCA_000015785.2;GCA_000025805.1;GCF_000009045.1;GCF_000009785.1;GCF_000011245.1;GCF_000017885.4;GCF_005671335.1;GCF_006094295.1;GCF_034478925.1;GCF_034479305.1	1	0				0
center	orthogroup_617	1	10	GCA_000015785.2;GCA_000025805.1;GCF_000009045.1;GCF_000009785.1;GCF_000011245.1;GCF_000017885.4;GCF_005671335.1;GCF_006094295.1;GCF_034478925.1;GCF_034479305.1	1	1	GCF_000009045.1	-29.0		0
center	orthogroup_617	2	10	GCA_000015785.2;GCA_000025805.1;GCF_000009045.1;GCF_000009785.1;GCF_000011245.1;GCF_000017885.4;GCF_005671335.1;GCF_006094295.1;GCF_034478925.1;GCF_034479305.1	1	0				0
center	orthogroup_617	3	10	GCA_000015785.2;GCA_000025805.1;GCF_000009045.1;GCF_000009785.1;GCF_000011245.1;GCF_000017885.4;GCF_005671335.1;GCF_006094295.1;GCF_034478925.1;GCF_034479305.1	1	0				0
center	orthogroup_619	1	9	GCA_000015785.2;GCF_000009045.1;GCF_000009785.1;GCF_000011245.1;GCF_000017885.4;GCF_005671335.1;GCF_006094295.1;GCF_034478925.1;GCF_034479305.1	1	2	GCF_000017885.4;GCF_034479305.1	53.5	2738.0	0
center	orthogroup_619	2	9	GCA_000015785.2;GCF_000009045.1;GCF_000009785.1;GCF_000011245.1;GCF_000017885.4;GCF_005671335.1;GCF_006094295.1;GCF_034478925.1;GCF_034479305.1	1	1	GCF_005671335.1	-25.0		0
center	orthogroup_619	3	9	GCA_000015785.2;GCF_000009045.1;GCF_000009785.1;GCF_000011245.1;GCF_000017885.4;GCF_005671335.1;GCF_006094295.1;GCF_034478925.1;GCF_034479305.1	1	0				0
center	orthogroup_619	4	9	GCA_000015785.2;GCF_000009045.1;GCF_000009785.1;GCF_000011245.1;GCF_000017885.4;GCF_005671335.1;GCF_006094295.1;GCF_034478925.1;GCF_034479305.1	1	1	GCF_005671335.1	4.0		0
center	orthogroup_619	5	9	GCA_000015785.2;GCF_000009045.1;GCF_000009785.1;GCF_000011245.1;GCF_000017885.4;GCF_005671335.1;GCF_006094295.1;GCF_034478925.1;GCF_034479305.1	1	0				0
center	orthogroup_619	6	9	GCA_000015785.2;GCF_000009045.1;GCF_000009785.1;GCF_000011245.1;GCF_000017885.4;GCF_005671335.1;GCF_006094295.1;GCF_034478925.1;GCF_034479305.1	1	0				0
center	orthogroup_619	7	9	GCA_000015785.2;GCF_000009045.1;GCF_000009785.1;GCF_000011245.1;GCF_000017885.4;GCF_005671335.1;GCF_006094295.1;GCF_034478925.1;GCF_034479305.1	1	0				0
center	orthogroup_619	8	9	GCA_000015785.2;GCF_000009045.1;GCF_000009785.1;GCF_000011245.1;GCF_000017885.4;GCF_005671335.1;GCF_006094295.1;GCF_034478925.1;GCF_034479305.1	1	1	GCF_000009045.1	251.0		0
center	orthogroup_636	1	10	GCA_000015785.2;GCA_000025805.1;GCF_000009045.1;GCF_000009785.1;GCF_000011245.1;GCF_000017885.4;GCF_005671335.1;GCF_006094295.1;GCF_034478925.1;GCF_034479305.1	1	1	GCF_005671335.1	-5.0		0
center	orthogroup_636	2	10	GCA_000015785.2;GCA_000025805.1;GCF_000009045.1;GCF_000009785.1;GCF_000011245.1;GCF_000017885.4;GCF_005671335.1;GCF_006094295.1;GCF_034478925.1;GCF_034479305.1	1	1	GCF_005671335.1	3.0		0
center	orthogroup_636	3	10	GCA_000015785.2;GCA_000025805.1;GCF_000009045.1;GCF_000009785.1;GCF_000011245.1;GCF_000017885.4;GCF_005671335.1;GCF_006094295.1;GCF_034478925.1;GCF_034479305.1	1	1	GCF_034478925.1	35.0		0
center	orthogroup_636	4	10	GCA_000015785.2;GCA_000025805.1;GCF_000009045.1;GCF_000009785.1;GCF_000011245.1;GCF_000017885.4;GCF_005671335.1;GCF_006094295.1;GCF_034478925.1;GCF_034479305.1	1	2	GCF_000009785.1;GCF_005671335.1	-68.0	18.0	0
center	orthogroup_636	5	10	GCA_000015785.2;GCA_000025805.1;GCF_000009045.1;GCF_000009785.1;GCF_000011245.1;GCF_000017885.4;GCF_005671335.1;GCF_006094295.1;GCF_034478925.1;GCF_034479305.1	1	0				0
center	orthogroup_636	6	10	GCA_000015785.2;GCA_000025805.1;GCF_000009045.1;GCF_000009785.1;GCF_000011245.1;GCF_000017885.4;GCF_005671335.1;GCF_006094295.1;GCF_034478925.1;GCF_034479305.1	1	0				0
center	orthogroup_636	7	10	GCA_000015785.2;GCA_000025805.1;GCF_000009045.1;GCF_000009785.1;GCF_000011245.1;GCF_000017885.4;GCF_005671335.1;GCF_006094295.1;GCF_034478925.1;GCF_034479305.1	1	0				0
center	orthogroup_636	8	10	GCA_000015785.2;GCA_000025805.1;GCF_000009045.1;GCF_000009785.1;GCF_000011245.1;GCF_000017885.4;GCF_005671335.1;GCF_006094295.1;GCF_034478925.1;GCF_034479305.1	1	4	GCF_000009045.1;GCF_000009785.1;GCF_005671335.1;GCF_034478925.1	2.0	84.91666666666667	1
center	orthogroup_636	9	10	GCA_000015785.2;GCA_000025805.1;GCF_000009045.1;GCF_000009785.1;GCF_000011245.1;GCF_000017885.4;GCF_005671335.1;GCF_006094295.1;GCF_034478925.1;GCF_034479305.1	1	0				0
center	orthogroup_636	10	10	GCA_000015785.2;GCA_000025805.1;GCF_000009045.1;GCF_000009785.1;GCF_000011245.1;GCF_000017885.4;GCF_005671335.1;GCF_006094295.1;GCF_034478925.1;GCF_034479305.1	1	0				0
center	orthogroup_636	11	10	GCA_000015785.2;GCA_000025805.1;GCF_000009045.1;GCF_000009785.1;GCF_000011245.1;GCF_000017885.4;GCF_005671335.1;GCF_006094295.1;GCF_034478925.1;GCF_034479305.1	1	1	GCA_000025805.1	-9.5		0
center	orthogroup_636	12	10	GCA_000015785.2;GCA_000025805.1;GCF_000009045.1;GCF_000009785.1;GCF_000011245.1;GCF_000017885.4;GCF_005671335.1;GCF_006094295.1;GCF_034478925.1;GCF_034479305.1	1	0				0
center	orthogroup_636	13	10	GCA_000015785.2;GCA_000025805.1;GCF_000009045.1;GCF_000009785.1;GCF_000011245.1;GCF_000017885.4;GCF_005671335.1;GCF_006094295.1;GCF_034478925.1;GCF_034479305.1	1	5	GCA_000015785.2;GCA_000025805.1;GCF_000009785.1;GCF_034478925.1;GCF_034479305.1	180.0	2245.05	1
center	orthogroup_657	1	10	GCA_000015785.2;GCA_000025805.1;GCF_000009045.1;GCF_000009785.1;GCF_000011245.1;GCF_000017885.4;GCF_005671335.1;GCF_006094295.1;GCF_034478925.1;GCF_034479305.1	1	1	GCF_006094295.1	4.5		0
center	orthogroup_657	2	10	GCA_000015785.2;GCA_000025805.1;GCF_000009045.1;GCF_000009785.1;GCF_000011245.1;GCF_000017885.4;GCF_005671335.1;GCF_006094295.1;GCF_034478925.1;GCF_034479305.1	1	0				0
center	orthogroup_657	3	10	GCA_000015785.2;GCA_000025805.1;GCF_000009045.1;GCF_000009785.1;GCF_000011245.1;GCF_000017885.4;GCF_005671335.1;GCF_006094295.1;GCF_034478925.1;GCF_034479305.1	1	0				0
center	orthogroup_657	4	10	GCA_000015785.2;GCA_000025805.1;GCF_000009045.1;GCF_000009785.1;GCF_000011245.1;GCF_000017885.4;GCF_005671335.1;GCF_006094295.1;GCF_034478925.1;GCF_034479305.1	1	0				0
center	orthogroup_657	5	10	GCA_000015785.2;GCA_000025805.1;GCF_000009045.1;GCF_000009785.1;GCF_000011245.1;GCF_000017885.4;GCF_005671335.1;GCF_006094295.1;GCF_034478925.1;GCF_034479305.1	1	2	GCA_000015785.2;GCF_000017885.4	-13.0	420.5	0
center	orthogroup_657	6	10	GCA_000015785.2;GCA_000025805.1;GCF_000009045.1;GCF_000009785.1;GCF_000011245.1;GCF_000017885.4;GCF_005671335.1;GCF_006094295.1;GCF_034478925.1;GCF_034479305.1	1	1	GCF_000011245.1	-8.5		0
center	orthogroup_657	7	10	GCA_000015785.2;GCA_000025805.1;GCF_000009045.1;GCF_000009785.1;GCF_000011245.1;GCF_000017885.4;GCF_005671335.1;GCF_006094295.1;GCF_034478925.1;GCF_034479305.1	1	1	GCA_000025805.1	9.5		0
center	orthogroup_657	8	10	GCA_000015785.2;GCA_000025805.1;GCF_000009045.1;GCF_000009785.1;GCF_000011245.1;GCF_000017885.4;GCF_005671335.1;GCF_006094295.1;GCF_034478925.1;GCF_034479305.1	1	1	GCF_005671335.1	-2.0		0
center	orthogroup_657	9	10	GCA_000015785.2;GCA_000025805.1;GCF_000009045.1;GCF_000009785.1;GCF_000011245.1;GCF_000017885.4;GCF_005671335.1;GCF_006094295.1;GCF_034478925.1;GCF_034479305.1	1	0				0
center	orthogroup_657	10	10	GCA_000015785.2;GCA_000025805.1;GCF_000009045.1;GCF_000009785.1;GCF_000011245.1;GCF_000017885.4;GCF_005671335.1;GCF_006094295.1;GCF_034478925.1;GCF_034479305.1	1	1	GCF_000011245.1	16.0		0
center	orthogroup_67	1	10	GCA_000015785.2;GCA_000025805.1;GCF_000009045.1;GCF_000009785.1;GCF_000011245.1;GCF_000017885.4;GCF_005671335.1;GCF_006094295.1;GCF_034478925.1;GCF_034479305.1	1	1	GCF_000017885.4	19.5		0
center	orthogroup_67	2	10	GCA_000015785.2;GCA_000025805.1;GCF_000009045.1;GCF_000009785.1;GCF_000011245.1;GCF_000017885.4;GCF_005671335.1;GCF_006094295.1;GCF_034478925.1;GCF_034479305.1	1	0				0
center	orthogroup_67	3	10	GCA_000015785.2;GCA_000025805.1;GCF_000009045.1;GCF_000009785.1;GCF_000011245.1;GCF_000017885.4;GCF_005671335.1;GCF_006094295.1;GCF_034478925.1;GCF_034479305.1	1	0				0
center	orthogroup_67	4	10	GCA_000015785.2;GCA_000025805.1;GCF_000009045.1;GCF_000009785.1;GCF_000011245.1;GCF_000017885.4;GCF_005671335.1;GCF_006094295.1;GCF_034478925.1;GCF_034479305.1	1	4	GCA_000015785.2;GCF_000009045.1;GCF_000009785.1;GCF_000017885.4	119.75	17096.395833333332	1
center	orthogroup_672	1	10	GCA_000015785.2;GCA_000025805.1;GCF_000009045.1;GCF_000009785.1;GCF_000011245.1;GCF_000017885.4;GCF_005671335.1;GCF_006094295.1;GCF_034478925.1;GCF_034479305.1	1	0				0
center	orthogroup_672	2	10	GCA_000015785.2;GCA_000025805.1;GCF_000009045.1;GCF_000009785.1;GCF_000011245.1;GCF_000017885.4;GCF_005671335.1;GCF_006094295.1;GCF_034478925.1;GCF_034479305.1	1	2	GCA_000015785.2;GCF_000009045.1	-1.5	18.0	0
center	orthogroup_672	3	10	GCA_000015785.2;GCA_000025805.1;GCF_000009045.1;GCF_000009785.1;GCF_000011245.1;GCF_000017885.4;GCF_005671335.1;GCF_006094295.1;GCF_034478925.1;GCF_034479305.1	1	1	GCF_000011245.1	16.0		0
center	orthogroup_672	4	10	GCA_000015785.2;GCA_000025805.1;GCF_000009045.1;GCF_000009785.1;GCF_000011245.1;GCF_000017885.4;GCF_005671335.1;GCF_006094295.1;GCF_034478925.1;GCF_034479305.1	1	1	GCF_000009045.1	4.0		0
center	orthogroup_672	5	10	GCA_000015785.2;GCA_000025805.1;GCF_000009045.1;GCF_000009785.1;GCF_000011245.1;GCF_000017885.4;GCF_005671335.1;GCF_006094295.1;GCF_034478925.1;GCF_034479305.1	1	1	GCF_006094295.1	-0.5		0
center	orthogroup_672	6	10	GCA_000015785.2;GCA_000025805.1;GCF_000009045.1;GCF_000009785.1;GCF_000011245.1;GCF_000017885.4;GCF_005671335.1;GCF_006094295.1;GCF_034478925.1;GCF_034479305.1	1	1	GCF_000009785.1	3.5		0
center	orthogroup_672	7	10	GCA_000015785.2;GCA_000025805.1;GCF_000009045.1;GCF_000009785.1;GCF_000011245.1;GCF_000017885.4;GCF_005671335.1;GCF_006094295.1;GCF_034478925.1;GCF_034479305.1	1	1	GCF_000011245.1	-7.5		0
center	orthogroup_672	8	10	GCA_000015785.2;GCA_000025805.1;GCF_000009045.1;GCF_000009785.1;GCF_000011245.1;GCF_000017885.4;GCF_005671335.1;GCF_006094295.1;GCF_034478925.1;GCF_034479305.1	1	2	GCF_000017885.4;GCF_006094295.1	3.0	32.0	0
center	orthogroup_672	9	10	GCA_000015785.2;GCA_000025805.1;GCF_000009045.1;GCF_000009785.1;GCF_000011245.1;GCF_000017885.4;GCF_005671335.1;GCF_006094295.1;GCF_034478925.1;GCF_034479305.1	1	0				0
center	orthogroup_672	10	10	GCA_000015785.2;GCA_000025805.1;GCF_000009045.1;GCF_000009785.1;GCF_000011245.1;GCF_000017885.4;GCF_005671335.1;GCF_006094295.1;GCF_034478925.1;GCF_034479305.1	1	0				0
center	orthogroup_672	11	10	GCA_000015785.2;GCA_000025805.1;GCF_000009045.1;GCF_000009785.1;GCF_000011245.1;GCF_000017885.4;GCF_005671335.1;GCF_006094295.1;GCF_034478925.1;GCF_034479305.1	1	1	GCF_000009785.1	12.0		0
center	orthogroup_672	12	10	GCA_000015785.2;GCA_000025805.1;GCF_000009045.1;GCF_000009785.1;GCF_000011245.1;GCF_000017885.4;GCF_005671335.1;GCF_006094295.1;GCF_034478925.1;GCF_034479305.1	1	0				0
center	orthogroup_672	13	10	GCA_000015785.2;GCA_000025805.1;GCF_000009045.1;GCF_000009785.1;GCF_000011245.1;GCF_000017885.4;GCF_005671335.1;GCF_006094295.1;GCF_034478925.1;GCF_034479305.1	1	0				0
center	orthogroup_672	14	10	GCA_000015785.2;GCA_000025805.1;GCF_000009045.1;GCF_000009785.1;GCF_000011245.1;GCF_000017885.4;GCF_005671335.1;GCF_006094295.1;GCF_034478925.1;GCF_034479305.1	1	1	GCF_000011245.1	6.5		0
center	orthogroup_673	1	10	GCA_000015785.2;GCA_000025805.1;GCF_000009045.1;GCF_000009785.1;GCF_000011245.1;GCF_000017885.4;GCF_005671335.1;GCF_006094295.1;GCF_034478925.1;GCF_034479305.1	1	0				0
center	orthogroup_673	2	10	GCA_000015785.2;GCA_000025805.1;GCF_000009045.1;GCF_000009785.1;GCF_000011245.1;GCF_000017885.4;GCF_005671335.1;GCF_006094295.1;GCF_034478925.1;GCF_034479305.1	1	0				0
center	orthogroup_673	3	10	GCA_000015785.2;GCA_000025805.1;GCF_000009045.1;GCF_000009785.1;GCF_000011245.1;GCF_000017885.4;GCF_005671335.1;GCF_006094295.1;GCF_034478925.1;GCF_034479305.1	1	0				0
center	orthogroup_673	4	10	GCA_000015785.2;GCA_000025805.1;GCF_000009045.1;GCF_000009785.1;GCF_000011245.1;GCF_000017885.4;GCF_005671335.1;GCF_006094295.1;GCF_034478925.1;GCF_034479305.1	1	0				0
center	orthogroup_684	1	10	GCA_000015785.2;GCA_000025805.1;GCF_000009045.1;GCF_000009785.1;GCF_000011245.1;GCF_000017885.4;GCF_005671335.1;GCF_006094295.1;GCF_034478925.1;GCF_034479305.1	1	0				0
center	orthogroup_684	2	10	GCA_000015785.2;GCA_000025805.1;GCF_000009045.1;GCF_000009785.1;GCF_000011245.1;GCF_000017885.4;GCF_005671335.1;GCF_006094295.1;GCF_034478925.1;GCF_034479305.1	1	0				0
center	orthogroup_684	3	10	GCA_000015785.2;GCA_000025805.1;GCF_000009045.1;GCF_000009785.1;GCF_000011245.1;GCF_000017885.4;GCF_005671335.1;GCF_006094295.1;GCF_034478925.1;GCF_034479305.1	1	0				0
center	orthogroup_684	4	10	GCA_000015785.2;GCA_000025805.1;GCF_000009045.1;GCF_000009785.1;GCF_000011245.1;GCF_000017885.4;GCF_005671335.1;GCF_006094295.1;GCF_034478925.1;GCF_034479305.1	1	1	GCF_000009045.1	-9.0		0
center	orthogroup_684	5	10	GCA_000015785.2;GCA_000025805.1;GCF_000009045.1;GCF_000009785.1;GCF_000011245.1;GCF_000017885.4;GCF_005671335.1;GCF_006094295.1;GCF_034478925.1;GCF_034479305.1	1	0				0
center	orthogroup_684	6	10	GCA_000015785.2;GCA_000025805.1;GCF_000009045.1;GCF_000009785.1;GCF_000011245.1;GCF_000017885.4;GCF_005671335.1;GCF_006094295.1;GCF_034478925.1;GCF_034479305.1	1	2	GCF_000017885.4;GCF_034479305.1	49.75	3160.125	0
center	orthogroup_688	1	10	GCA_000015785.2;GCA_000025805.1;GCF_000009045.1;GCF_000009785.1;GCF_000011245.1;GCF_000017885.4;GCF_005671335.1;GCF_006094295.1;GCF_034478925.1;GCF_034479305.1	1	0				0
center	orthogroup_688	2	10	GCA_000015785.2;GCA_000025805.1;GCF_000009045.1;GCF_000009785.1;GCF_000011245.1;GCF_000017885.4;GCF_005671335.1;GCF_006094295.1;GCF_034478925.1;GCF_034479305.1	1	0				0
center	orthogroup_688	3	10	GCA_000015785.2;GCA_000025805.1;GCF_000009045.1;GCF_000009785.1;GCF_000011245.1;GCF_000017885.4;GCF_005671335.1;GCF_006094295.1;GCF_034478925.1;GCF_034479305.1	1	0				0
center	orthogroup_688	4	10	GCA_000015785.2;GCA_000025805.1;GCF_000009045.1;GCF_000009785.1;GCF_000011245.1;GCF_000017885.4;GCF_005671335.1;GCF_006094295.1;GCF_034478925.1;GCF_034479305.1	1	0				0
center	orthogroup_688	5	10	GCA_000015785.2;GCA_000025805.1;GCF_000009045.1;GCF_000009785.1;GCF_000011245.1;GCF_000017885.4;GCF_005671335.1;GCF_006094295.1;GCF_034478925.1;GCF_034479305.1	1	0				0
center	orthogroup_688	6	10	GCA_000015785.2;GCA_000025805.1;GCF_000009045.1;GCF_000009785.1;GCF_000011245.1;GCF_000017885.4;GCF_005671335.1;GCF_006094295.1;GCF_034478925.1;GCF_034479305.1	1	1	GCF_000009045.1	18.0		0
center	orthogroup_692	1	10	GCA_000015785.2;GCA_000025805.1;GCF_000009045.1;GCF_000009785.1;GCF_000011245.1;GCF_000017885.4;GCF_005671335.1;GCF_006094295.1;GCF_034478925.1;GCF_034479305.1	1	2	GCF_000017885.4;GCF_005671335.1	12.75	780.125	0
center	orthogroup_692	2	10	GCA_000015785.2;GCA_000025805.1;GCF_000009045.1;GCF_000009785.1;GCF_000011245.1;GCF_000017885.4;GCF_005671335.1;GCF_006094295.1;GCF_034478925.1;GCF_034479305.1	1	3	GCA_000025805.1;GCF_000009785.1;GCF_006094295.1	-9.5	240.08333333333334	1
center	orthogroup_692	3	10	GCA_000015785.2;GCA_000025805.1;GCF_000009045.1;GCF_000009785.1;GCF_000011245.1;GCF_000017885.4;GCF_005671335.1;GCF_006094295.1;GCF_034478925.1;GCF_034479305.1	1	1	GCF_034478925.1	-10.0		0
center	orthogroup_692	4	10	GCA_000015785.2;GCA_000025805.1;GCF_000009045.1;GCF_000009785.1;GCF_000011245.1;GCF_000017885.4;GCF_005671335.1;GCF_006094295.1;GCF_034478925.1;GCF_034479305.1	1	0				0
center	orthogroup_692	5	10	GCA_000015785.2;GCA_000025805.1;GCF_000009045.1;GCF_000009785.1;GCF_000011245.1;GCF_000017885.4;GCF_005671335.1;GCF_006094295.1;GCF_034478925.1;GCF_034479305.1	1	0				0
center	orthogroup_692	6	10	GCA_000015785.2;GCA_000025805.1;GCF_000009045.1;GCF_000009785.1;GCF_000011245.1;GCF_000017885.4;GCF_005671335.1;GCF_006094295.1;GCF_034478925.1;GCF_034479305.1	1	0				0
center	orthogroup_692	7	10	GCA_000015785.2;GCA_000025805.1;GCF_000009045.1;GCF_000009785.1;GCF_000011245.1;GCF_000017885.4;GCF_005671335.1;GCF_006094295.1;GCF_034478925.1;GCF_034479305.1	1	0				0
center	orthogroup_692	8	10	GCA_000015785.2;GCA_000025805.1;GCF_000009045.1;GCF_000009785.1;GCF_000011245.1;GCF_000017885.4;GCF_005671335.1;GCF_006094295.1;GCF_034478925.1;GCF_034479305.1	1	0				0
center	orthogroup_700	1	10	GCA_000015785.2;GCA_000025805.1;GCF_000009045.1;GCF_000009785.1;GCF_000011245.1;GCF_000017885.4;GCF_005671335.1;GCF_006094295.1;GCF_034478925.1;GCF_034479305.1	1	0				0
center	orthogroup_700	2	10	GCA_000015785.2;GCA_000025805.1;GCF_000009045.1;GCF_000009785.1;GCF_000011245.1;GCF_000017885.4;GCF_005671335.1;GCF_006094295.1;GCF_034478925.1;GCF_034479305.1	1	1	GCF_006094295.1	2.5		0
center	orthogroup_700	3	10	GCA_000015785.2;GCA_000025805.1;GCF_000009045.1;GCF_000009785.1;GCF_000011245.1;GCF_000017885.4;GCF_005671335.1;GCF_006094295.1;GCF_034478925.1;GCF_034479305.1	1	0				0
center	orthogroup_700	4	10	GCA_000015785.2;GCA_000025805.1;GCF_000009045.1;GCF_000009785.1;GCF_000011245.1;GCF_000017885.4;GCF_005671335.1;GCF_006094295.1;GCF_034478925.1;GCF_034479305.1	1	0				0
center	orthogroup_700	5	10	GCA_000015785.2;GCA_000025805.1;GCF_000009045.1;GCF_000009785.1;GCF_000011245.1;GCF_000017885.4;GCF_005671335.1;GCF_006094295.1;GCF_034478925.1;GCF_034479305.1	1	1	GCF_034478925.1	21.0		0
center	orthogroup_700	6	10	GCA_000015785.2;GCA_000025805.1;GCF_000009045.1;GCF_000009785.1;GCF_000011245.1;GCF_000017885.4;GCF_005671335.1;GCF_006094295.1;GCF_034478925.1;GCF_034479305.1	1	0				0
center	orthogroup_700	7	10	GCA_000015785.2;GCA_000025805.1;GCF_000009045.1;GCF_000009785.1;GCF_000011245.1;GCF_000017885.4;GCF_005671335.1;GCF_006094295.1;GCF_034478925.1;GCF_034479305.1	1	0				0
center	orthogroup_700	8	10	GCA_000015785.2;GCA_000025805.1;GCF_000009045.1;GCF_000009785.1;GCF_000011245.1;GCF_000017885.4;GCF_005671335.1;GCF_006094295.1;GCF_034478925.1;GCF_034479305.1	1	1	GCF_005671335.1	2.5		0
center	orthogroup_722	1	10	GCA_000015785.2;GCA_000025805.1;GCF_000009045.1;GCF_000009785.1;GCF_000011245.1;GCF_000017885.4;GCF_005671335.1;GCF_006094295.1;GCF_034478925.1;GCF_034479305.1	1	0				0
center	orthogroup_722	2	10	GCA_000015785.2;GCA_000025805.1;GCF_000009045.1;GCF_000009785.1;GCF_000011245.1;GCF_000017885.4;GCF_005671335.1;GCF_006094295.1;GCF_034478925.1;GCF_034479305.1	1	0				0
center	orthogroup_722	3	10	GCA_000015785.2;GCA_000025805.1;GCF_000009045.1;GCF_000009785.1;GCF_000011245.1;GCF_000017885.4;GCF_005671335.1;GCF_006094295.1;GCF_034478925.1;GCF_034479305.1	1	0				0
center	orthogroup_722	4	10	GCA_000015785.2;GCA_000025805.1;GCF_000009045.1;GCF_000009785.1;GCF_000011245.1;GCF_000017885.4;GCF_005671335.1;GCF_006094295.1;GCF_034478925.1;GCF_034479305.1	1	0				0
center	orthogroup_722	5	10	GCA_000015785.2;GCA_000025805.1;GCF_000009045.1;GCF_000009785.1;GCF_000011245.1;GCF_000017885.4;GCF_005671335.1;GCF_006094295.1;GCF_034478925.1;GCF_034479305.1	1	0				0
center	orthogroup_732	1	10	GCA_000015785.2;GCA_000025805.1;GCF_000009045.1;GCF_000009785.1;GCF_000011245.1;GCF_000017885.4;GCF_005671335.1;GCF_006094295.1;GCF_034478925.1;GCF_034479305.1	1	0				0
center	orthogroup_732	2	10	GCA_000015785.2;GCA_000025805.1;GCF_000009045.1;GCF_000009785.1;GCF_000011245.1;GCF_000017885.4;GCF_005671335.1;GCF_006094295.1;GCF_034478925.1;GCF_034479305.1	1	1	GCF_000011245.1	5.5		0
center	orthogroup_732	3	10	GCA_000015785.2;GCA_000025805.1;GCF_000009045.1;GCF_000009785.1;GCF_000011245.1;GCF_000017885.4;GCF_005671335.1;GCF_006094295.1;GCF_034478925.1;GCF_034479305.1	1	0				0
center	orthogroup_732	4	10	GCA_000015785.2;GCA_000025805.1;GCF_000009045.1;GCF_000009785.1;GCF_000011245.1;GCF_000017885.4;GCF_005671335.1;GCF_006094295.1;GCF_034478925.1;GCF_034479305.1	1	0				0
center	orthogroup_738	2	8	GCA_000015785.2;GCA_000025805.1;GCF_000009045.1;GCF_000011245.1;GCF_000017885.4;GCF_005671335.1;GCF_034478925.1;GCF_034479305.1	1	0				0
center	orthogroup_738	3	8	GCA_000015785.2;GCA_000025805.1;GCF_000009045.1;GCF_000011245.1;GCF_000017885.4;GCF_005671335.1;GCF_034478925.1;GCF_034479305.1	1	0				0
center	orthogroup_738	4	8	GCA_000015785.2;GCA_000025805.1;GCF_000009045.1;GCF_000011245.1;GCF_000017885.4;GCF_005671335.1;GCF_034478925.1;GCF_034479305.1	1	0				0
center	orthogroup_738	5	8	GCA_000015785.2;GCA_000025805.1;GCF_000009045.1;GCF_000011245.1;GCF_000017885.4;GCF_005671335.1;GCF_034478925.1;GCF_034479305.1	1	0				0
center	orthogroup_738	6	8	GCA_000015785.2;GCA_000025805.1;GCF_000009045.1;GCF_000011245.1;GCF_000017885.4;GCF_005671335.1;GCF_034478925.1;GCF_034479305.1	1	0				0
center	orthogroup_738	7	8	GCA_000015785.2;GCA_000025805.1;GCF_000009045.1;GCF_000011245.1;GCF_000017885.4;GCF_005671335.1;GCF_034478925.1;GCF_034479305.1	1	0				0
center	orthogroup_738	8	8	GCA_000015785.2;GCA_000025805.1;GCF_000009045.1;GCF_000011245.1;GCF_000017885.4;GCF_005671335.1;GCF_034478925.1;GCF_034479305.1	1	0				0
center	orthogroup_738	9	8	GCA_000015785.2;GCA_000025805.1;GCF_000009045.1;GCF_000011245.1;GCF_000017885.4;GCF_005671335.1;GCF_034478925.1;GCF_034479305.1	1	0				0
center	orthogroup_738	10	8	GCA_000015785.2;GCA_000025805.1;GCF_000009045.1;GCF_000011245.1;GCF_000017885.4;GCF_005671335.1;GCF_034478925.1;GCF_034479305.1	1	0				0
center	orthogroup_738	11	8	GCA_000015785.2;GCA_000025805.1;GCF_000009045.1;GCF_000011245.1;GCF_000017885.4;GCF_005671335.1;GCF_034478925.1;GCF_034479305.1	1	1	GCF_000017885.4	28.0		0
center	orthogroup_738	12	8	GCA_000015785.2;GCA_000025805.1;GCF_000009045.1;GCF_000011245.1;GCF_000017885.4;GCF_005671335.1;GCF_034478925.1;GCF_034479305.1	1	0				0
center	orthogroup_738	13	8	GCA_000015785.2;GCA_000025805.1;GCF_000009045.1;GCF_000011245.1;GCF_000017885.4;GCF_005671335.1;GCF_034478925.1;GCF_034479305.1	1	0				0
center	orthogroup_738	14	8	GCA_000015785.2;GCA_000025805.1;GCF_000009045.1;GCF_000011245.1;GCF_000017885.4;GCF_005671335.1;GCF_034478925.1;GCF_034479305.1	1	1	GCF_005671335.1	7.0		0
center	orthogroup_738	16	8	GCA_000015785.2;GCA_000025805.1;GCF_000009045.1;GCF_000011245.1;GCF_000017885.4;GCF_005671335.1;GCF_034478925.1;GCF_034479305.1	1	0				0
center	orthogroup_749	1	10	GCA_000015785.2;GCA_000025805.1;GCF_000009045.1;GCF_000009785.1;GCF_000011245.1;GCF_000017885.4;GCF_005671335.1;GCF_006094295.1;GCF_034478925.1;GCF_034479305.1	1	0				0
center	orthogroup_749	2	10	GCA_000015785.2;GCA_000025805.1;GCF_000009045.1;GCF_000009785.1;GCF_000011245.1;GCF_000017885.4;GCF_005671335.1;GCF_006094295.1;GCF_034478925.1;GCF_034479305.1	1	1	GCF_000011245.1	2.0		0
center	orthogroup_749	3	10	GCA_000015785.2;GCA_000025805.1;GCF_000009045.1;GCF_000009785.1;GCF_000011245.1;GCF_000017885.4;GCF_005671335.1;GCF_006094295.1;GCF_034478925.1;GCF_034479305.1	1	1	GCF_006094295.1	32.5		0
center	orthogroup_749	4	10	GCA_000015785.2;GCA_000025805.1;GCF_000009045.1;GCF_000009785.1;GCF_000011245.1;GCF_000017885.4;GCF_005671335.1;GCF_006094295.1;GCF_034478925.1;GCF_034479305.1	1	0				0
center	orthogroup_749	5	10	GCA_000015785.2;GCA_000025805.1;GCF_000009045.1;GCF_000009785.1;GCF_000011245.1;GCF_000017885.4;GCF_005671335.1;GCF_006094295.1;GCF_034478925.1;GCF_034479305.1	1	0				0
center	orthogroup_749	6	10	GCA_000015785.2;GCA_000025805.1;GCF_000009045.1;GCF_000009785.1;GCF_000011245.1;GCF_000017885.4;GCF_005671335.1;GCF_006094295.1;GCF_034478925.1;GCF_034479305.1	1	1	GCF_034478925.1	-2.5		0
center	orthogroup_757	1	10	GCA_000015785.2;GCA_000025805.1;GCF_000009045.1;GCF_000009785.1;GCF_000011245.1;GCF_000017885.4;GCF_005671335.1;GCF_006094295.1;GCF_034478925.1;GCF_034479305.1	1	0				0
center	orthogroup_757	2	10	GCA_000015785.2;GCA_000025805.1;GCF_000009045.1;GCF_000009785.1;GCF_000011245.1;GCF_000017885.4;GCF_005671335.1;GCF_006094295.1;GCF_034478925.1;GCF_034479305.1	1	0				0
center	orthogroup_757	3	10	GCA_000015785.2;GCA_000025805.1;GCF_000009045.1;GCF_000009785.1;GCF_000011245.1;GCF_000017885.4;GCF_005671335.1;GCF_006094295.1;GCF_034478925.1;GCF_034479305.1	1	1	GCF_000009045.1	-14.0		0
center	orthogroup_757	4	10	GCA_000015785.2;GCA_000025805.1;GCF_000009045.1;GCF_000009785.1;GCF_000011245.1;GCF_000017885.4;GCF_005671335.1;GCF_006094295.1;GCF_034478925.1;GCF_034479305.1	1	0				0
center	orthogroup_757	5	10	GCA_000015785.2;GCA_000025805.1;GCF_000009045.1;GCF_000009785.1;GCF_000011245.1;GCF_000017885.4;GCF_005671335.1;GCF_006094295.1;GCF_034478925.1;GCF_034479305.1	1	1	GCF_034479305.1	-22.5		0
center	orthogroup_757	6	10	GCA_000015785.2;GCA_000025805.1;GCF_000009045.1;GCF_000009785.1;GCF_000011245.1;GCF_000017885.4;GCF_005671335.1;GCF_006094295.1;GCF_034478925.1;GCF_034479305.1	1	0				0
center	orthogroup_757	7	10	GCA_000015785.2;GCA_000025805.1;GCF_000009045.1;GCF_000009785.1;GCF_000011245.1;GCF_000017885.4;GCF_005671335.1;GCF_006094295.1;GCF_034478925.1;GCF_034479305.1	1	0				0
center	orthogroup_757	8	10	GCA_000015785.2;GCA_000025805.1;GCF_000009045.1;GCF_000009785.1;GCF_000011245.1;GCF_000017885.4;GCF_005671335.1;GCF_006094295.1;GCF_034478925.1;GCF_034479305.1	1	1	GCF_000009045.1	12.0		0
center	orthogroup_757	9	10	GCA_000015785.2;GCA_000025805.1;GCF_000009045.1;GCF_000009785.1;GCF_000011245.1;GCF_000017885.4;GCF_005671335.1;GCF_006094295.1;GCF_034478925.1;GCF_034479305.1	1	1	GCF_005671335.1	4.5		0
center	orthogroup_757	10	10	GCA_000015785.2;GCA_000025805.1;GCF_000009045.1;GCF_000009785.1;GCF_000011245.1;GCF_000017885.4;GCF_005671335.1;GCF_006094295.1;GCF_034478925.1;GCF_034479305.1	1	0				0
center	orthogroup_764	1	10	GCA_000015785.2;GCA_000025805.1;GCF_000009045.1;GCF_000009785.1;GCF_000011245.1;GCF_000017885.4;GCF_005671335.1;GCF_006094295.1;GCF_034478925.1;GCF_034479305.1	1	0				0
center	orthogroup_764	2	10	GCA_000015785.2;GCA_000025805.1;GCF_000009045.1;GCF_000009785.1;GCF_000011245.1;GCF_000017885.4;GCF_005671335.1;GCF_006094295.1;GCF_034478925.1;GCF_034479305.1	1	0				0
center	orthogroup_764	3	10	GCA_000015785.2;GCA_000025805.1;GCF_000009045.1;GCF_000009785.1;GCF_000011245.1;GCF_000017885.4;GCF_005671335.1;GCF_006094295.1;GCF_034478925.1;GCF_034479305.1	1	1	GCF_005671335.1	-16.5		0
center	orthogroup_767	1	10	GCA_000015785.2;GCA_000025805.1;GCF_000009045.1;GCF_000009785.1;GCF_000011245.1;GCF_000017885.4;GCF_005671335.1;GCF_006094295.1;GCF_034478925.1;GCF_034479305.1	1	0				0
center	orthogroup_767	2	10	GCA_000015785.2;GCA_000025805.1;GCF_000009045.1;GCF_000009785.1;GCF_000011245.1;GCF_000017885.4;GCF_005671335.1;GCF_006094295.1;GCF_034478925.1;GCF_034479305.1	1	0				0
center	orthogroup_767	3	10	GCA_000015785.2;GCA_000025805.1;GCF_000009045.1;GCF_000009785.1;GCF_000011245.1;GCF_000017885.4;GCF_005671335.1;GCF_006094295.1;GCF_034478925.1;GCF_034479305.1	1	0				0
center	orthogroup_795	1	10	GCA_000015785.2;GCA_000025805.1;GCF_000009045.1;GCF_000009785.1;GCF_000011245.1;GCF_000017885.4;GCF_005671335.1;GCF_006094295.1;GCF_034478925.1;GCF_034479305.1	1	0				0
center	orthogroup_795	2	10	GCA_000015785.2;GCA_000025805.1;GCF_000009045.1;GCF_000009785.1;GCF_000011245.1;GCF_000017885.4;GCF_005671335.1;GCF_006094295.1;GCF_034478925.1;GCF_034479305.1	1	0				0
center	orthogroup_795	3	10	GCA_000015785.2;GCA_000025805.1;GCF_000009045.1;GCF_000009785.1;GCF_000011245.1;GCF_000017885.4;GCF_005671335.1;GCF_006094295.1;GCF_034478925.1;GCF_034479305.1	1	0				0
center	orthogroup_795	4	10	GCA_000015785.2;GCA_000025805.1;GCF_000009045.1;GCF_000009785.1;GCF_000011245.1;GCF_000017885.4;GCF_005671335.1;GCF_006094295.1;GCF_034478925.1;GCF_034479305.1	1	0				0
center	orthogroup_795	5	10	GCA_000015785.2;GCA_000025805.1;GCF_000009045.1;GCF_000009785.1;GCF_000011245.1;GCF_000017885.4;GCF_005671335.1;GCF_006094295.1;GCF_034478925.1;GCF_034479305.1	1	0				0
center	orthogroup_795	6	10	GCA_000015785.2;GCA_000025805.1;GCF_000009045.1;GCF_000009785.1;GCF_000011245.1;GCF_000017885.4;GCF_005671335.1;GCF_006094295.1;GCF_034478925.1;GCF_034479305.1	1	0				0
center	orthogroup_795	7	10	GCA_000015785.2;GCA_000025805.1;GCF_000009045.1;GCF_000009785.1;GCF_000011245.1;GCF_000017885.4;GCF_005671335.1;GCF_006094295.1;GCF_034478925.1;GCF_034479305.1	1	0				0
center	orthogroup_795	8	10	GCA_000015785.2;GCA_000025805.1;GCF_000009045.1;GCF_000009785.1;GCF_000011245.1;GCF_000017885.4;GCF_005671335.1;GCF_006094295.1;GCF_034478925.1;GCF_034479305.1	1	0				0
center	orthogroup_795	9	10	GCA_000015785.2;GCA_000025805.1;GCF_000009045.1;GCF_000009785.1;GCF_000011245.1;GCF_000017885.4;GCF_005671335.1;GCF_006094295.1;GCF_034478925.1;GCF_034479305.1	1	1	GCF_000017885.4	-21.5		0
center	orthogroup_795	10	10	GCA_000015785.2;GCA_000025805.1;GCF_000009045.1;GCF_000009785.1;GCF_000011245.1;GCF_000017885.4;GCF_005671335.1;GCF_006094295.1;GCF_034478925.1;GCF_034479305.1	1	0				0
center	orthogroup_795	11	10	GCA_000015785.2;GCA_000025805.1;GCF_000009045.1;GCF_000009785.1;GCF_000011245.1;GCF_000017885.4;GCF_005671335.1;GCF_006094295.1;GCF_034478925.1;GCF_034479305.1	1	0				0
center	orthogroup_795	12	10	GCA_000015785.2;GCA_000025805.1;GCF_000009045.1;GCF_000009785.1;GCF_000011245.1;GCF_000017885.4;GCF_005671335.1;GCF_006094295.1;GCF_034478925.1;GCF_034479305.1	1	0				0
center	orthogroup_795	13	10	GCA_000015785.2;GCA_000025805.1;GCF_000009045.1;GCF_000009785.1;GCF_000011245.1;GCF_000017885.4;GCF_005671335.1;GCF_006094295.1;GCF_034478925.1;GCF_034479305.1	1	0				0
center	orthogroup_795	14	10	GCA_000015785.2;GCA_000025805.1;GCF_000009045.1;GCF_000009785.1;GCF_000011245.1;GCF_000017885.4;GCF_005671335.1;GCF_006094295.1;GCF_034478925.1;GCF_034479305.1	1	1	GCF_000011245.1	4.5		0
center	orthogroup_812	1	10	GCA_000015785.2;GCA_000025805.1;GCF_000009045.1;GCF_000009785.1;GCF_000011245.1;GCF_000017885.4;GCF_005671335.1;GCF_006094295.1;GCF_034478925.1;GCF_034479305.1	1	0				0
center	orthogroup_812	2	10	GCA_000015785.2;GCA_000025805.1;GCF_000009045.1;GCF_000009785.1;GCF_000011245.1;GCF_000017885.4;GCF_005671335.1;GCF_006094295.1;GCF_034478925.1;GCF_034479305.1	1	0				0
center	orthogroup_812	3	10	GCA_000015785.2;GCA_000025805.1;GCF_000009045.1;GCF_000009785.1;GCF_000011245.1;GCF_000017885.4;GCF_005671335.1;GCF_006094295.1;GCF_034478925.1;GCF_034479305.1	1	0				0
center	orthogroup_812	4	10	GCA_000015785.2;GCA_000025805.1;GCF_000009045.1;GCF_000009785.1;GCF_000011245.1;GCF_000017885.4;GCF_005671335.1;GCF_006094295.1;GCF_034478925.1;GCF_034479305.1	1	0				0
center	orthogroup_812	5	10	GCA_000015785.2;GCA_000025805.1;GCF_000009045.1;GCF_000009785.1;GCF_000011245.1;GCF_000017885.4;GCF_005671335.1;GCF_006094295.1;GCF_034478925.1;GCF_034479305.1	1	0				0
center	orthogroup_812	6	10	GCA_000015785.2;GCA_000025805.1;GCF_000009045.1;GCF_000009785.1;GCF_000011245.1;GCF_000017885.4;GCF_005671335.1;GCF_006094295.1;GCF_034478925.1;GCF_034479305.1	1	0				0
center	orthogroup_812	7	10	GCA_000015785.2;GCA_000025805.1;GCF_000009045.1;GCF_000009785.1;GCF_000011245.1;GCF_000017885.4;GCF_005671335.1;GCF_006094295.1;GCF_034478925.1;GCF_034479305.1	1	0				0
center	orthogroup_812	8	10	GCA_000015785.2;GCA_000025805.1;GCF_000009045.1;GCF_000009785.1;GCF_000011245.1;GCF_000017885.4;GCF_005671335.1;GCF_006094295.1;GCF_034478925.1;GCF_034479305.1	1	0				0
center	orthogroup_812	9	10	GCA_000015785.2;GCA_000025805.1;GCF_000009045.1;GCF_000009785.1;GCF_000011245.1;GCF_000017885.4;GCF_005671335.1;GCF_006094295.1;GCF_034478925.1;GCF_034479305.1	1	1	GCA_000025805.1	-2.5		0
center	orthogroup_812	10	10	GCA_000015785.2;GCA_000025805.1;GCF_000009045.1;GCF_000009785.1;GCF_000011245.1;GCF_000017885.4;GCF_005671335.1;GCF_006094295.1;GCF_034478925.1;GCF_034479305.1	1	0				0
center	orthogroup_812	11	10	GCA_000015785.2;GCA_000025805.1;GCF_000009045.1;GCF_000009785.1;GCF_000011245.1;GCF_000017885.4;GCF_005671335.1;GCF_006094295.1;GCF_034478925.1;GCF_034479305.1	1	1	GCF_034478925.1	-16.5		0
center	orthogroup_812	12	10	GCA_000015785.2;GCA_000025805.1;GCF_000009045.1;GCF_000009785.1;GCF_000011245.1;GCF_000017885.4;GCF_005671335.1;GCF_006094295.1;GCF_034478925.1;GCF_034479305.1	1	1	GCF_000009785.1	-3.0		0
center	orthogroup_816	1	10	GCA_000015785.2;GCA_000025805.1;GCF_000009045.1;GCF_000009785.1;GCF_000011245.1;GCF_000017885.4;GCF_005671335.1;GCF_006094295.1;GCF_034478925.1;GCF_034479305.1	1	1	GCA_000025805.1	-7.5		0
center	orthogroup_816	2	10	GCA_000015785.2;GCA_000025805.1;GCF_000009045.1;GCF_000009785.1;GCF_000011245.1;GCF_000017885.4;GCF_005671335.1;GCF_006094295.1;GCF_034478925.1;GCF_034479305.1	1	0				0
center	orthogroup_816	3	10	GCA_000015785.2;GCA_000025805.1;GCF_000009045.1;GCF_000009785.1;GCF_000011245.1;GCF_000017885.4;GCF_005671335.1;GCF_006094295.1;GCF_034478925.1;GCF_034479305.1	1	0				0
center	orthogroup_840	1	10	GCA_000015785.2;GCA_000025805.1;GCF_000009045.1;GCF_000009785.1;GCF_000011245.1;GCF_000017885.4;GCF_005671335.1;GCF_006094295.1;GCF_034478925.1;GCF_034479305.1	1	0				0
center	orthogroup_840	2	10	GCA_000015785.2;GCA_000025805.1;GCF_000009045.1;GCF_000009785.1;GCF_000011245.1;GCF_000017885.4;GCF_005671335.1;GCF_006094295.1;GCF_034478925.1;GCF_034479305.1	1	0				0
center	orthogroup_840	3	10	GCA_000015785.2;GCA_000025805.1;GCF_000009045.1;GCF_000009785.1;GCF_000011245.1;GCF_000017885.4;GCF_005671335.1;GCF_006094295.1;GCF_034478925.1;GCF_034479305.1	1	0				0
center	orthogroup_840	4	10	GCA_000015785.2;GCA_000025805.1;GCF_000009045.1;GCF_000009785.1;GCF_000011245.1;GCF_000017885.4;GCF_005671335.1;GCF_006094295.1;GCF_034478925.1;GCF_034479305.1	1	0				0
center	orthogroup_840	5	10	GCA_000015785.2;GCA_000025805.1;GCF_000009045.1;GCF_000009785.1;GCF_000011245.1;GCF_000017885.4;GCF_005671335.1;GCF_006094295.1;GCF_034478925.1;GCF_034479305.1	1	1	GCF_000009785.1	-7.5		0
center	orthogroup_850	1	10	GCA_000015785.2;GCA_000025805.1;GCF_000009045.1;GCF_000009785.1;GCF_000011245.1;GCF_000017885.4;GCF_005671335.1;GCF_006094295.1;GCF_034478925.1;GCF_034479305.1	1	1	GCF_006094295.1	-3.5		0
center	orthogroup_850	2	10	GCA_000015785.2;GCA_000025805.1;GCF_000009045.1;GCF_000009785.1;GCF_000011245.1;GCF_000017885.4;GCF_005671335.1;GCF_006094295.1;GCF_034478925.1;GCF_034479305.1	1	2	GCF_000009785.1;GCF_000011245.1	4.0	72.0	0
center	orthogroup_850	3	10	GCA_000015785.2;GCA_000025805.1;GCF_000009045.1;GCF_000009785.1;GCF_000011245.1;GCF_000017885.4;GCF_005671335.1;GCF_006094295.1;GCF_034478925.1;GCF_034479305.1	1	0				0
center	orthogroup_850	4	10	GCA_000015785.2;GCA_000025805.1;GCF_000009045.1;GCF_000009785.1;GCF_000011245.1;GCF_000017885.4;GCF_005671335.1;GCF_006094295.1;GCF_034478925.1;GCF_034479305.1	1	2	GCA_000015785.2;GCF_000011245.1	60.5	1740.5	0
center	orthogroup_852	1	10	GCA_000015785.2;GCA_000025805.1;GCF_000009045.1;GCF_000009785.1;GCF_000011245.1;GCF_000017885.4;GCF_005671335.1;GCF_006094295.1;GCF_034478925.1;GCF_034479305.1	1	0				0
center	orthogroup_852	2	10	GCA_000015785.2;GCA_000025805.1;GCF_000009045.1;GCF_000009785.1;GCF_000011245.1;GCF_000017885.4;GCF_005671335.1;GCF_006094295.1;GCF_034478925.1;GCF_034479305.1	1	0				0
center	orthogroup_852	3	10	GCA_000015785.2;GCA_000025805.1;GCF_000009045.1;GCF_000009785.1;GCF_000011245.1;GCF_000017885.4;GCF_005671335.1;GCF_006094295.1;GCF_034478925.1;GCF_034479305.1	1	0				0
center	orthogroup_852	4	10	GCA_000015785.2;GCA_000025805.1;GCF_000009045.1;GCF_000009785.1;GCF_000011245.1;GCF_000017885.4;GCF_005671335.1;GCF_006094295.1;GCF_034478925.1;GCF_034479305.1	1	0				0
center	orthogroup_853	1	10	GCA_000015785.2;GCA_000025805.1;GCF_000009045.1;GCF_000009785.1;GCF_000011245.1;GCF_000017885.4;GCF_005671335.1;GCF_006094295.1;GCF_034478925.1;GCF_034479305.1	1	2	GCF_000009045.1;GCF_005671335.1	-14.25	528.125	0
center	orthogroup_853	2	10	GCA_000015785.2;GCA_000025805.1;GCF_000009045.1;GCF_000009785.1;GCF_000011245.1;GCF_000017885.4;GCF_005671335.1;GCF_006094295.1;GCF_034478925.1;GCF_034479305.1	1	1	GCF_000009785.1	-1.5		0
center	orthogroup_853	3	10	GCA_000015785.2;GCA_000025805.1;GCF_000009045.1;GCF_000009785.1;GCF_000011245.1;GCF_000017885.4;GCF_005671335.1;GCF_006094295.1;GCF_034478925.1;GCF_034479305.1	1	0				0
center	orthogroup_853	4	10	GCA_000015785.2;GCA_000025805.1;GCF_000009045.1;GCF_000009785.1;GCF_000011245.1;GCF_000017885.4;GCF_005671335.1;GCF_006094295.1;GCF_034478925.1;GCF_034479305.1	1	1	GCF_034478925.1	59.0		0
center	orthogroup_853	5	10	GCA_000015785.2;GCA_000025805.1;GCF_000009045.1;GCF_000009785.1;GCF_000011245.1;GCF_000017885.4;GCF_005671335.1;GCF_006094295.1;GCF_034478925.1;GCF_034479305.1	1	0				0
center	orthogroup_853	6	10	GCA_000015785.2;GCA_000025805.1;GCF_000009045.1;GCF_000009785.1;GCF_000011245.1;GCF_000017885.4;GCF_005671335.1;GCF_006094295.1;GCF_034478925.1;GCF_034479305.1	1	2	GCA_000025805.1;GCF_034478925.1	53.5	0.5	0
center	orthogroup_853	7	10	GCA_000015785.2;GCA_000025805.1;GCF_000009045.1;GCF_000009785.1;GCF_000011245.1;GCF_000017885.4;GCF_005671335.1;GCF_006094295.1;GCF_034478925.1;GCF_034479305.1	1	1	GCF_000009785.1	-57.0		0
center	orthogroup_853	8	10	GCA_000015785.2;GCA_000025805.1;GCF_000009045.1;GCF_000009785.1;GCF_000011245.1;GCF_000017885.4;GCF_005671335.1;GCF_006094295.1;GCF_034478925.1;GCF_034479305.1	1	1	GCF_034479305.1	17.5		0
center	orthogroup_886	1	10	GCA_000015785.2;GCA_000025805.1;GCF_000009045.1;GCF_000009785.1;GCF_000011245.1;GCF_000017885.4;GCF_005671335.1;GCF_006094295.1;GCF_034478925.1;GCF_034479305.1	1	1	GCA_000015785.2	9.5		0
center	orthogroup_886	2	10	GCA_000015785.2;GCA_000025805.1;GCF_000009045.1;GCF_000009785.1;GCF_000011245.1;GCF_000017885.4;GCF_005671335.1;GCF_006094295.1;GCF_034478925.1;GCF_034479305.1	1	0				0
center	orthogroup_886	3	10	GCA_000015785.2;GCA_000025805.1;GCF_000009045.1;GCF_000009785.1;GCF_000011245.1;GCF_000017885.4;GCF_005671335.1;GCF_006094295.1;GCF_034478925.1;GCF_034479305.1	1	0				0
center	orthogroup_886	4	10	GCA_000015785.2;GCA_000025805.1;GCF_000009045.1;GCF_000009785.1;GCF_000011245.1;GCF_000017885.4;GCF_005671335.1;GCF_006094295.1;GCF_034478925.1;GCF_034479305.1	1	0				0
center	orthogroup_886	5	10	GCA_000015785.2;GCA_000025805.1;GCF_000009045.1;GCF_000009785.1;GCF_000011245.1;GCF_000017885.4;GCF_005671335.1;GCF_006094295.1;GCF_034478925.1;GCF_034479305.1	1	1	GCF_000011245.1	7.5		0
center	orthogroup_886	6	10	GCA_000015785.2;GCA_000025805.1;GCF_000009045.1;GCF_000009785.1;GCF_000011245.1;GCF_000017885.4;GCF_005671335.1;GCF_006094295.1;GCF_034478925.1;GCF_034479305.1	1	0				0
center	orthogroup_886	7	10	GCA_000015785.2;GCA_000025805.1;GCF_000009045.1;GCF_000009785.1;GCF_000011245.1;GCF_000017885.4;GCF_005671335.1;GCF_006094295.1;GCF_034478925.1;GCF_034479305.1	1	0				0
center	orthogroup_890	1	10	GCA_000015785.2;GCA_000025805.1;GCF_000009045.1;GCF_000009785.1;GCF_000011245.1;GCF_000017885.4;GCF_005671335.1;GCF_006094295.1;GCF_034478925.1;GCF_034479305.1	1	0				0
center	orthogroup_890	2	10	GCA_000015785.2;GCA_000025805.1;GCF_000009045.1;GCF_000009785.1;GCF_000011245.1;GCF_000017885.4;GCF_005671335.1;GCF_006094295.1;GCF_034478925.1;GCF_034479305.1	1	0				0
center	orthogroup_890	3	10	GCA_000015785.2;GCA_000025805.1;GCF_000009045.1;GCF_000009785.1;GCF_000011245.1;GCF_000017885.4;GCF_005671335.1;GCF_006094295.1;GCF_034478925.1;GCF_034479305.1	1	0				0
center	orthogroup_890	4	10	GCA_000015785.2;GCA_000025805.1;GCF_000009045.1;GCF_000009785.1;GCF_000011245.1;GCF_000017885.4;GCF_005671335.1;GCF_006094295.1;GCF_034478925.1;GCF_034479305.1	1	1	GCA_000015785.2	10.5		0
center	orthogroup_893	1	10	GCA_000015785.2;GCA_000025805.1;GCF_000009045.1;GCF_000009785.1;GCF_000011245.1;GCF_000017885.4;GCF_005671335.1;GCF_006094295.1;GCF_034478925.1;GCF_034479305.1	1	1	GCF_000011245.1	-12.0		0
center	orthogroup_893	2	10	GCA_000015785.2;GCA_000025805.1;GCF_000009045.1;GCF_000009785.1;GCF_000011245.1;GCF_000017885.4;GCF_005671335.1;GCF_006094295.1;GCF_034478925.1;GCF_034479305.1	1	0				0
center	orthogroup_893	3	10	GCA_000015785.2;GCA_000025805.1;GCF_000009045.1;GCF_000009785.1;GCF_000011245.1;GCF_000017885.4;GCF_005671335.1;GCF_006094295.1;GCF_034478925.1;GCF_034479305.1	1	1	GCF_034479305.1	6.0		0
center	orthogroup_893	4	10	GCA_000015785.2;GCA_000025805.1;GCF_000009045.1;GCF_000009785.1;GCF_000011245.1;GCF_000017885.4;GCF_005671335.1;GCF_006094295.1;GCF_034478925.1;GCF_034479305.1	1	0				0
center	orthogroup_893	5	10	GCA_000015785.2;GCA_000025805.1;GCF_000009045.1;GCF_000009785.1;GCF_000011245.1;GCF_000017885.4;GCF_005671335.1;GCF_006094295.1;GCF_034478925.1;GCF_034479305.1	1	0				0
center	orthogroup_893	6	10	GCA_000015785.2;GCA_000025805.1;GCF_000009045.1;GCF_000009785.1;GCF_000011245.1;GCF_000017885.4;GCF_005671335.1;GCF_006094295.1;GCF_034478925.1;GCF_034479305.1	1	1	GCF_000009785.1	5.5		0
center	orthogroup_893	7	10	GCA_000015785.2;GCA_000025805.1;GCF_000009045.1;GCF_000009785.1;GCF_000011245.1;GCF_000017885.4;GCF_005671335.1;GCF_006094295.1;GCF_034478925.1;GCF_034479305.1	1	0				0
center	orthogroup_893	8	10	GCA_000015785.2;GCA_000025805.1;GCF_000009045.1;GCF_000009785.1;GCF_000011245.1;GCF_000017885.4;GCF_005671335.1;GCF_006094295.1;GCF_034478925.1;GCF_034479305.1	1	2	GCA_000015785.2;GCF_000009045.1	-12.0	0.5	0
center	orthogroup_893	9	10	GCA_000015785.2;GCA_000025805.1;GCF_000009045.1;GCF_000009785.1;GCF_000011245.1;GCF_000017885.4;GCF_005671335.1;GCF_006094295.1;GCF_034478925.1;GCF_034479305.1	1	0				0
center	orthogroup_895	1	10	GCA_000015785.2;GCA_000025805.1;GCF_000009045.1;GCF_000009785.1;GCF_000011245.1;GCF_000017885.4;GCF_005671335.1;GCF_006094295.1;GCF_034478925.1;GCF_034479305.1	1	1	GCF_000017885.4	-26.5		0
center	orthogroup_895	2	10	GCA_000015785.2;GCA_000025805.1;GCF_000009045.1;GCF_000009785.1;GCF_000011245.1;GCF_000017885.4;GCF_005671335.1;GCF_006094295.1;GCF_034478925.1;GCF_034479305.1	1	0				0
center	orthogroup_895	3	10	GCA_000015785.2;GCA_000025805.1;GCF_000009045.1;GCF_000009785.1;GCF_000011245.1;GCF_000017885.4;GCF_005671335.1;GCF_006094295.1;GCF_034478925.1;GCF_034479305.1	1	0				0
center	orthogroup_895	4	10	GCA_000015785.2;GCA_000025805.1;GCF_000009045.1;GCF_000009785.1;GCF_000011245.1;GCF_000017885.4;GCF_005671335.1;GCF_006094295.1;GCF_034478925.1;GCF_034479305.1	1	0				0
center	orthogroup_908	1	10	GCA_000015785.2;GCA_000025805.1;GCF_000009045.1;GCF_000009785.1;GCF_000011245.1;GCF_000017885.4;GCF_005671335.1;GCF_006094295.1;GCF_034478925.1;GCF_034479305.1	1	0				0
center	orthogroup_908	2	10	GCA_000015785.2;GCA_000025805.1;GCF_000009045.1;GCF_000009785.1;GCF_000011245.1;GCF_000017885.4;GCF_005671335.1;GCF_006094295.1;GCF_034478925.1;GCF_034479305.1	1	0				0
center	orthogroup_908	3	10	GCA_000015785.2;GCA_000025805.1;GCF_000009045.1;GCF_000009785.1;GCF_000011245.1;GCF_000017885.4;GCF_005671335.1;GCF_006094295.1;GCF_034478925.1;GCF_034479305.1	1	0				0
center	orthogroup_908	4	10	GCA_000015785.2;GCA_000025805.1;GCF_000009045.1;GCF_000009785.1;GCF_000011245.1;GCF_000017885.4;GCF_005671335.1;GCF_006094295.1;GCF_034478925.1;GCF_034479305.1	1	1	GCF_000009785.1	-3.5		0
center	orthogroup_908	5	10	GCA_000015785.2;GCA_000025805.1;GCF_000009045.1;GCF_000009785.1;GCF_000011245.1;GCF_000017885.4;GCF_005671335.1;GCF_006094295.1;GCF_034478925.1;GCF_034479305.1	1	0				0
center	orthogroup_908	6	10	GCA_000015785.2;GCA_000025805.1;GCF_000009045.1;GCF_000009785.1;GCF_000011245.1;GCF_000017885.4;GCF_005671335.1;GCF_006094295.1;GCF_034478925.1;GCF_034479305.1	1	1	GCF_000009785.1	-7.5		0
center	orthogroup_908	7	10	GCA_000015785.2;GCA_000025805.1;GCF_000009045.1;GCF_000009785.1;GCF_000011245.1;GCF_000017885.4;GCF_005671335.1;GCF_006094295.1;GCF_034478925.1;GCF_034479305.1	1	1	GCF_000009785.1	0.5		0
center	orthogroup_908	8	10	GCA_000015785.2;GCA_000025805.1;GCF_000009045.1;GCF_000009785.1;GCF_000011245.1;GCF_000017885.4;GCF_005671335.1;GCF_006094295.1;GCF_034478925.1;GCF_034479305.1	1	0				0
center	orthogroup_908	9	10	GCA_000015785.2;GCA_000025805.1;GCF_000009045.1;GCF_000009785.1;GCF_000011245.1;GCF_000017885.4;GCF_005671335.1;GCF_006094295.1;GCF_034478925.1;GCF_034479305.1	1	1	GCA_000015785.2	-12.5		0
center	orthogroup_908	10	10	GCA_000015785.2;GCA_000025805.1;GCF_000009045.1;GCF_000009785.1;GCF_000011245.1;GCF_000017885.4;GCF_005671335.1;GCF_006094295.1;GCF_034478925.1;GCF_034479305.1	1	1	GCF_000017885.4	9.0		0
center	orthogroup_924	1	10	GCA_000015785.2;GCA_000025805.1;GCF_000009045.1;GCF_000009785.1;GCF_000011245.1;GCF_000017885.4;GCF_005671335.1;GCF_006094295.1;GCF_034478925.1;GCF_034479305.1	1	0				0
center	orthogroup_924	2	10	GCA_000015785.2;GCA_000025805.1;GCF_000009045.1;GCF_000009785.1;GCF_000011245.1;GCF_000017885.4;GCF_005671335.1;GCF_006094295.1;GCF_034478925.1;GCF_034479305.1	1	1	GCF_005671335.1	-5.5		0
center	orthogroup_924	3	10	GCA_000015785.2;GCA_000025805.1;GCF_000009045.1;GCF_000009785.1;GCF_000011245.1;GCF_000017885.4;GCF_005671335.1;GCF_006094295.1;GCF_034478925.1;GCF_034479305.1	1	3	GCA_000015785.2;GCF_000009785.1;GCF_006094295.1	16.5	86.58333333333333	1
center	orthogroup_924	4	10	GCA_000015785.2;GCA_000025805.1;GCF_000009045.1;GCF_000009785.1;GCF_000011245.1;GCF_000017885.4;GCF_005671335.1;GCF_006094295.1;GCF_034478925.1;GCF_034479305.1	1	1	GCA_000025805.1	-12.5		0
center	orthogroup_924	5	10	GCA_000015785.2;GCA_000025805.1;GCF_000009045.1;GCF_000009785.1;GCF_000011245.1;GCF_000017885.4;GCF_005671335.1;GCF_006094295.1;GCF_034478925.1;GCF_034479305.1	1	0				0
center	orthogroup_925	1	10	GCA_000015785.2;GCA_000025805.1;GCF_000009045.1;GCF_000009785.1;GCF_000011245.1;GCF_000017885.4;GCF_005671335.1;GCF_006094295.1;GCF_034478925.1;GCF_034479305.1	1	0				0
center	orthogroup_925	2	10	GCA_000015785.2;GCA_000025805.1;GCF_000009045.1;GCF_000009785.1;GCF_000011245.1;GCF_000017885.4;GCF_005671335.1;GCF_006094295.1;GCF_034478925.1;GCF_034479305.1	1	1	GCF_006094295.1	7.0		0
center	orthogroup_925	3	10	GCA_000015785.2;GCA_000025805.1;GCF_000009045.1;GCF_000009785.1;GCF_000011245.1;GCF_000017885.4;GCF_005671335.1;GCF_006094295.1;GCF_034478925.1;GCF_034479305.1	1	0				0
center	orthogroup_925	4	10	GCA_000015785.2;GCA_000025805.1;GCF_000009045.1;GCF_000009785.1;GCF_000011245.1;GCF_000017885.4;GCF_005671335.1;GCF_006094295.1;GCF_034478925.1;GCF_034479305.1	1	0				0
center	orthogroup_929	1	10	GCA_000015785.2;GCA_000025805.1;GCF_000009045.1;GCF_000009785.1;GCF_000011245.1;GCF_000017885.4;GCF_005671335.1;GCF_006094295.1;GCF_034478925.1;GCF_034479305.1	1	0				0
center	orthogroup_929	2	10	GCA_000015785.2;GCA_000025805.1;GCF_000009045.1;GCF_000009785.1;GCF_000011245.1;GCF_000017885.4;GCF_005671335.1;GCF_006094295.1;GCF_034478925.1;GCF_034479305.1	1	0				0
center	orthogroup_929	3	10	GCA_000015785.2;GCA_000025805.1;GCF_000009045.1;GCF_000009785.1;GCF_000011245.1;GCF_000017885.4;GCF_005671335.1;GCF_006094295.1;GCF_034478925.1;GCF_034479305.1	1	0				0
center	orthogroup_929	4	10	GCA_000015785.2;GCA_000025805.1;GCF_000009045.1;GCF_000009785.1;GCF_000011245.1;GCF_000017885.4;GCF_005671335.1;GCF_006094295.1;GCF_034478925.1;GCF_034479305.1	1	0				0
center	orthogroup_929	5	10	GCA_000015785.2;GCA_000025805.1;GCF_000009045.1;GCF_000009785.1;GCF_000011245.1;GCF_000017885.4;GCF_005671335.1;GCF_006094295.1;GCF_034478925.1;GCF_034479305.1	1	1	GCA_000025805.1	8.5		0
center	orthogroup_929	6	10	GCA_000015785.2;GCA_000025805.1;GCF_000009045.1;GCF_000009785.1;GCF_000011245.1;GCF_000017885.4;GCF_005671335.1;GCF_006094295.1;GCF_034478925.1;GCF_034479305.1	1	0				0
center	orthogroup_941	1	10	GCA_000015785.2;GCA_000025805.1;GCF_000009045.1;GCF_000009785.1;GCF_000011245.1;GCF_000017885.4;GCF_005671335.1;GCF_006094295.1;GCF_034478925.1;GCF_034479305.1	1	1	GCF_000009785.1	0.5		0
center	orthogroup_941	2	10	GCA_000015785.2;GCA_000025805.1;GCF_000009045.1;GCF_000009785.1;GCF_000011245.1;GCF_000017885.4;GCF_005671335.1;GCF_006094295.1;GCF_034478925.1;GCF_034479305.1	1	2	GCF_000011245.1;GCF_000017885.4	-24.0	144.5	0
center	orthogroup_941	3	10	GCA_000015785.2;GCA_000025805.1;GCF_000009045.1;GCF_000009785.1;GCF_000011245.1;GCF_000017885.4;GCF_005671335.1;GCF_006094295.1;GCF_034478925.1;GCF_034479305.1	1	0				0
center	orthogroup_941	4	10	GCA_000015785.2;GCA_000025805.1;GCF_000009045.1;GCF_000009785.1;GCF_000011245.1;GCF_000017885.4;GCF_005671335.1;GCF_006094295.1;GCF_034478925.1;GCF_034479305.1	1	0				0
center	orthogroup_951	1	10	GCA_000015785.2;GCA_000025805.1;GCF_000009045.1;GCF_000009785.1;GCF_000011245.1;GCF_000017885.4;GCF_005671335.1;GCF_006094295.1;GCF_034478925.1;GCF_034479305.1	1	0				0
center	orthogroup_951	2	10	GCA_000015785.2;GCA_000025805.1;GCF_000009045.1;GCF_000009785.1;GCF_000011245.1;GCF_000017885.4;GCF_005671335.1;GCF_006094295.1;GCF_034478925.1;GCF_034479305.1	1	0				0
center	orthogroup_951	3	10	GCA_000015785.2;GCA_000025805.1;GCF_000009045.1;GCF_000009785.1;GCF_000011245.1;GCF_000017885.4;GCF_005671335.1;GCF_006094295.1;GCF_034478925.1;GCF_034479305.1	1	1	GCF_000009785.1	9.5		0
center	orthogroup_951	4	10	GCA_000015785.2;GCA_000025805.1;GCF_000009045.1;GCF_000009785.1;GCF_000011245.1;GCF_000017885.4;GCF_005671335.1;GCF_006094295.1;GCF_034478925.1;GCF_034479305.1	1	0				0
center	orthogroup_954	1	10	GCA_000015785.2;GCA_000025805.1;GCF_000009045.1;GCF_000009785.1;GCF_000011245.1;GCF_000017885.4;GCF_005671335.1;GCF_006094295.1;GCF_034478925.1;GCF_034479305.1	1	3	GCF_000009045.1;GCF_000011245.1;GCF_034479305.1	5.0	98.58333333333333	1
center	orthogroup_954	2	10	GCA_000015785.2;GCA_000025805.1;GCF_000009045.1;GCF_000009785.1;GCF_000011245.1;GCF_000017885.4;GCF_005671335.1;GCF_006094295.1;GCF_034478925.1;GCF_034479305.1	1	1	GCA_000025805.1	-1.0		0
center	orthogroup_954	3	10	GCA_000015785.2;GCA_000025805.1;GCF_000009045.1;GCF_000009785.1;GCF_000011245.1;GCF_000017885.4;GCF_005671335.1;GCF_006094295.1;GCF_034478925.1;GCF_034479305.1	1	0				0
center	orthogroup_954	4	10	GCA_000015785.2;GCA_000025805.1;GCF_000009045.1;GCF_000009785.1;GCF_000011245.1;GCF_000017885.4;GCF_005671335.1;GCF_006094295.1;GCF_034478925.1;GCF_034479305.1	1	0				0
center	orthogroup_954	5	10	GCA_000015785.2;GCA_000025805.1;GCF_000009045.1;GCF_000009785.1;GCF_000011245.1;GCF_000017885.4;GCF_005671335.1;GCF_006094295.1;GCF_034478925.1;GCF_034479305.1	1	1	GCA_000025805.1	5.5		0
center	orthogroup_955	1	10	GCA_000015785.2;GCA_000025805.1;GCF_000009045.1;GCF_000009785.1;GCF_000011245.1;GCF_000017885.4;GCF_005671335.1;GCF_006094295.1;GCF_034478925.1;GCF_034479305.1	1	0				0
center	orthogroup_955	2	10	GCA_000015785.2;GCA_000025805.1;GCF_000009045.1;GCF_000009785.1;GCF_000011245.1;GCF_000017885.4;GCF_005671335.1;GCF_006094295.1;GCF_034478925.1;GCF_034479305.1	1	1	GCF_000009045.1	-19.0		0
center	orthogroup_955	3	10	GCA_000015785.2;GCA_000025805.1;GCF_000009045.1;GCF_000009785.1;GCF_000011245.1;GCF_000017885.4;GCF_005671335.1;GCF_006094295.1;GCF_034478925.1;GCF_034479305.1	1	0				0
center	orthogroup_955	4	10	GCA_000015785.2;GCA_000025805.1;GCF_000009045.1;GCF_000009785.1;GCF_000011245.1;GCF_000017885.4;GCF_005671335.1;GCF_006094295.1;GCF_034478925.1;GCF_034479305.1	1	0				0
center	orthogroup_955	5	10	GCA_000015785.2;GCA_000025805.1;GCF_000009045.1;GCF_000009785.1;GCF_000011245.1;GCF_000017885.4;GCF_005671335.1;GCF_006094295.1;GCF_034478925.1;GCF_034479305.1	1	1	GCA_000015785.2	-13.5		0
center	orthogroup_955	6	10	GCA_000015785.2;GCA_000025805.1;GCF_000009045.1;GCF_000009785.1;GCF_000011245.1;GCF_000017885.4;GCF_005671335.1;GCF_006094295.1;GCF_034478925.1;GCF_034479305.1	1	1	GCA_000025805.1	-8.0		0
center	orthogroup_955	7	10	GCA_000015785.2;GCA_000025805.1;GCF_000009045.1;GCF_000009785.1;GCF_000011245.1;GCF_000017885.4;GCF_005671335.1;GCF_006094295.1;GCF_034478925.1;GCF_034479305.1	1	0				0
center	orthogroup_955	8	10	GCA_000015785.2;GCA_000025805.1;GCF_000009045.1;GCF_000009785.1;GCF_000011245.1;GCF_000017885.4;GCF_005671335.1;GCF_006094295.1;GCF_034478925.1;GCF_034479305.1	1	0				0
center	orthogroup_955	9	10	GCA_000015785.2;GCA_000025805.1;GCF_000009045.1;GCF_000009785.1;GCF_000011245.1;GCF_000017885.4;GCF_005671335.1;GCF_006094295.1;GCF_034478925.1;GCF_034479305.1	1	0				0
center	orthogroup_955	10	10	GCA_000015785.2;GCA_000025805.1;GCF_000009045.1;GCF_000009785.1;GCF_000011245.1;GCF_000017885.4;GCF_005671335.1;GCF_006094295.1;GCF_034478925.1;GCF_034479305.1	1	0				0
center	orthogroup_955	11	10	GCA_000015785.2;GCA_000025805.1;GCF_000009045.1;GCF_000009785.1;GCF_000011245.1;GCF_000017885.4;GCF_005671335.1;GCF_006094295.1;GCF_034478925.1;GCF_034479305.1	1	1	GCA_000025805.1	-11.0		0
center	orthogroup_955	12	10	GCA_000015785.2;GCA_000025805.1;GCF_000009045.1;GCF_000009785.1;GCF_000011245.1;GCF_000017885.4;GCF_005671335.1;GCF_006094295.1;GCF_034478925.1;GCF_034479305.1	1	1	GCA_000025805.1	10.5		0
center	orthogroup_955	13	10	GCA_000015785.2;GCA_000025805.1;GCF_000009045.1;GCF_000009785.1;GCF_000011245.1;GCF_000017885.4;GCF_005671335.1;GCF_006094295.1;GCF_034478925.1;GCF_034479305.1	1	0				0
center	orthogroup_955	14	10	GCA_000015785.2;GCA_000025805.1;GCF_000009045.1;GCF_000009785.1;GCF_000011245.1;GCF_000017885.4;GCF_005671335.1;GCF_006094295.1;GCF_034478925.1;GCF_034479305.1	1	0				0
center	orthogroup_955	15	10	GCA_000015785.2;GCA_000025805.1;GCF_000009045.1;GCF_000009785.1;GCF_000011245.1;GCF_000017885.4;GCF_005671335.1;GCF_006094295.1;GCF_034478925.1;GCF_034479305.1	1	0				0
center	orthogroup_983	1	10	GCA_000015785.2;GCA_000025805.1;GCF_000009045.1;GCF_000009785.1;GCF_000011245.1;GCF_000017885.4;GCF_005671335.1;GCF_006094295.1;GCF_034478925.1;GCF_034479305.1	1	1	GCF_034479305.1	24.0		0
center	orthogroup_983	2	10	GCA_000015785.2;GCA_000025805.1;GCF_000009045.1;GCF_000009785.1;GCF_000011245.1;GCF_000017885.4;GCF_005671335.1;GCF_006094295.1;GCF_034478925.1;GCF_034479305.1	1	0				0
center	orthogroup_983	3	10	GCA_000015785.2;GCA_000025805.1;GCF_000009045.1;GCF_000009785.1;GCF_000011245.1;GCF_000017885.4;GCF_005671335.1;GCF_006094295.1;GCF_034478925.1;GCF_034479305.1	1	1	GCF_034478925.1	-11.5		0
center	orthogroup_983	4	10	GCA_000015785.2;GCA_000025805.1;GCF_000009045.1;GCF_000009785.1;GCF_000011245.1;GCF_000017885.4;GCF_005671335.1;GCF_006094295.1;GCF_034478925.1;GCF_034479305.1	1	1	GCF_000009785.1	8.5		0
center	orthogroup_983	5	10	GCA_000015785.2;GCA_000025805.1;GCF_000009045.1;GCF_000009785.1;GCF_000011245.1;GCF_000017885.4;GCF_005671335.1;GCF_006094295.1;GCF_034478925.1;GCF_034479305.1	1	1	GCF_000009045.1	9.0		0
