orthogroup	accession	protein_id	sequence_id	segment_index	segment_start	segment_end	segment_center	segment_length_codons	codons	weights	species_threshold
orthogroup_18	GCF_000011245.1	WP_011064435.1	orthogroup_18|GCF_000011245.1|WP_011064435.1	1	32	34	33.0	3	CAG;GCC;ACC	0.27651174;0.18014343;0.28837834	0.28935591435591435
orthogroup_18	GCF_034478925.1	WP_003178144.1	orthogroup_18|GCF_034478925.1|WP_003178144.1	1	74	76	75.0	3	CCC;GGT;GTA	0.22834145;0.37162266;0.39968959	0.4747722940055073
orthogroup_44	GCA_000015785.2	ABS72506.1	orthogroup_44|GCA_000015785.2|ABS72506.1	1	349	351	350.0	3	AGT;GAG;GGG	0.37357326;0.42362407;0.43273290	0.4410747301246496
orthogroup_44	GCA_000015785.2	ABS72506.1	orthogroup_44|GCA_000015785.2|ABS72506.1	2	487	489	488.0	3	GGG;CTA;TTG	0.43273290;0.06658913;0.44107473	0.4410747301246496
orthogroup_44	GCF_000009785.1	WP_011229565.1	orthogroup_44|GCF_000009785.1|WP_011229565.1	1	369	371	370.0	3	TCT;GCA;TTA	0.25783503;0.23043393;0.34382657	0.36053342944674716
orthogroup_44	GCF_000009785.1	WP_011229565.1	orthogroup_44|GCF_000009785.1|WP_011229565.1	2	510	513	511.5	4	CGT;CTA;CGA;TTA	0.27060748;0.10505717;0.21214196;0.34382657	0.36053342944674716
orthogroup_44	GCF_000011245.1	WP_011064467.1	orthogroup_44|GCF_000011245.1|WP_011064467.1	1	516	518	517.0	3	CAG;CTA;TTG	0.27651174;0.28935591;0.27360477	0.28935591435591435
orthogroup_44	GCF_000017885.4	WP_012008660.1	orthogroup_44|GCF_000017885.4|WP_012008660.1	1	192	194	193.0	3	TCC;TCC;ATA	0.38027922;0.38027922;0.17668573	0.429077812529618
orthogroup_44	GCF_000017885.4	WP_012008660.1	orthogroup_44|GCF_000017885.4|WP_012008660.1	2	209	211	210.0	3	CTC;ACT;TAC	0.42140128;0.31635050;0.41037809	0.429077812529618
orthogroup_44	GCF_005671335.1	WP_053432327.1	orthogroup_44|GCF_005671335.1|WP_053432327.1	1	127	129	128.0	3	CTG;CAG;ACC	0.30194262;0.45428638;0.46961573	0.49402271368798567
orthogroup_44	GCF_034479305.1	WP_169715914.1	orthogroup_44|GCF_034479305.1|WP_169715914.1	1	74	76	75.0	3	GAG;AAG;AAG	0.40958926;0.39557749;0.39557749	0.40958926285117214
orthogroup_48	GCF_000009045.1	NP_387942.1	orthogroup_48|GCF_000009045.1|NP_387942.1	1	193	195	194.0	3	AAG;AAG;AAG	0.42518356;0.42518356;0.42518356	0.46799832670989333
orthogroup_48	GCF_000009045.1	NP_387942.1	orthogroup_48|GCF_000009045.1|NP_387942.1	2	199	201	200.0	3	ATA;ACC;ATA	0.25380079;0.38553340;0.25380079	0.46799832670989333
orthogroup_48	GCF_000011245.1	WP_011064471.1	orthogroup_48|GCF_000011245.1|WP_011064471.1	1	116	118	117.0	3	CTG;CTC;CTA	0.10086873;0.08930765;0.28935591	0.28935591435591435
orthogroup_48	GCF_000011245.1	WP_011064471.1	orthogroup_48|GCF_000011245.1|WP_011064471.1	2	141	144	142.5	4	ACC;CTG;CTC;TTG	0.28837834;0.10086873;0.08930765;0.27360477	0.28935591435591435
orthogroup_48	GCF_006094295.1	WP_000059772.1	orthogroup_48|GCF_006094295.1|WP_000059772.1	1	114	116	115.0	3	CAG;CTA;CTC	0.23007068;0.21519056;0.08180876	0.3244153594456741
orthogroup_48	GCF_034478925.1	WP_011197471.1	orthogroup_48|GCF_034478925.1|WP_011197471.1	1	193	195	194.0	3	AAG;GGG;AAG	0.44083931;0.45534102;0.44083931	0.4747722940055073
orthogroup_51	GCA_000015785.2	ABS72513.1	orthogroup_51|GCA_000015785.2|ABS72513.1	1	502	504	503.0	3	GAG;AGG;GAG	0.42362407;0.38291543;0.42362407	0.4410747301246496
orthogroup_51	GCA_000015785.2	ABS72513.1	orthogroup_51|GCA_000015785.2|ABS72513.1	2	551	553	552.0	3	GAG;AGT;GAG	0.42362407;0.37357326;0.42362407	0.4410747301246496
orthogroup_51	GCF_000009785.1	WP_011229572.1	orthogroup_51|GCF_000009785.1|WP_011229572.1	1	415	417	416.0	3	CGT;ACA;ACC	0.27060748;0.32358984;0.36053343	0.36053342944674716
orthogroup_51	GCF_000011245.1	WP_011064476.1	orthogroup_51|GCF_000011245.1|WP_011064476.1	1	122	124	123.0	3	TTG;GTC;TTG	0.27360477;0.24510152;0.27360477	0.28935591435591435
orthogroup_51	GCF_000011245.1	WP_011064476.1	orthogroup_51|GCF_000011245.1|WP_011064476.1	2	346	348	347.0	3	GTC;ACC;GCC	0.24510152;0.28837834;0.18014343	0.28935591435591435
orthogroup_51	GCF_000011245.1	WP_011064476.1	orthogroup_51|GCF_000011245.1|WP_011064476.1	3	389	391	390.0	3	CAG;GTC;ACC	0.27651174;0.24510152;0.28837834	0.28935591435591435
orthogroup_51	GCF_000011245.1	WP_011064476.1	orthogroup_51|GCF_000011245.1|WP_011064476.1	4	477	479	478.0	3	GAC;CAG;CTA	0.22671253;0.27651174;0.28935591	0.28935591435591435
orthogroup_51	GCF_005671335.1	WP_010896262.1	orthogroup_51|GCF_005671335.1|WP_010896262.1	1	112	115	113.5	4	TTC;CTC;CTC;TTC	0.39353774;0.49402271;0.49402271;0.39353774	0.49402271368798567
orthogroup_51	GCF_005671335.1	WP_010896262.1	orthogroup_51|GCF_005671335.1|WP_010896262.1	2	470	472	471.0	3	CTG;AGG;CAC	0.30194262;0.29647075;0.47170759	0.49402271368798567
orthogroup_67	GCA_000015785.2	ABS72537.1	orthogroup_67|GCA_000015785.2|ABS72537.1	1	358	360	359.0	3	AAG;CCC;AAG	0.36599318;0.21616520;0.36599318	0.4410747301246496
orthogroup_67	GCF_000009045.1	NP_387970.1	orthogroup_67|GCF_000009045.1|NP_387970.1	1	122	124	123.0	3	TTC;TTC;CTC	0.46012286;0.46012286;0.46799833	0.46799832670989333
orthogroup_67	GCF_000009785.1	WP_011229595.1	orthogroup_67|GCF_000009785.1|WP_011229595.1	1	347	349	348.0	3	ACA;TCT;GCA	0.32358984;0.25783503;0.23043393	0.36053342944674716
orthogroup_67	GCF_000017885.4	WP_012008687.1	orthogroup_67|GCF_000017885.4|WP_012008687.1	1	32	34	33.0	3	AAG;GAC;ATA	0.42907781;0.39834098;0.17668573	0.429077812529618
orthogroup_67	GCF_000017885.4	WP_012008687.1	orthogroup_67|GCF_000017885.4|WP_012008687.1	2	134	136	135.0	3	AAG;AAG;AAG	0.42907781;0.42907781;0.42907781	0.429077812529618
orthogroup_109	GCA_000025805.1	ADF37095.1	orthogroup_109|GCA_000025805.1|ADF37095.1	1	81	83	82.0	3	TCC;ATC;ATC	0.29219871;0.29583655;0.29583655	0.2958365547060676
orthogroup_109	GCA_000025805.1	ADF37095.1	orthogroup_109|GCA_000025805.1|ADF37095.1	2	384	386	385.0	3	CTG;TTC;ATC	0.28007154;0.26081839;0.29583655	0.2958365547060676
orthogroup_109	GCF_000009045.1	NP_388017.1	orthogroup_109|GCF_000009045.1|NP_388017.1	1	19	21	20.0	3	ATA;TTC;ACT	0.25380079;0.46012286;0.39153689	0.46799832670989333
orthogroup_109	GCF_000011245.1	WP_011064542.1	orthogroup_109|GCF_000011245.1|WP_011064542.1	1	85	87	86.0	3	CAG;CTA;CTG	0.27651174;0.28935591;0.10086873	0.28935591435591435
orthogroup_109	GCF_005671335.1	WP_053432309.1	orthogroup_109|GCF_005671335.1|WP_053432309.1	1	20	23	21.5	4	TTC;ACC;CTG;CTC	0.39353774;0.46961573;0.30194262;0.49402271	0.49402271368798567
orthogroup_109	GCF_006094295.1	WP_000490117.1	orthogroup_109|GCF_006094295.1|WP_000490117.1	1	81	83	82.0	3	TCC;ATC;ATC	0.19825436;0.25563939;0.25563939	0.3244153594456741
orthogroup_109	GCF_034478925.1	WP_003178368.1	orthogroup_109|GCF_034478925.1|WP_003178368.1	1	155	157	156.0	3	GTA;CTA;ACT	0.39968959;0.12093232;0.29864196	0.4747722940055073
orthogroup_109	GCF_034479305.1	WP_094424296.1	orthogroup_109|GCF_034479305.1|WP_094424296.1	1	33	35	34.0	3	TTC;ATA;CCC	0.30610071;0.19148197;0.24407013	0.40958926285117214
orthogroup_124	GCF_000009785.1	WP_011229659.1	orthogroup_124|GCF_000009785.1|WP_011229659.1	1	178	181	179.5	4	CCT;TTA;TTA;GTA	0.14182507;0.34382657;0.34382657;0.18831104	0.36053342944674716
orthogroup_124	GCF_006094295.1	WP_001088527.1	orthogroup_124|GCF_006094295.1|WP_001088527.1	1	90	92	91.0	3	GTC;CAG;CTC	0.18177892;0.23007068;0.08180876	0.3244153594456741
orthogroup_126	GCF_000009045.1	NP_388056.2	orthogroup_126|GCF_000009045.1|NP_388056.2	1	148	150	149.0	3	ATA;CCA;CTA	0.25380079;0.43907670;0.21222896	0.46799832670989333
orthogroup_126	GCF_000009785.1	WP_011229664.1	orthogroup_126|GCF_000009785.1|WP_011229664.1	1	188	190	189.0	3	TTA;CCA;TTA	0.34382657;0.23136003;0.34382657	0.36053342944674716
orthogroup_126	GCF_000009785.1	WP_011229664.1	orthogroup_126|GCF_000009785.1|WP_011229664.1	2	260	262	261.0	3	CCC;GCT;TCT	0.12453532;0.29677880;0.25783503	0.36053342944674716
orthogroup_126	GCF_000011245.1	WP_011064631.1	orthogroup_126|GCF_000011245.1|WP_011064631.1	1	267	269	268.0	3	CGG;AGG;ACC	0.17533040;0.22951542;0.28837834	0.28935591435591435
orthogroup_126	GCF_000017885.4	WP_012008741.1	orthogroup_126|GCF_000017885.4|WP_012008741.1	1	261	263	262.0	3	TCC;TCG;ACC	0.38027922;0.34523045;0.32296296	0.429077812529618
orthogroup_126	GCF_005671335.1	WP_010896447.1	orthogroup_126|GCF_005671335.1|WP_010896447.1	1	16	18	17.0	3	ATA;CTC;GAC	0.18129014;0.49402271;0.47079747	0.49402271368798567
orthogroup_126	GCF_005671335.1	WP_010896447.1	orthogroup_126|GCF_005671335.1|WP_010896447.1	2	240	242	241.0	3	GAC;CTA;GAC	0.47079747;0.41347878;0.47079747	0.49402271368798567
orthogroup_136	GCF_034479305.1	WP_094423754.1	orthogroup_136|GCF_034479305.1|WP_094423754.1	1	184	186	185.0	3	TTC;CTA;CTA	0.30610071;0.38584037;0.38584037	0.40958926285117214
orthogroup_151	GCA_000025805.1	ADF37174.1	orthogroup_151|GCA_000025805.1|ADF37174.1	1	9	11	10.0	3	ATC;CTC;ACC	0.29583655;0.13076672;0.27834060	0.2958365547060676
orthogroup_151	GCA_000025805.1	ADF37174.1	orthogroup_151|GCA_000025805.1|ADF37174.1	2	62	64	63.0	3	CTG;CTG;CTG	0.28007154;0.28007154;0.28007154	0.2958365547060676
orthogroup_151	GCF_005671335.1	WP_053432278.1	orthogroup_151|GCF_005671335.1|WP_053432278.1	1	169	172	170.5	4	CTC;GAC;TTC;ACC	0.49402271;0.47079747;0.39353774;0.46961573	0.49402271368798567
orthogroup_151	GCF_034479305.1	WP_094423683.1	orthogroup_151|GCF_034479305.1|WP_094423683.1	1	16	18	17.0	3	CAG;ACT;GGT	0.40536731;0.39482680;0.39594251	0.40958926285117214
orthogroup_151	GCF_034479305.1	WP_094423683.1	orthogroup_151|GCF_034479305.1|WP_094423683.1	2	230	232	231.0	3	GAG;CAG;CAG	0.40958926;0.40536731;0.40536731	0.40958926285117214
orthogroup_156	GCF_000009785.1	WP_011229762.1	orthogroup_156|GCF_000009785.1|WP_011229762.1	1	9	11	10.0	3	TTA;TCT;ACC	0.34382657;0.25783503;0.36053343	0.36053342944674716
orthogroup_156	GCF_000009785.1	WP_011229762.1	orthogroup_156|GCF_000009785.1|WP_011229762.1	2	238	242	240.0	5	TCA;CCT;TCT;CCT;GGT	0.32045120;0.14182507;0.25783503;0.14182507;0.21152665	0.36053342944674716
orthogroup_156	GCF_000011245.1	WP_011065123.1	orthogroup_156|GCF_000011245.1|WP_011065123.1	1	489	491	490.0	3	GTC;TTG;TTG	0.24510152;0.27360477;0.27360477	0.28935591435591435
orthogroup_156	GCF_000017885.4	WP_012009092.1	orthogroup_156|GCF_000017885.4|WP_012009092.1	1	301	303	302.0	3	ACT;CGG;CTA	0.31635050;0.34625054;0.36742491	0.429077812529618
orthogroup_156	GCF_000017885.4	WP_012009092.1	orthogroup_156|GCF_000017885.4|WP_012009092.1	2	436	438	437.0	3	TAC;GAC;AAG	0.41037809;0.39834098;0.42907781	0.429077812529618
orthogroup_156	GCF_005671335.1	WP_053432245.1	orthogroup_156|GCF_005671335.1|WP_053432245.1	1	28	30	29.0	3	CTC;CCC;CTG	0.49402271;0.23500851;0.30194262	0.49402271368798567
orthogroup_156	GCF_005671335.1	WP_053432245.1	orthogroup_156|GCF_005671335.1|WP_053432245.1	2	346	348	347.0	3	CAG;CTC;GAC	0.45428638;0.49402271;0.47079747	0.49402271368798567
orthogroup_156	GCF_005671335.1	WP_053432245.1	orthogroup_156|GCF_005671335.1|WP_053432245.1	3	409	411	410.0	3	CAG;CTC;CCC	0.45428638;0.49402271;0.23500851	0.49402271368798567
orthogroup_156	GCF_005671335.1	WP_053432245.1	orthogroup_156|GCF_005671335.1|WP_053432245.1	4	467	469	468.0	3	CAG;TTC;CTC	0.45428638;0.39353774;0.49402271	0.49402271368798567
orthogroup_156	GCF_006094295.1	WP_000631786.1	orthogroup_156|GCF_006094295.1|WP_000631786.1	1	100	102	101.0	3	TCC;TCC;CTA	0.19825436;0.19825436;0.21519056	0.3244153594456741
orthogroup_156	GCF_034478925.1	WP_003179513.1	orthogroup_156|GCF_034478925.1|WP_003179513.1	1	599	601	600.0	3	GAG;AAG;CCC	0.42100751;0.44083931;0.22834145	0.4747722940055073
orthogroup_156	GCF_034479305.1	WP_094423639.1	orthogroup_156|GCF_034479305.1|WP_094423639.1	1	326	328	327.0	3	GAG;CAG;CAG	0.40958926;0.40536731;0.40536731	0.40958926285117214
orthogroup_156	GCF_034479305.1	WP_094423639.1	orthogroup_156|GCF_034479305.1|WP_094423639.1	2	701	704	702.5	4	GAG;CTA;ACC;GAG	0.40958926;0.38584037;0.36675782;0.40958926	0.40958926285117214
orthogroup_158	GCA_000025805.1	ADF37181.1	orthogroup_158|GCA_000025805.1|ADF37181.1	1	430	434	432.0	5	ATC;ATC;TTC;ATA;CTC	0.29583655;0.29583655;0.26081839;0.20119978;0.13076672	0.2958365547060676
orthogroup_158	GCF_000009785.1	WP_011229764.1	orthogroup_158|GCF_000009785.1|WP_011229764.1	1	233	235	234.0	3	TCA;CCA;ACC	0.32045120;0.23136003;0.36053343	0.36053342944674716
orthogroup_158	GCF_000017885.4	WP_003214014.1	orthogroup_158|GCF_000017885.4|WP_003214014.1	1	139	141	140.0	3	CTA;AAG;CTA	0.36742491;0.42907781;0.36742491	0.429077812529618
orthogroup_158	GCF_005671335.1	WP_053432243.1	orthogroup_158|GCF_005671335.1|WP_053432243.1	1	61	63	62.0	3	ACC;CTC;ATA	0.46961573;0.49402271;0.18129014	0.49402271368798567
orthogroup_190	GCA_000015785.2	ABS73255.1	orthogroup_190|GCA_000015785.2|ABS73255.1	1	49	51	50.0	3	ATA;TTG;AAG	0.25758834;0.44107473;0.36599318	0.4410747301246496
orthogroup_190	GCA_000015785.2	ABS73255.1	orthogroup_190|GCA_000015785.2|ABS73255.1	2	182	185	183.5	4	ATA;AAG;CGA;AGG	0.25758834;0.36599318;0.25371866;0.38291543	0.4410747301246496
orthogroup_190	GCF_000011245.1	WP_011065301.1	orthogroup_190|GCF_000011245.1|WP_011065301.1	1	60	62	61.0	3	CGC;CAC;CAC	0.26555066;0.24157271;0.24157271	0.28935591435591435
orthogroup_190	GCF_000011245.1	WP_011065301.1	orthogroup_190|GCF_000011245.1|WP_011065301.1	2	170	172	171.0	3	CTA;TAC;TAC	0.28935591;0.25820824;0.25820824	0.28935591435591435
orthogroup_190	GCF_000017885.4	WP_012009332.1	orthogroup_190|GCF_000017885.4|WP_012009332.1	1	124	126	125.0	3	TCG;AAG;AAG	0.34523045;0.42907781;0.42907781	0.429077812529618
orthogroup_190	GCF_006094295.1	WP_000379111.1	orthogroup_190|GCF_006094295.1|WP_000379111.1	1	296	299	297.5	4	CAG;CTC;GAC;CAC	0.23007068;0.08180876;0.23080142;0.28769370	0.3244153594456741
orthogroup_190	GCF_034479305.1	WP_094429013.1	orthogroup_190|GCF_034479305.1|WP_094429013.1	1	178	180	179.0	3	GAG;AAG;AGA	0.40958926;0.39557749;0.40098849	0.40958926285117214
orthogroup_203	GCF_000009785.1	WP_011230856.1	orthogroup_203|GCF_000009785.1|WP_011230856.1	1	248	250	249.0	3	GCA;ACC;GCA	0.23043393;0.36053343;0.23043393	0.36053342944674716
orthogroup_210	GCF_005671335.1	WP_053431618.1	orthogroup_210|GCF_005671335.1|WP_053431618.1	1	37	39	38.0	3	CTC;CTC;TTC	0.49402271;0.49402271;0.39353774	0.49402271368798567
orthogroup_210	GCF_005671335.1	WP_053431618.1	orthogroup_210|GCF_005671335.1|WP_053431618.1	2	70	72	71.0	3	CTG;CTC;ACC	0.30194262;0.49402271;0.46961573	0.49402271368798567
orthogroup_210	GCF_006094295.1	WP_001089155.1	orthogroup_210|GCF_006094295.1|WP_001089155.1	1	287	289	288.0	3	CGC;CTG;CTC	0.32441536;0.06545239;0.08180876	0.3244153594456741
orthogroup_245	GCA_000015785.2	ABS73729.1	orthogroup_245|GCA_000015785.2|ABS73729.1	1	138	142	140.0	5	GGG;ATA;CCC;ACT;TTG	0.43273290;0.25758834;0.21616520;0.28803412;0.44107473	0.4410747301246496
orthogroup_245	GCF_000009045.1	NP_389272.1	orthogroup_245|GCF_000009045.1|NP_389272.1	1	379	381	380.0	3	TTC;CTA;TTC	0.46012286;0.21222896;0.46012286	0.46799832670989333
orthogroup_245	GCF_000009785.1	WP_011230492.1	orthogroup_245|GCF_000009785.1|WP_011230492.1	1	45	47	46.0	3	CCC;GCA;TTA	0.12453532;0.23043393;0.34382657	0.36053342944674716
orthogroup_245	GCF_000011245.1	WP_011066279.1	orthogroup_245|GCF_000011245.1|WP_011066279.1	1	28	30	29.0	3	TTG;TTG;CTA	0.27360477;0.27360477;0.28935591	0.28935591435591435
orthogroup_245	GCF_005671335.1	WP_053432549.1	orthogroup_245|GCF_005671335.1|WP_053432549.1	1	628	630	629.0	3	TTC;GAC;CTA	0.39353774;0.47079747;0.41347878	0.49402271368798567
orthogroup_245	GCF_034478925.1	WP_003181245.1	orthogroup_245|GCF_034478925.1|WP_003181245.1	1	518	520	519.0	3	CCT;CGT;CCT	0.47477229;0.45148676;0.47477229	0.4747722940055073
orthogroup_255	GCA_000015785.2	ABS73777.1	orthogroup_255|GCA_000015785.2|ABS73777.1	1	2	5	3.5	4	AAG;ATA;ACT;GAG	0.36599318;0.25758834;0.28803412;0.42362407	0.4410747301246496
orthogroup_255	GCA_000025805.1	ADF38941.1	orthogroup_255|GCA_000025805.1|ADF38941.1	1	99	101	100.0	3	CTA;TTC;TTC	0.28982135;0.26081839;0.26081839	0.2958365547060676
orthogroup_255	GCF_000009045.1	NP_389323.1	orthogroup_255|GCF_000009045.1|NP_389323.1	1	216	218	217.0	3	AAG;CTC;ACT	0.42518356;0.46799833;0.39153689	0.46799832670989333
orthogroup_255	GCF_000009045.1	NP_389323.1	orthogroup_255|GCF_000009045.1|NP_389323.1	2	586	588	587.0	3	TTC;TTC;CGA	0.46012286;0.46012286;0.37535882	0.46799832670989333
orthogroup_255	GCF_000009785.1	WP_011231328.1	orthogroup_255|GCF_000009785.1|WP_011231328.1	1	286	288	287.0	3	CGA;ACC;GGT	0.21214196;0.36053343;0.21152665	0.36053342944674716
orthogroup_255	GCF_000017885.4	WP_012009806.1	orthogroup_255|GCF_000017885.4|WP_012009806.1	1	297	299	298.0	3	TAC;AAG;CAC	0.41037809;0.42907781;0.38215245	0.429077812529618
orthogroup_255	GCF_034478925.1	WP_009328577.1	orthogroup_255|GCF_034478925.1|WP_009328577.1	1	3	7	5.0	5	ATA;ACT;GAG;CTA;CTA	0.20601792;0.29864196;0.42100751;0.12093232;0.12093232	0.4747722940055073
orthogroup_255	GCF_034478925.1	WP_009328577.1	orthogroup_255|GCF_034478925.1|WP_009328577.1	2	249	251	250.0	3	GTA;CCT;GTA	0.39968959;0.47477229;0.39968959	0.4747722940055073
orthogroup_269	GCA_000025805.1	ADF38202.1	orthogroup_269|GCA_000025805.1|ADF38202.1	1	91	93	92.0	3	ATA;CGG;CTG	0.20119978;0.18791596;0.28007154	0.2958365547060676
orthogroup_269	GCF_000009045.1	NP_389361.1	orthogroup_269|GCF_000009045.1|NP_389361.1	1	9	11	10.0	3	TCG;TTC;TTC	0.42360541;0.46012286;0.46012286	0.46799832670989333
orthogroup_269	GCF_000011245.1	WP_011065829.1	orthogroup_269|GCF_000011245.1|WP_011065829.1	1	26	28	27.0	3	CTA;GTC;CTA	0.28935591;0.24510152;0.28935591	0.28935591435591435
orthogroup_269	GCF_000011245.1	WP_011065829.1	orthogroup_269|GCF_000011245.1|WP_011065829.1	2	51	53	52.0	3	CTA;CTA;TTG	0.28935591;0.28935591;0.27360477	0.28935591435591435
orthogroup_274	GCA_000025805.1	ADF38212.1	orthogroup_274|GCA_000025805.1|ADF38212.1	1	98	100	99.0	3	TTC;TTC;CTA	0.26081839;0.26081839;0.28982135	0.2958365547060676
orthogroup_274	GCA_000025805.1	ADF38212.1	orthogroup_274|GCA_000025805.1|ADF38212.1	2	270	272	271.0	3	CTA;GAG;CTC	0.28982135;0.29139176;0.13076672	0.2958365547060676
orthogroup_274	GCA_000025805.1	ADF38212.1	orthogroup_274|GCA_000025805.1|ADF38212.1	3	282	284	283.0	3	TTC;CTA;TTC	0.26081839;0.28982135;0.26081839	0.2958365547060676
orthogroup_274	GCF_006094295.1	WP_001188743.1	orthogroup_274|GCF_006094295.1|WP_001188743.1	1	172	174	173.0	3	ATC;GTC;GTC	0.25563939;0.18177892;0.18177892	0.3244153594456741
orthogroup_274	GCF_034478925.1	WP_003181473.1	orthogroup_274|GCF_034478925.1|WP_003181473.1	1	202	204	203.0	3	CCC;GGG;AAG	0.22834145;0.45534102;0.44083931	0.4747722940055073
orthogroup_276	GCA_000015785.2	ABS73839.1	orthogroup_276|GCA_000015785.2|ABS73839.1	1	487	489	488.0	3	ATA;AAG;GGG	0.25758834;0.36599318;0.43273290	0.4410747301246496
orthogroup_276	GCF_000009785.1	WP_011230583.1	orthogroup_276|GCF_000009785.1|WP_011230583.1	1	485	487	486.0	3	ACA;ACC;GCA	0.32358984;0.36053343;0.23043393	0.36053342944674716
orthogroup_276	GCF_000017885.4	WP_012009844.1	orthogroup_276|GCF_000017885.4|WP_012009844.1	1	333	335	334.0	3	CTC;ACC;ATA	0.42140128;0.32296296;0.17668573	0.429077812529618
orthogroup_276	GCF_005671335.1	WP_010898765.1	orthogroup_276|GCF_005671335.1|WP_010898765.1	1	35	37	36.0	3	CTA;TTC;TTC	0.41347878;0.39353774;0.39353774	0.49402271368798567
orthogroup_276	GCF_005671335.1	WP_010898765.1	orthogroup_276|GCF_005671335.1|WP_010898765.1	2	383	385	384.0	3	CAC;TTC;CAC	0.47170759;0.39353774;0.47170759	0.49402271368798567
orthogroup_277	GCA_000025805.1	ADF38216.1	orthogroup_277|GCA_000025805.1|ADF38216.1	1	120	122	121.0	3	GAG;TTC;AGG	0.29139176;0.26081839;0.17806342	0.2958365547060676
orthogroup_277	GCF_005671335.1	WP_010898764.1	orthogroup_277|GCF_005671335.1|WP_010898764.1	1	31	33	32.0	3	TTC;TTC;CTC	0.39353774;0.39353774;0.49402271	0.49402271368798567
orthogroup_279	GCA_000015785.2	ABS73842.2	orthogroup_279|GCA_000015785.2|ABS73842.2	1	42	44	43.0	3	AAG;GAG;AAG	0.36599318;0.42362407;0.36599318	0.4410747301246496
orthogroup_279	GCF_000009045.1	NP_389376.1	orthogroup_279|GCF_000009045.1|NP_389376.1	1	41	43	42.0	3	CGA;ATA;ACT	0.37535882;0.25380079;0.39153689	0.46799832670989333
orthogroup_279	GCF_005671335.1	WP_010899052.1	orthogroup_279|GCF_005671335.1|WP_010899052.1	1	290	292	291.0	3	CAG;CAG;GAC	0.45428638;0.45428638;0.47079747	0.49402271368798567
orthogroup_279	GCF_034479305.1	WP_094426897.1	orthogroup_279|GCF_034479305.1|WP_094426897.1	1	33	35	34.0	3	TTC;AGG;AGG	0.30610071;0.31917799;0.31917799	0.40958926285117214
orthogroup_288	GCA_000025805.1	ADF41116.1	orthogroup_288|GCA_000025805.1|ADF41116.1	1	48	50	49.0	3	CTG;CTG;CCC	0.28007154;0.28007154;0.18626340	0.2958365547060676
orthogroup_288	GCA_000025805.1	ADF41116.1	orthogroup_288|GCA_000025805.1|ADF41116.1	2	105	107	106.0	3	TCC;CGG;CTG	0.29219871;0.18791596;0.28007154	0.2958365547060676
orthogroup_288	GCF_000009785.1	WP_011230600.1	orthogroup_288|GCF_000009785.1|WP_011230600.1	1	139	141	140.0	3	GCT;GTA;TCA	0.29677880;0.18831104;0.32045120	0.36053342944674716
orthogroup_288	GCF_000011245.1	WP_011065853.1	orthogroup_288|GCF_000011245.1|WP_011065853.1	1	119	121	120.0	3	AGG;CTA;GTC	0.22951542;0.28935591;0.24510152	0.28935591435591435
orthogroup_288	GCF_000011245.1	WP_011065853.1	orthogroup_288|GCF_000011245.1|WP_011065853.1	2	339	341	340.0	3	CTC;TTG;CTG	0.08930765;0.27360477;0.10086873	0.28935591435591435
orthogroup_288	GCF_006094295.1	WP_000273082.1	orthogroup_288|GCF_006094295.1|WP_000273082.1	1	23	25	24.0	3	CTC;CAC;CCC	0.08180876;0.28769370;0.06739956	0.3244153594456741
orthogroup_288	GCF_034478925.1	WP_003181511.1	orthogroup_288|GCF_034478925.1|WP_003181511.1	1	5	7	6.0	3	AAG;GTA;AAG	0.44083931;0.39968959;0.44083931	0.4747722940055073
orthogroup_288	GCF_034478925.1	WP_003181511.1	orthogroup_288|GCF_034478925.1|WP_003181511.1	2	180	182	181.0	3	CGA;AAG;AAG	0.28569320;0.44083931;0.44083931	0.4747722940055073
orthogroup_288	GCF_034479305.1	WP_094427337.1	orthogroup_288|GCF_034479305.1|WP_094427337.1	1	12	14	13.0	3	ACT;GGT;TTC	0.39482680;0.39594251;0.30610071	0.40958926285117214
orthogroup_299	GCA_000025805.1	ADF41096.1	orthogroup_299|GCA_000025805.1|ADF41096.1	1	158	161	159.5	4	TTC;CTC;ATC;ATC	0.26081839;0.13076672;0.29583655;0.29583655	0.2958365547060676
orthogroup_299	GCF_000017885.4	WP_003211854.1	orthogroup_299|GCF_000017885.4|WP_003211854.1	1	289	291	290.0	3	CAC;CAC;CAC	0.38215245;0.38215245;0.38215245	0.429077812529618
orthogroup_299	GCF_034479305.1	WP_094427368.1	orthogroup_299|GCF_034479305.1|WP_094427368.1	1	119	121	120.0	3	GGT;CAG;CTA	0.39594251;0.40536731;0.38584037	0.40958926285117214
orthogroup_301	GCF_000009045.1	NP_389404.1	orthogroup_301|GCF_000009045.1|NP_389404.1	1	283	285	284.0	3	CTC;CTC;TTC	0.46799833;0.46799833;0.46012286	0.46799832670989333
orthogroup_301	GCF_000009785.1	WP_011230619.1	orthogroup_301|GCF_000009785.1|WP_011230619.1	1	277	279	278.0	3	GGT;GGT;TCA	0.21152665;0.21152665;0.32045120	0.36053342944674716
orthogroup_301	GCF_000011245.1	WP_081427510.1	orthogroup_301|GCF_000011245.1|WP_081427510.1	1	70	72	71.0	3	CCC;TAC;TAC	0.11519740;0.25820824;0.25820824	0.28935591435591435
orthogroup_301	GCF_006094295.1	WP_000753520.1	orthogroup_301|GCF_006094295.1|WP_000753520.1	1	9	11	10.0	3	CTC;ATC;ATC	0.08180876;0.25563939;0.25563939	0.3244153594456741
orthogroup_305	GCF_000011245.1	WP_011065875.1	orthogroup_305|GCF_000011245.1|WP_011065875.1	1	33	35	34.0	3	CTA;TTG;AGG	0.28935591;0.27360477;0.22951542	0.28935591435591435
orthogroup_305	GCF_000017885.4	WP_012009877.1	orthogroup_305|GCF_000017885.4|WP_012009877.1	1	214	216	215.0	3	ATA;GAC;CTC	0.17668573;0.39834098;0.42140128	0.429077812529618
orthogroup_305	GCF_005671335.1	WP_053430909.1	orthogroup_305|GCF_005671335.1|WP_053430909.1	1	31	33	32.0	3	TTC;CAG;CAG	0.39353774;0.45428638;0.45428638	0.49402271368798567
orthogroup_315	GCA_000015785.2	ABS73891.1	orthogroup_315|GCA_000015785.2|ABS73891.1	1	150	152	151.0	3	AAG;AAG;GAG	0.36599318;0.36599318;0.42362407	0.4410747301246496
orthogroup_315	GCF_000009785.1	WP_081430696.1	orthogroup_315|GCF_000009785.1|WP_081430696.1	1	2	4	3.0	3	AGA;AGG;ACA	0.11765377;0.08436989;0.32358984	0.36053342944674716
orthogroup_315	GCF_000017885.4	WP_012009890.1	orthogroup_315|GCF_000017885.4|WP_012009890.1	1	81	83	82.0	3	AAG;GAC;AAG	0.42907781;0.39834098;0.42907781	0.429077812529618
orthogroup_315	GCF_005671335.1	WP_053430917.1	orthogroup_315|GCF_005671335.1|WP_053430917.1	1	122	125	123.5	4	TTC;CCC;ATA;TTC	0.39353774;0.23500851;0.18129014;0.39353774	0.49402271368798567
orthogroup_315	GCF_034478925.1	WP_009328542.1	orthogroup_315|GCF_034478925.1|WP_009328542.1	1	174	178	176.0	5	AAG;AAG;AAG;AAG;GAG	0.44083931;0.44083931;0.44083931;0.44083931;0.42100751	0.4747722940055073
orthogroup_318	GCA_000025805.1	ADF41074.1	orthogroup_318|GCA_000025805.1|ADF41074.1	1	60	62	61.0	3	TTC;CTG;CTC	0.26081839;0.28007154;0.13076672	0.2958365547060676
orthogroup_318	GCF_006094295.1	WP_000435928.1	orthogroup_318|GCF_006094295.1|WP_000435928.1	1	411	413	412.0	3	CTA;CTA;CTA	0.21519056;0.21519056;0.21519056	0.3244153594456741
orthogroup_318	GCF_034478925.1	WP_003181617.1	orthogroup_318|GCF_034478925.1|WP_003181617.1	1	271	274	272.5	4	AAG;AAG;CCC;GGG	0.44083931;0.44083931;0.22834145;0.45534102	0.4747722940055073
orthogroup_329	GCA_000015785.2	ABS73911.1	orthogroup_329|GCA_000015785.2|ABS73911.1	1	876	878	877.0	3	ATA;CCT;ACT	0.25758834;0.36125130;0.28803412	0.4410747301246496
orthogroup_329	GCF_005671335.1	WP_010898666.1	orthogroup_329|GCF_005671335.1|WP_010898666.1	1	181	183	182.0	3	CAG;ACC;GAC	0.45428638;0.46961573;0.47079747	0.49402271368798567
orthogroup_329	GCF_005671335.1	WP_010898666.1	orthogroup_329|GCF_005671335.1|WP_010898666.1	2	607	609	608.0	3	AGG;CTA;ACC	0.29647075;0.41347878;0.46961573	0.49402271368798567
orthogroup_329	GCF_034478925.1	WP_003181653.1	orthogroup_329|GCF_034478925.1|WP_003181653.1	1	345	347	346.0	3	GGG;AAG;ATA	0.45534102;0.44083931;0.20601792	0.4747722940055073
orthogroup_329	GCF_034479305.1	WP_094429276.1	orthogroup_329|GCF_034479305.1|WP_094429276.1	1	891	894	892.5	4	GGT;TTC;CAG;CTA	0.39594251;0.30610071;0.40536731;0.38584037	0.40958926285117214
orthogroup_377	GCF_000009045.1	NP_389517.1	orthogroup_377|GCF_000009045.1|NP_389517.1	1	17	19	18.0	3	AGT;TCG;ACT	0.44714513;0.42360541;0.39153689	0.46799832670989333
orthogroup_377	GCF_000017885.4	WP_007499580.1	orthogroup_377|GCF_000017885.4|WP_007499580.1	1	195	197	196.0	3	ATA;TCG;CTC	0.17668573;0.34523045;0.42140128	0.429077812529618
orthogroup_377	GCF_006094295.1	WP_001220582.1	orthogroup_377|GCF_006094295.1|WP_001220582.1	1	243	245	244.0	3	ATC;GTC;GAC	0.25563939;0.18177892;0.23080142	0.3244153594456741
orthogroup_379	GCA_000015785.2	ABS73985.1	orthogroup_379|GCA_000015785.2|ABS73985.1	1	182	184	183.0	3	TTG;ACT;CCT	0.44107473;0.28803412;0.36125130	0.4410747301246496
orthogroup_379	GCF_000017885.4	WP_012009968.1	orthogroup_379|GCF_000017885.4|WP_012009968.1	1	98	100	99.0	3	CTC;CTC;CTC	0.42140128;0.42140128;0.42140128	0.429077812529618
orthogroup_379	GCF_034479305.1	WP_094427569.1	orthogroup_379|GCF_034479305.1|WP_094427569.1	1	24	27	25.5	4	AGG;CAG;GAG;ACC	0.31917799;0.40536731;0.40958926;0.36675782	0.40958926285117214
orthogroup_380	GCA_000025805.1	ADF40991.1	orthogroup_380|GCA_000025805.1|ADF40991.1	1	413	416	414.5	4	GAG;CTG;CTG;CTC	0.29139176;0.28007154;0.28007154;0.13076672	0.2958365547060676
orthogroup_380	GCF_000009785.1	WP_011230738.1	orthogroup_380|GCF_000009785.1|WP_011230738.1	1	77	79	78.0	3	TCA;ACC;ACC	0.32045120;0.36053343;0.36053343	0.36053342944674716
orthogroup_380	GCF_000011245.1	WP_011065975.1	orthogroup_380|GCF_000011245.1|WP_011065975.1	1	494	496	495.0	3	GAC;CAC;TTG	0.22671253;0.24157271;0.27360477	0.28935591435591435
orthogroup_380	GCF_005671335.1	WP_138090556.1	orthogroup_380|GCF_005671335.1|WP_138090556.1	1	134	137	135.5	4	TTC;ACC;CTC;GAC	0.39353774;0.46961573;0.49402271;0.47079747	0.49402271368798567
orthogroup_380	GCF_034478925.1	WP_003181808.1	orthogroup_380|GCF_034478925.1|WP_003181808.1	1	164	166	165.0	3	CGT;GAG;AAG	0.45148676;0.42100751;0.44083931	0.4747722940055073
orthogroup_386	GCF_000009045.1	NP_389536.1	orthogroup_386|GCF_000009045.1|NP_389536.1	1	29	31	30.0	3	TTC;ACC;ATA	0.46012286;0.38553340;0.25380079	0.46799832670989333
orthogroup_386	GCF_000009785.1	WP_011230754.1	orthogroup_386|GCF_000009785.1|WP_011230754.1	1	27	30	28.5	4	ATA;ATA;GTA;ACA	0.08529127;0.08529127;0.18831104;0.32358984	0.36053342944674716
orthogroup_386	GCF_000017885.4	WP_041815514.1	orthogroup_386|GCF_000017885.4|WP_041815514.1	1	46	48	47.0	3	AAG;ATA;TCG	0.42907781;0.17668573;0.34523045	0.429077812529618
orthogroup_386	GCF_000017885.4	WP_041815514.1	orthogroup_386|GCF_000017885.4|WP_041815514.1	2	144	146	145.0	3	TCC;ACT;GAC	0.38027922;0.31635050;0.39834098	0.429077812529618
orthogroup_386	GCF_005671335.1	WP_138090549.1	orthogroup_386|GCF_005671335.1|WP_138090549.1	1	64	66	65.0	3	CTG;CTC;CTG	0.30194262;0.49402271;0.30194262	0.49402271368798567
orthogroup_386	GCF_034478925.1	WP_011197978.1	orthogroup_386|GCF_034478925.1|WP_011197978.1	1	33	35	34.0	3	ATA;GGT;ATA	0.20601792;0.37162266;0.20601792	0.4747722940055073
orthogroup_407	GCA_000015785.2	ABS74028.1	orthogroup_407|GCA_000015785.2|ABS74028.1	1	13	15	14.0	3	GAG;AGT;AAG	0.42362407;0.37357326;0.36599318	0.4410747301246496
orthogroup_407	GCA_000015785.2	ABS74028.1	orthogroup_407|GCA_000015785.2|ABS74028.1	2	75	78	76.5	4	AAG;AAG;AGT;CCA	0.36599318;0.36599318;0.37357326;0.11337982	0.4410747301246496
orthogroup_407	GCA_000015785.2	ABS74028.1	orthogroup_407|GCA_000015785.2|ABS74028.1	3	94	96	95.0	3	AGT;ATA;TTG	0.37357326;0.25758834;0.44107473	0.4410747301246496
orthogroup_407	GCF_000009785.1	WP_011230781.1	orthogroup_407|GCF_000009785.1|WP_011230781.1	1	6	8	7.0	3	CGA;AGA;AGA	0.21214196;0.11765377;0.11765377	0.36053342944674716
orthogroup_407	GCF_000009785.1	WP_011230781.1	orthogroup_407|GCF_000009785.1|WP_011230781.1	2	63	65	64.0	3	CTA;TTA;GTA	0.10505717;0.34382657;0.18831104	0.36053342944674716
orthogroup_407	GCF_000009785.1	WP_011230781.1	orthogroup_407|GCF_000009785.1|WP_011230781.1	3	628	630	629.0	3	AGT;GTA;TCA	0.19374479;0.18831104;0.32045120	0.36053342944674716
orthogroup_407	GCF_000017885.4	WP_012010009.1	orthogroup_407|GCF_000017885.4|WP_012010009.1	1	335	337	336.0	3	GAC;AAG;AAG	0.39834098;0.42907781;0.42907781	0.429077812529618
orthogroup_407	GCF_005671335.1	WP_053430977.1	orthogroup_407|GCF_005671335.1|WP_053430977.1	1	463	465	464.0	3	CCC;CAC;CTG	0.23500851;0.47170759;0.30194262	0.49402271368798567
orthogroup_407	GCF_006094295.1	WP_001118782.1	orthogroup_407|GCF_006094295.1|WP_001118782.1	1	463	465	464.0	3	GCC;CGG;CTA	0.13265747;0.09590030;0.21519056	0.3244153594456741
orthogroup_407	GCF_034478925.1	WP_011197982.1	orthogroup_407|GCF_034478925.1|WP_011197982.1	1	237	239	238.0	3	GAG;CCT;GTA	0.42100751;0.47477229;0.39968959	0.4747722940055073
orthogroup_407	GCF_034479305.1	WP_094427649.1	orthogroup_407|GCF_034479305.1|WP_094427649.1	1	106	108	107.0	3	CAG;CTA;ACT	0.40536731;0.38584037;0.39482680	0.40958926285117214
orthogroup_407	GCF_034479305.1	WP_094427649.1	orthogroup_407|GCF_034479305.1|WP_094427649.1	2	239	241	240.0	3	CAG;GAG;CTA	0.40536731;0.40958926;0.38584037	0.40958926285117214
orthogroup_407	GCF_034479305.1	WP_094427649.1	orthogroup_407|GCF_034479305.1|WP_094427649.1	3	650	652	651.0	3	AAG;CTA;CTA	0.39557749;0.38584037;0.38584037	0.40958926285117214
orthogroup_453	GCF_000011245.1	WP_011067443.1	orthogroup_453|GCF_000011245.1|WP_011067443.1	1	259	261	260.0	3	TTG;CTC;GGC	0.27360477;0.08930765;0.25715433	0.28935591435591435
orthogroup_453	GCF_005671335.1	WP_053430022.1	orthogroup_453|GCF_005671335.1|WP_053430022.1	1	232	234	233.0	3	CTA;CTG;TTC	0.41347878;0.30194262;0.39353774	0.49402271368798567
orthogroup_453	GCF_006094295.1	WP_000535539.1	orthogroup_453|GCF_006094295.1|WP_000535539.1	1	43	45	44.0	3	CAC;CGC;ATC	0.28769370;0.32441536;0.25563939	0.3244153594456741
orthogroup_453	GCF_034478925.1	WP_011198052.1	orthogroup_453|GCF_034478925.1|WP_011198052.1	1	298	300	299.0	3	GAG;AAG;GTA	0.42100751;0.44083931;0.39968959	0.4747722940055073
orthogroup_478	GCF_006094295.1	WP_000202121.1	orthogroup_478|GCF_006094295.1|WP_000202121.1	1	165	167	166.0	3	ATC;GTC;GTC	0.25563939;0.18177892;0.18177892	0.3244153594456741
orthogroup_479	GCF_005671335.1	WP_138090413.1	orthogroup_479|GCF_005671335.1|WP_138090413.1	1	15	17	16.0	3	GAC;ATA;CTA	0.47079747;0.18129014;0.41347878	0.49402271368798567
orthogroup_480	GCF_000009045.1	NP_390135.1	orthogroup_480|GCF_000009045.1|NP_390135.1	1	122	124	123.0	3	CCA;TTC;CTA	0.43907670;0.46012286;0.21222896	0.46799832670989333
orthogroup_480	GCF_000009785.1	WP_011231675.1	orthogroup_480|GCF_000009785.1|WP_011231675.1	1	203	205	204.0	3	GGT;GCT;GGT	0.21152665;0.29677880;0.21152665	0.36053342944674716
orthogroup_480	GCF_005671335.1	WP_010897836.1	orthogroup_480|GCF_005671335.1|WP_010897836.1	1	43	45	44.0	3	TTC;CTC;CTA	0.39353774;0.49402271;0.41347878	0.49402271368798567
orthogroup_480	GCF_005671335.1	WP_010897836.1	orthogroup_480|GCF_005671335.1|WP_010897836.1	2	126	128	127.0	3	CTA;GAC;ACT	0.41347878;0.47079747;0.36233650	0.49402271368798567
orthogroup_480	GCF_006094295.1	WP_000554603.1	orthogroup_480|GCF_006094295.1|WP_000554603.1	1	159	161	160.0	3	CAC;CAC;GAC	0.28769370;0.28769370;0.23080142	0.3244153594456741
orthogroup_481	GCF_005671335.1	WP_010897835.1	orthogroup_481|GCF_005671335.1|WP_010897835.1	1	197	199	198.0	3	TTC;TTC;CTA	0.39353774;0.39353774;0.41347878	0.49402271368798567
orthogroup_511	GCA_000015785.2	ABS74477.2	orthogroup_511|GCA_000015785.2|ABS74477.2	1	185	188	186.5	4	AGG;AGG;GGT;TTG	0.38291543;0.38291543;0.41481649;0.44107473	0.4410747301246496
orthogroup_511	GCA_000025805.1	ADF41176.1	orthogroup_511|GCA_000025805.1|ADF41176.1	1	46	48	47.0	3	CTG;CTC;ATC	0.28007154;0.13076672;0.29583655	0.2958365547060676
orthogroup_511	GCF_000009045.1	NP_390182.1	orthogroup_511|GCF_000009045.1|NP_390182.1	1	71	75	73.0	5	ATA;TTC;AGT;AAG;AGG	0.25380079;0.46012286;0.44714513;0.42518356;0.35594501	0.46799832670989333
orthogroup_511	GCF_005671335.1	WP_053431387.1	orthogroup_511|GCF_005671335.1|WP_053431387.1	1	98	100	99.0	3	ACT;TTC;CAC	0.36233650;0.39353774;0.47170759	0.49402271368798567
orthogroup_511	GCF_034479305.1	WP_094428275.1	orthogroup_511|GCF_034479305.1|WP_094428275.1	1	115	117	116.0	3	CTA;TTC;AGA	0.38584037;0.30610071;0.40098849	0.40958926285117214
orthogroup_516	GCA_000025805.1	ADF41185.1	orthogroup_516|GCA_000025805.1|ADF41185.1	1	49	51	50.0	3	ACC;ATC;ATC	0.27834060;0.29583655;0.29583655	0.2958365547060676
orthogroup_516	GCA_000025805.1	ADF41185.1	orthogroup_516|GCA_000025805.1|ADF41185.1	2	340	342	341.0	3	CTG;ATC;ACC	0.28007154;0.29583655;0.27834060	0.2958365547060676
orthogroup_516	GCF_000009045.1	NP_390194.2	orthogroup_516|GCF_000009045.1|NP_390194.2	1	77	79	78.0	3	TTC;ACC;ACC	0.46012286;0.38553340;0.38553340	0.46799832670989333
orthogroup_516	GCF_000009045.1	NP_390194.2	orthogroup_516|GCF_000009045.1|NP_390194.2	2	172	174	173.0	3	AAG;ACC;TTC	0.42518356;0.38553340;0.46012286	0.46799832670989333
orthogroup_516	GCF_000011245.1	WP_011066218.1	orthogroup_516|GCF_000011245.1|WP_011066218.1	1	272	274	273.0	3	TAC;CTA;TTG	0.25820824;0.28935591;0.27360477	0.28935591435591435
orthogroup_516	GCF_005671335.1	WP_010897742.1	orthogroup_516|GCF_005671335.1|WP_010897742.1	1	14	16	15.0	3	TTC;TTC;CTC	0.39353774;0.39353774;0.49402271	0.49402271368798567
orthogroup_516	GCF_034478925.1	WP_003183086.1	orthogroup_516|GCF_034478925.1|WP_003183086.1	1	35	37	36.0	3	AAG;AAG;AAG	0.44083931;0.44083931;0.44083931	0.4747722940055073
orthogroup_517	GCA_000015785.2	ABS74489.1	orthogroup_517|GCA_000015785.2|ABS74489.1	1	162	164	163.0	3	TTG;AAG;AGG	0.44107473;0.36599318;0.38291543	0.4410747301246496
orthogroup_517	GCF_000009785.1	WP_011231763.1	orthogroup_517|GCF_000009785.1|WP_011231763.1	1	552	554	553.0	3	GGT;ACA;GCT	0.21152665;0.32358984;0.29677880	0.36053342944674716
orthogroup_517	GCF_000011245.1	WP_011066219.1	orthogroup_517|GCF_000011245.1|WP_011066219.1	1	266	268	267.0	3	CAG;TAC;TAC	0.27651174;0.25820824;0.25820824	0.28935591435591435
orthogroup_517	GCF_000017885.4	WP_012010422.1	orthogroup_517|GCF_000017885.4|WP_012010422.1	1	143	145	144.0	3	CTC;GAC;CGG	0.42140128;0.39834098;0.34625054	0.429077812529618
orthogroup_517	GCF_000017885.4	WP_012010422.1	orthogroup_517|GCF_000017885.4|WP_012010422.1	2	316	318	317.0	3	AAG;CCC;AAG	0.42907781;0.14612825;0.42907781	0.429077812529618
orthogroup_517	GCF_005671335.1	WP_010897741.1	orthogroup_517|GCF_005671335.1|WP_010897741.1	1	233	235	234.0	3	TTC;TTC;CCC	0.39353774;0.39353774;0.23500851	0.49402271368798567
orthogroup_520	GCA_000015785.2	ABS74492.1	orthogroup_520|GCA_000015785.2|ABS74492.1	1	18	21	19.5	4	GGT;ATA;TTG;ATA	0.41481649;0.25758834;0.44107473;0.25758834	0.4410747301246496
orthogroup_520	GCF_000009785.1	WP_011231766.1	orthogroup_520|GCF_000009785.1|WP_011231766.1	1	23	25	24.0	3	GGT;ACA;GCA	0.21152665;0.32358984;0.23043393	0.36053342944674716
orthogroup_520	GCF_000017885.4	WP_003216139.1	orthogroup_520|GCF_000017885.4|WP_003216139.1	1	130	135	132.5	6	ACT;GAC;ACC;ACT;CTC;TAC	0.31635050;0.39834098;0.32296296;0.31635050;0.42140128;0.41037809	0.429077812529618
orthogroup_520	GCF_034478925.1	WP_003183094.1	orthogroup_520|GCF_034478925.1|WP_003183094.1	1	36	39	37.5	4	GAG;GGG;GGG;AAG	0.42100751;0.45534102;0.45534102;0.44083931	0.4747722940055073
orthogroup_521	GCA_000025805.1	ADF41190.1	orthogroup_521|GCA_000025805.1|ADF41190.1	1	8	10	9.0	3	CTG;CTG;ACC	0.28007154;0.28007154;0.27834060	0.2958365547060676
orthogroup_521	GCF_000011245.1	WP_011066223.1	orthogroup_521|GCF_000011245.1|WP_011066223.1	1	126	128	127.0	3	GAC;ACC;GCC	0.22671253;0.28837834;0.18014343	0.28935591435591435
orthogroup_521	GCF_034478925.1	WP_009327965.1	orthogroup_521|GCF_034478925.1|WP_009327965.1	1	193	195	194.0	3	AAG;AAG;GGG	0.44083931;0.44083931;0.45534102	0.4747722940055073
orthogroup_529	GCA_000025805.1	ADF41200.1	orthogroup_529|GCA_000025805.1|ADF41200.1	1	110	112	111.0	3	CTG;CTA;TTC	0.28007154;0.28982135;0.26081839	0.2958365547060676
orthogroup_529	GCA_000025805.1	ADF41200.1	orthogroup_529|GCA_000025805.1|ADF41200.1	2	348	351	349.5	4	GAG;TTC;CTG;AGG	0.29139176;0.26081839;0.28007154;0.17806342	0.2958365547060676
orthogroup_529	GCF_000009785.1	WP_011231783.1	orthogroup_529|GCF_000009785.1|WP_011231783.1	1	362	364	363.0	3	CTA;TCA;ACC	0.10505717;0.32045120;0.36053343	0.36053342944674716
orthogroup_529	GCF_000011245.1	WP_011066232.1	orthogroup_529|GCF_000011245.1|WP_011066232.1	1	165	167	166.0	3	AGG;CTA;CGG	0.22951542;0.28935591;0.17533040	0.28935591435591435
orthogroup_529	GCF_005671335.1	WP_053431423.1	orthogroup_529|GCF_005671335.1|WP_053431423.1	1	248	250	249.0	3	ACC;CAC;CTG	0.46961573;0.47170759;0.30194262	0.49402271368798567
orthogroup_529	GCF_005671335.1	WP_053431423.1	orthogroup_529|GCF_005671335.1|WP_053431423.1	2	416	418	417.0	3	CTG;ATA;CTG	0.30194262;0.18129014;0.30194262	0.49402271368798567
orthogroup_539	GCF_034479305.1	WP_094428362.1	orthogroup_539|GCF_034479305.1|WP_094428362.1	1	169	172	170.5	4	GGT;CTA;AAG;GAG	0.39594251;0.38584037;0.39557749;0.40958926	0.40958926285117214
orthogroup_544	GCA_000015785.2	ABS74586.1	orthogroup_544|GCA_000015785.2|ABS74586.1	1	173	175	174.0	3	ACT;GGT;GAG	0.28803412;0.41481649;0.42362407	0.4410747301246496
orthogroup_544	GCF_000009045.1	NP_390275.2	orthogroup_544|GCF_000009045.1|NP_390275.2	1	9	11	10.0	3	ATA;AAG;ACC	0.25380079;0.42518356;0.38553340	0.46799832670989333
orthogroup_544	GCF_000017885.4	WP_012010503.1	orthogroup_544|GCF_000017885.4|WP_012010503.1	1	125	127	126.0	3	CTA;CTA;CTC	0.36742491;0.36742491;0.42140128	0.429077812529618
orthogroup_573	GCA_000025805.1	ADF41283.1	orthogroup_573|GCA_000025805.1|ADF41283.1	1	53	55	54.0	3	GAG;CGG;CTG	0.29139176;0.18791596;0.28007154	0.2958365547060676
orthogroup_579	GCF_000011245.1	WP_011066294.1	orthogroup_579|GCF_000011245.1|WP_011066294.1	1	16	18	17.0	3	GAC;CGG;GTC	0.22671253;0.17533040;0.24510152	0.28935591435591435
orthogroup_579	GCF_006094295.1	WP_000076881.1	orthogroup_579|GCF_006094295.1|WP_000076881.1	1	71	73	72.0	3	TTG;ATC;GCC	0.19693604;0.25563939;0.13265747	0.3244153594456741
orthogroup_593	GCF_000011245.1	WP_011066312.1	orthogroup_593|GCF_000011245.1|WP_011066312.1	1	21	23	22.0	3	GTC;GGC;GAC	0.24510152;0.25715433;0.22671253	0.28935591435591435
orthogroup_593	GCF_005671335.1	WP_010898969.1	orthogroup_593|GCF_005671335.1|WP_010898969.1	1	29	31	30.0	3	CTG;CTA;TTC	0.30194262;0.41347878;0.39353774	0.49402271368798567
orthogroup_600	GCA_000015785.2	ABS74693.1	orthogroup_600|GCA_000015785.2|ABS74693.1	1	110	112	111.0	3	TTG;ATA;GGG	0.44107473;0.25758834;0.43273290	0.4410747301246496
orthogroup_600	GCF_000009045.1	NP_390380.2	orthogroup_600|GCF_000009045.1|NP_390380.2	1	178	180	179.0	3	TTC;AGT;CTC	0.46012286;0.44714513;0.46799833	0.46799832670989333
orthogroup_600	GCF_000009785.1	WP_011231936.1	orthogroup_600|GCF_000009785.1|WP_011231936.1	1	150	152	151.0	3	ACC;TCA;TCA	0.36053343;0.32045120;0.32045120	0.36053342944674716
orthogroup_600	GCF_000017885.4	WP_012010586.1	orthogroup_600|GCF_000017885.4|WP_012010586.1	1	19	21	20.0	3	CTC;CTC;CTC	0.42140128;0.42140128;0.42140128	0.429077812529618
orthogroup_600	GCF_000017885.4	WP_012010586.1	orthogroup_600|GCF_000017885.4|WP_012010586.1	2	77	79	78.0	3	ATA;GAC;CGG	0.17668573;0.39834098;0.34625054	0.429077812529618
orthogroup_617	GCF_000009045.1	NP_390409.2	orthogroup_617|GCF_000009045.1|NP_390409.2	1	12	14	13.0	3	CGA;TTC;TTC	0.37535882;0.46012286;0.46012286	0.46799832670989333
orthogroup_619	GCA_000025805.1	ADF41362.1	orthogroup_619|GCA_000025805.1|ADF41362.1	1	649	651	650.0	3	GAG;CTA;GAG	0.29139176;0.28982135;0.29139176	0.2958365547060676
orthogroup_619	GCF_000009045.1	NP_390411.1	orthogroup_619|GCF_000009045.1|NP_390411.1	1	707	709	708.0	3	ACT;AAG;AAG	0.39153689;0.42518356;0.42518356	0.46799832670989333
orthogroup_619	GCF_000017885.4	WP_371869448.1	orthogroup_619|GCF_000017885.4|WP_371869448.1	1	39	41	40.0	3	TCG;CTC;GAC	0.34523045;0.42140128;0.39834098	0.429077812529618
orthogroup_619	GCF_005671335.1	WP_053431524.1	orthogroup_619|GCF_005671335.1|WP_053431524.1	1	264	266	265.0	3	CAG;CTA;AGG	0.45428638;0.41347878;0.29647075	0.49402271368798567
orthogroup_619	GCF_005671335.1	WP_053431524.1	orthogroup_619|GCF_005671335.1|WP_053431524.1	2	352	354	353.0	3	CTG;CTC;ACT	0.30194262;0.49402271;0.36233650	0.49402271368798567
orthogroup_619	GCF_034479305.1	WP_094428546.1	orthogroup_619|GCF_034479305.1|WP_094428546.1	1	122	124	123.0	3	GAG;GAG;GAG	0.40958926;0.40958926;0.40958926	0.40958926285117214
orthogroup_636	GCA_000015785.2	ABS74747.1	orthogroup_636|GCA_000015785.2|ABS74747.1	1	689	691	690.0	3	ATA;TTG;AAG	0.25758834;0.44107473;0.36599318	0.4410747301246496
orthogroup_636	GCA_000025805.1	ADF41385.1	orthogroup_636|GCA_000025805.1|ADF41385.1	1	417	419	418.0	3	CTG;CTG;GAG	0.28007154;0.28007154;0.29139176	0.2958365547060676
orthogroup_636	GCA_000025805.1	ADF41385.1	orthogroup_636|GCA_000025805.1|ADF41385.1	2	661	663	662.0	3	CTA;TTC;ACC	0.28982135;0.26081839;0.27834060	0.2958365547060676
orthogroup_636	GCF_000009045.1	NP_390435.1	orthogroup_636|GCF_000009045.1|NP_390435.1	1	330	332	331.0	3	CTA;TCG;TTC	0.21222896;0.42360541;0.46012286	0.46799832670989333
orthogroup_636	GCF_000009785.1	WP_011231994.1	orthogroup_636|GCF_000009785.1|WP_011231994.1	1	174	176	175.0	3	CGT;CCC;ACC	0.27060748;0.12453532;0.36053343	0.36053342944674716
orthogroup_636	GCF_000009785.1	WP_011231994.1	orthogroup_636|GCF_000009785.1|WP_011231994.1	2	345	347	346.0	3	TCT;GCT;CGT	0.25783503;0.29677880;0.27060748	0.36053342944674716
orthogroup_636	GCF_000009785.1	WP_011231994.1	orthogroup_636|GCF_000009785.1|WP_011231994.1	3	568	570	569.0	3	GCT;GCT;CCC	0.29677880;0.29677880;0.12453532	0.36053342944674716
orthogroup_636	GCF_005671335.1	WP_053431535.1	orthogroup_636|GCF_005671335.1|WP_053431535.1	1	7	9	8.0	3	TTC;CTC;TTC	0.39353774;0.49402271;0.39353774	0.49402271368798567
orthogroup_636	GCF_005671335.1	WP_053431535.1	orthogroup_636|GCF_005671335.1|WP_053431535.1	2	35	37	36.0	3	CTA;CTC;CTG	0.41347878;0.49402271;0.30194262	0.49402271368798567
orthogroup_636	GCF_005671335.1	WP_053431535.1	orthogroup_636|GCF_005671335.1|WP_053431535.1	3	177	179	178.0	3	GAC;CAG;CCC	0.47079747;0.45428638;0.23500851	0.49402271368798567
orthogroup_636	GCF_005671335.1	WP_053431535.1	orthogroup_636|GCF_005671335.1|WP_053431535.1	4	332	334	333.0	3	TTC;CAG;CTC	0.39353774;0.45428638;0.49402271	0.49402271368798567
orthogroup_636	GCF_034478925.1	WP_009327865.1	orthogroup_636|GCF_034478925.1|WP_009327865.1	1	89	91	90.0	3	CCC;GTA;ATA	0.22834145;0.39968959;0.20601792	0.4747722940055073
orthogroup_636	GCF_034478925.1	WP_009327865.1	orthogroup_636|GCF_034478925.1|WP_009327865.1	2	343	345	344.0	3	AAG;GAG;ATA	0.44083931;0.42100751;0.20601792	0.4747722940055073
orthogroup_636	GCF_034478925.1	WP_009327865.1	orthogroup_636|GCF_034478925.1|WP_009327865.1	3	672	674	673.0	3	GAG;AAG;GAG	0.42100751;0.44083931;0.42100751	0.4747722940055073
orthogroup_636	GCF_034479305.1	WP_094428595.1	orthogroup_636|GCF_034479305.1|WP_094428595.1	1	604	606	605.0	3	AAG;GAG;ACT	0.39557749;0.40958926;0.39482680	0.40958926285117214
orthogroup_657	GCA_000015785.2	ABS74812.1	orthogroup_657|GCA_000015785.2|ABS74812.1	1	200	202	201.0	3	AGG;GGG;AGT	0.38291543;0.43273290;0.37357326	0.4410747301246496
orthogroup_657	GCA_000015785.2	ABS74812.1	orthogroup_657|GCA_000015785.2|ABS74812.1	2	227	229	228.0	3	GGG;CTA;ATA	0.43273290;0.06658913;0.25758834	0.4410747301246496
orthogroup_657	GCA_000025805.1	ADF41423.1	orthogroup_657|GCA_000025805.1|ADF41423.1	1	274	276	275.0	3	ATC;TCC;ATA	0.29583655;0.29219871;0.20119978	0.2958365547060676
orthogroup_657	GCF_000011245.1	WP_011066406.1	orthogroup_657|GCF_000011245.1|WP_011066406.1	1	242	244	243.0	3	CCC;TAC;GGC	0.11519740;0.25820824;0.25715433	0.28935591435591435
orthogroup_657	GCF_000011245.1	WP_011066406.1	orthogroup_657|GCF_000011245.1|WP_011066406.1	2	353	355	354.0	3	CGG;CGC;ACC	0.17533040;0.26555066;0.28837834	0.28935591435591435
orthogroup_657	GCF_000017885.4	WP_012010717.1	orthogroup_657|GCF_000017885.4|WP_012010717.1	1	198	200	199.0	3	CGG;AAG;AGG	0.34625054;0.42907781;0.25851756	0.429077812529618
orthogroup_657	GCF_005671335.1	WP_053431572.1	orthogroup_657|GCF_005671335.1|WP_053431572.1	1	289	291	290.0	3	CTC;CTC;CAG	0.49402271;0.49402271;0.45428638	0.49402271368798567
orthogroup_657	GCF_006094295.1	WP_000793128.1	orthogroup_657|GCF_006094295.1|WP_000793128.1	1	22	24	23.0	3	CTG;CTC;GTC	0.06545239;0.08180876;0.18177892	0.3244153594456741
orthogroup_672	GCA_000015785.2	ABS74838.1	orthogroup_672|GCA_000015785.2|ABS74838.1	1	55	57	56.0	3	ACT;TTG;ACT	0.28803412;0.44107473;0.28803412	0.4410747301246496
orthogroup_672	GCF_000009045.1	NP_390645.1	orthogroup_672|GCF_000009045.1|NP_390645.1	1	49	51	50.0	3	ACT;TTC;TTC	0.39153689;0.46012286;0.46012286	0.46799832670989333
orthogroup_672	GCF_000009045.1	NP_390645.1	orthogroup_672|GCF_000009045.1|NP_390645.1	2	136	138	137.0	3	ATA;TCG;AGT	0.25380079;0.42360541;0.44714513	0.46799832670989333
orthogroup_672	GCF_000009785.1	WP_011232061.1	orthogroup_672|GCF_000009785.1|WP_011232061.1	1	195	197	196.0	3	GCA;GCA;TTA	0.23043393;0.23043393;0.34382657	0.36053342944674716
orthogroup_672	GCF_000009785.1	WP_011232061.1	orthogroup_672|GCF_000009785.1|WP_011232061.1	2	407	409	408.0	3	CGT;CCA;AGT	0.27060748;0.23136003;0.19374479	0.36053342944674716
orthogroup_672	GCF_000011245.1	WP_011066424.1	orthogroup_672|GCF_000011245.1|WP_011066424.1	1	114	116	115.0	3	TTG;CTA;ACC	0.27360477;0.28935591;0.28837834	0.28935591435591435
orthogroup_672	GCF_000011245.1	WP_011066424.1	orthogroup_672|GCF_000011245.1|WP_011066424.1	2	237	239	238.0	3	CTC;CCC;ACC	0.08930765;0.11519740;0.28837834	0.28935591435591435
orthogroup_672	GCF_000011245.1	WP_011066424.1	orthogroup_672|GCF_000011245.1|WP_011066424.1	3	493	495	494.0	3	CTA;TTG;CTA	0.28935591;0.27360477;0.28935591	0.28935591435591435
orthogroup_672	GCF_000017885.4	WP_041815779.1	orthogroup_672|GCF_000017885.4|WP_041815779.1	1	296	298	297.0	3	CTC;TCC;ACT	0.42140128;0.38027922;0.31635050	0.429077812529618
orthogroup_672	GCF_006094295.1	WP_000198301.1	orthogroup_672|GCF_006094295.1|WP_000198301.1	1	162	164	163.0	3	GTC;GTC;CGC	0.18177892;0.18177892;0.32441536	0.3244153594456741
orthogroup_672	GCF_006094295.1	WP_000198301.1	orthogroup_672|GCF_006094295.1|WP_000198301.1	2	288	290	289.0	3	CTA;CCC;GCC	0.21519056;0.06739956;0.13265747	0.3244153594456741
orthogroup_684	GCF_000009045.1	NP_390675.1	orthogroup_684|GCF_000009045.1|NP_390675.1	1	117	119	118.0	3	CTC;TTC;ACC	0.46799833;0.46012286;0.38553340	0.46799832670989333
orthogroup_684	GCF_000017885.4	WP_012010761.1	orthogroup_684|GCF_000017885.4|WP_012010761.1	1	278	281	279.5	4	ACC;ACC;TCC;TCC	0.32296296;0.32296296;0.38027922;0.38027922	0.429077812529618
orthogroup_684	GCF_034479305.1	WP_094426830.1	orthogroup_684|GCF_034479305.1|WP_094426830.1	1	195	197	196.0	3	TTC;AAG;CAG	0.30610071;0.39557749;0.40536731	0.40958926285117214
orthogroup_688	GCF_000009045.1	NP_390679.1	orthogroup_688|GCF_000009045.1|NP_390679.1	1	164	166	165.0	3	AGT;CTA;AAG	0.44714513;0.21222896;0.42518356	0.46799832670989333
orthogroup_692	GCA_000025805.1	ADF41483.1	orthogroup_692|GCA_000025805.1|ADF41483.1	1	71	74	72.5	4	ATC;TCC;TTC;ATC	0.29583655;0.29219871;0.26081839;0.29583655	0.2958365547060676
orthogroup_692	GCF_000009785.1	WP_011232101.1	orthogroup_692|GCF_000009785.1|WP_011232101.1	1	79	82	80.5	4	ACA;ACC;ACC;GCT	0.32358984;0.36053343;0.36053343;0.29677880	0.36053342944674716
orthogroup_692	GCF_000017885.4	WP_012010770.1	orthogroup_692|GCF_000017885.4|WP_012010770.1	1	44	46	45.0	3	CTA;TCC;CTA	0.36742491;0.38027922;0.36742491	0.429077812529618
orthogroup_692	GCF_005671335.1	WP_053431937.1	orthogroup_692|GCF_005671335.1|WP_053431937.1	1	4	7	5.5	4	CTC;CTA;CTC;TTC	0.49402271;0.41347878;0.49402271;0.39353774	0.49402271368798567
orthogroup_692	GCF_006094295.1	WP_000495725.1	orthogroup_692|GCF_006094295.1|WP_000495725.1	1	50	53	51.5	4	CTA;ATC;CCC;ATC	0.21519056;0.25563939;0.06739956;0.25563939	0.3244153594456741
orthogroup_692	GCF_034478925.1	WP_011198164.1	orthogroup_692|GCF_034478925.1|WP_011198164.1	1	94	96	95.0	3	GAG;GGG;GAG	0.42100751;0.45534102;0.42100751	0.4747722940055073
orthogroup_700	GCF_005671335.1	WP_010899191.1	orthogroup_700|GCF_005671335.1|WP_010899191.1	1	253	255	254.0	3	CTC;ATA;CTA	0.49402271;0.18129014;0.41347878	0.49402271368798567
orthogroup_700	GCF_006094295.1	WP_000007721.1	orthogroup_700|GCF_006094295.1|WP_000007721.1	1	48	50	49.0	3	GTC;CTG;CAG	0.18177892;0.06545239;0.23007068	0.3244153594456741
orthogroup_700	GCF_034478925.1	WP_011198166.1	orthogroup_700|GCF_034478925.1|WP_011198166.1	1	165	167	166.0	3	AAG;AAG;AAG	0.44083931;0.44083931;0.44083931	0.4747722940055073
orthogroup_732	GCF_000011245.1	WP_011066520.1	orthogroup_732|GCF_000011245.1|WP_011066520.1	1	37	39	38.0	3	GTC;TTG;GCC	0.24510152;0.27360477;0.18014343	0.28935591435591435
orthogroup_738	GCF_000017885.4	WP_012010836.1	orthogroup_738|GCF_000017885.4|WP_012010836.1	1	367	369	368.0	3	CGG;ACT;CTC	0.34625054;0.31635050;0.42140128	0.429077812529618
orthogroup_738	GCF_005671335.1	WP_083445548.1	orthogroup_738|GCF_005671335.1|WP_083445548.1	1	494	496	495.0	3	CTG;CTA;ATA	0.30194262;0.41347878;0.18129014	0.49402271368798567
orthogroup_738	GCF_006094295.1	WP_000854314.1	orthogroup_738|GCF_006094295.1|WP_000854314.1	1	404	406	405.0	3	GTC;TCG;CAG	0.18177892;0.29559721;0.23007068	0.3244153594456741
orthogroup_749	GCF_000011245.1	WP_011066984.1	orthogroup_749|GCF_000011245.1|WP_011066984.1	1	48	50	49.0	3	GTC;TAC;ACC	0.24510152;0.25820824;0.28837834	0.28935591435591435
orthogroup_749	GCF_006094295.1	WP_000281747.1	orthogroup_749|GCF_006094295.1|WP_000281747.1	1	107	109	108.0	3	GCC;TCG;CTA	0.13265747;0.29559721;0.21519056	0.3244153594456741
orthogroup_749	GCF_034478925.1	WP_254926394.1	orthogroup_749|GCF_034478925.1|WP_254926394.1	1	212	214	213.0	3	CCC;GGT;ATA	0.22834145;0.37162266;0.20601792	0.4747722940055073
orthogroup_757	GCF_000009045.1	NP_390794.1	orthogroup_757|GCF_000009045.1|NP_390794.1	1	59	61	60.0	3	TTC;CCC;CGA	0.46012286;0.20442243;0.37535882	0.46799832670989333
orthogroup_757	GCF_000009045.1	NP_390794.1	orthogroup_757|GCF_000009045.1|NP_390794.1	2	310	314	312.0	5	CCC;AAG;ATA;CTA;AGT	0.20442243;0.42518356;0.25380079;0.21222896;0.44714513	0.46799832670989333
orthogroup_757	GCF_005671335.1	WP_010896641.1	orthogroup_757|GCF_005671335.1|WP_010896641.1	1	332	335	333.5	4	CTG;CAG;CTA;TTC	0.30194262;0.45428638;0.41347878;0.39353774	0.49402271368798567
orthogroup_757	GCF_034479305.1	WP_094428020.1	orthogroup_757|GCF_034479305.1|WP_094428020.1	1	216	218	217.0	3	AGA;GAG;TTC	0.40098849;0.40958926;0.30610071	0.40958926285117214
orthogroup_764	GCF_005671335.1	WP_010899313.1	orthogroup_764|GCF_005671335.1|WP_010899313.1	1	72	74	73.0	3	CTA;TTC;ACC	0.41347878;0.39353774;0.46961573	0.49402271368798567
orthogroup_795	GCF_000011245.1	WP_011066693.1	orthogroup_795|GCF_000011245.1|WP_011066693.1	1	511	514	512.5	4	GTC;TAC;CTA;CTA	0.24510152;0.25820824;0.28935591;0.28935591	0.28935591435591435
orthogroup_795	GCF_000017885.4	WP_041815845.1	orthogroup_795|GCF_000017885.4|WP_041815845.1	1	326	329	327.5	4	TAC;AAG;CTA;CTC	0.41037809;0.42907781;0.36742491;0.42140128	0.429077812529618
orthogroup_812	GCA_000025805.1	ADF39426.1	orthogroup_812|GCA_000025805.1|ADF39426.1	1	311	313	312.0	3	CTG;CTC;ATC	0.28007154;0.13076672;0.29583655	0.2958365547060676
orthogroup_812	GCF_000009785.1	WP_011229829.1	orthogroup_812|GCF_000009785.1|WP_011229829.1	1	370	372	371.0	3	TTA;TCT;GGT	0.34382657;0.25783503;0.21152665	0.36053342944674716
orthogroup_812	GCF_034478925.1	WP_003184810.1	orthogroup_812|GCF_034478925.1|WP_003184810.1	1	356	358	357.0	3	GGG;CCT;ATA	0.45534102;0.47477229;0.20601792	0.4747722940055073
orthogroup_816	GCA_000025805.1	ADF41750.1	orthogroup_816|GCA_000025805.1|ADF41750.1	1	10	12	11.0	3	ATC;TCC;ATC	0.29583655;0.29219871;0.29583655	0.2958365547060676
orthogroup_840	GCF_000009785.1	WP_011232468.1	orthogroup_840|GCF_000009785.1|WP_011232468.1	1	197	199	198.0	3	GCA;ACC;GTA	0.23043393;0.36053343;0.18831104	0.36053342944674716
orthogroup_850	GCA_000015785.2	ABS75354.1	orthogroup_850|GCA_000015785.2|ABS75354.1	1	111	113	112.0	3	CCA;AAG;CCT	0.11337982;0.36599318;0.36125130	0.4410747301246496
orthogroup_850	GCF_000009785.1	WP_011229936.1	orthogroup_850|GCF_000009785.1|WP_011229936.1	1	37	39	38.0	3	TTA;AGT;ATA	0.34382657;0.19374479;0.08529127	0.36053342944674716
orthogroup_850	GCF_000011245.1	WP_011067221.1	orthogroup_850|GCF_000011245.1|WP_011067221.1	1	49	51	50.0	3	AGG;TTG;CAC	0.22951542;0.27360477;0.24157271	0.28935591435591435
orthogroup_850	GCF_000011245.1	WP_011067221.1	orthogroup_850|GCF_000011245.1|WP_011067221.1	2	170	172	171.0	3	CGC;CAC;CTC	0.26555066;0.24157271;0.08930765	0.28935591435591435
orthogroup_850	GCF_006094295.1	WP_000716095.1	orthogroup_850|GCF_006094295.1|WP_000716095.1	1	14	16	15.0	3	CTC;CTC;ATC	0.08180876;0.08180876;0.25563939	0.3244153594456741
orthogroup_853	GCA_000025805.1	ADF38749.1	orthogroup_853|GCA_000025805.1|ADF38749.1	1	510	512	511.0	3	ACC;CCC;GAG	0.27834060;0.18626340;0.29139176	0.2958365547060676
orthogroup_853	GCF_000009045.1	NP_391230.2	orthogroup_853|GCF_000009045.1|NP_391230.2	1	137	139	138.0	3	AAG;CTA;AAG	0.42518356;0.21222896;0.42518356	0.46799832670989333
orthogroup_853	GCF_000009785.1	WP_011230403.1	orthogroup_853|GCF_000009785.1|WP_011230403.1	1	200	203	201.5	4	TTA;GCT;ACA;CCC	0.34382657;0.29677880;0.32358984;0.12453532	0.36053342944674716
orthogroup_853	GCF_000009785.1	WP_011230403.1	orthogroup_853|GCF_000009785.1|WP_011230403.1	2	698	700	699.0	3	GCT;CCA;GCT	0.29677880;0.23136003;0.29677880	0.36053342944674716
orthogroup_853	GCF_005671335.1	WP_053432279.1	orthogroup_853|GCF_005671335.1|WP_053432279.1	1	171	173	172.0	3	CCC;CTC;CTC	0.23500851;0.49402271;0.49402271	0.49402271368798567
orthogroup_853	GCF_034478925.1	WP_003185248.1	orthogroup_853|GCF_034478925.1|WP_003185248.1	1	328	330	329.0	3	AAG;CCC;GGT	0.44083931;0.22834145;0.37162266	0.4747722940055073
orthogroup_853	GCF_034478925.1	WP_003185248.1	orthogroup_853|GCF_034478925.1|WP_003185248.1	2	509	511	510.0	3	GGG;AAG;CCT	0.45534102;0.44083931;0.47477229	0.4747722940055073
orthogroup_853	GCF_034479305.1	WP_094425862.1	orthogroup_853|GCF_034479305.1|WP_094425862.1	1	802	804	803.0	3	CCC;CAG;AGA	0.24407013;0.40536731;0.40098849	0.40958926285117214
orthogroup_886	GCA_000015785.2	ABS75548.1	orthogroup_886|GCA_000015785.2|ABS75548.1	1	40	42	41.0	3	AGG;GAG;AGT	0.38291543;0.42362407;0.37357326	0.4410747301246496
orthogroup_886	GCF_000011245.1	WP_011066874.1	orthogroup_886|GCF_000011245.1|WP_011066874.1	1	198	200	199.0	3	TTG;CTC;CTA	0.27360477;0.08930765;0.28935591	0.28935591435591435
orthogroup_890	GCA_000015785.2	ABS75555.1	orthogroup_890|GCA_000015785.2|ABS75555.1	1	112	114	113.0	3	ATA;TTG;GAG	0.25758834;0.44107473;0.42362407	0.4410747301246496
orthogroup_893	GCA_000015785.2	ABS75566.1	orthogroup_893|GCA_000015785.2|ABS75566.1	1	242	244	243.0	3	ATA;AGG;ATA	0.25758834;0.38291543;0.25758834	0.4410747301246496
orthogroup_893	GCF_000009045.1	NP_391402.1	orthogroup_893|GCF_000009045.1|NP_391402.1	1	241	243	242.0	3	AGT;ATA;AGG	0.44714513;0.25380079;0.35594501	0.46799832670989333
orthogroup_893	GCF_000009785.1	WP_011232558.1	orthogroup_893|GCF_000009785.1|WP_011232558.1	1	191	193	192.0	3	CCC;GTA;TCA	0.12453532;0.18831104;0.32045120	0.36053342944674716
orthogroup_893	GCF_000011245.1	WP_011066882.1	orthogroup_893|GCF_000011245.1|WP_011066882.1	1	13	15	14.0	3	GTC;GGC;AGG	0.24510152;0.25715433;0.22951542	0.28935591435591435
orthogroup_893	GCF_034479305.1	WP_094426145.1	orthogroup_893|GCF_034479305.1|WP_094426145.1	1	92	94	93.0	3	CTA;CTA;ACT	0.38584037;0.38584037;0.39482680	0.40958926285117214
orthogroup_895	GCF_000017885.4	WP_012011409.1	orthogroup_895|GCF_000017885.4|WP_012011409.1	1	4	7	5.5	4	ACT;CTC;TCG;CGG	0.31635050;0.42140128;0.34523045;0.34625054	0.429077812529618
orthogroup_908	GCA_000015785.2	ABS75642.1	orthogroup_908|GCA_000015785.2|ABS75642.1	1	272	274	273.0	3	GGT;CGA;GGG	0.41481649;0.25371866;0.43273290	0.4410747301246496
orthogroup_908	GCF_000009785.1	WP_011232697.1	orthogroup_908|GCF_000009785.1|WP_011232697.1	1	98	100	99.0	3	TTA;TTA;GCA	0.34382657;0.34382657;0.23043393	0.36053342944674716
orthogroup_908	GCF_000009785.1	WP_011232697.1	orthogroup_908|GCF_000009785.1|WP_011232697.1	2	165	167	166.0	3	CCC;GTA;CCT	0.12453532;0.18831104;0.14182507	0.36053342944674716
orthogroup_908	GCF_000009785.1	WP_011232697.1	orthogroup_908|GCF_000009785.1|WP_011232697.1	3	222	224	223.0	3	TTA;TCT;GCT	0.34382657;0.25783503;0.29677880	0.36053342944674716
orthogroup_908	GCF_000017885.4	WP_012011497.1	orthogroup_908|GCF_000017885.4|WP_012011497.1	1	310	312	311.0	3	CTA;CTA;GAC	0.36742491;0.36742491;0.39834098	0.429077812529618
orthogroup_924	GCA_000015785.2	ABS75732.1	orthogroup_924|GCA_000015785.2|ABS75732.1	1	136	138	137.0	3	GGT;TTG;AAG	0.41481649;0.44107473;0.36599318	0.4410747301246496
orthogroup_924	GCA_000025805.1	ADF41939.1	orthogroup_924|GCA_000025805.1|ADF41939.1	1	157	159	158.0	3	ATC;GAG;GAG	0.29583655;0.29139176;0.29139176	0.2958365547060676
orthogroup_924	GCF_000009785.1	WP_011232831.1	orthogroup_924|GCF_000009785.1|WP_011232831.1	1	145	147	146.0	3	ACC;CGT;CCA	0.36053343;0.27060748;0.23136003	0.36053342944674716
orthogroup_924	GCF_005671335.1	WP_053430162.1	orthogroup_924|GCF_005671335.1|WP_053430162.1	1	79	82	80.5	4	TTC;ACC;CTA;CTC	0.39353774;0.46961573;0.41347878;0.49402271	0.49402271368798567
orthogroup_924	GCF_006094295.1	WP_000399871.1	orthogroup_924|GCF_006094295.1|WP_000399871.1	1	128	130	129.0	3	ACC;CTC;ACC	0.09662054;0.08180876;0.09662054	0.3244153594456741
orthogroup_925	GCF_006094295.1	WP_000567600.1	orthogroup_925|GCF_006094295.1|WP_000567600.1	1	49	51	50.0	3	TTG;CGC;ATC	0.19693604;0.32441536;0.25563939	0.3244153594456741
orthogroup_929	GCA_000025805.1	ADF41949.1	orthogroup_929|GCA_000025805.1|ADF41949.1	1	153	155	154.0	3	CTG;CTG;CTA	0.28007154;0.28007154;0.28982135	0.2958365547060676
orthogroup_941	GCA_000025805.1	ADF41971.1	orthogroup_941|GCA_000025805.1|ADF41971.1	1	581	583	582.0	3	ATC;ACC;TTC	0.29583655;0.27834060;0.26081839	0.2958365547060676
orthogroup_941	GCF_000009045.1	NP_391599.1	orthogroup_941|GCF_000009045.1|NP_391599.1	1	209	211	210.0	3	CTC;CTA;TTC	0.46799833;0.21222896;0.46012286	0.46799832670989333
orthogroup_941	GCF_000009785.1	WP_011232865.1	orthogroup_941|GCF_000009785.1|WP_011232865.1	1	15	17	16.0	3	GTA;ACC;GCT	0.18831104;0.36053343;0.29677880	0.36053342944674716
orthogroup_941	GCF_000011245.1	WP_011067410.1	orthogroup_941|GCF_000011245.1|WP_011067410.1	1	48	50	49.0	3	TTG;CGC;TTG	0.27360477;0.26555066;0.27360477	0.28935591435591435
orthogroup_941	GCF_000017885.4	WP_012011585.1	orthogroup_941|GCF_000017885.4|WP_012011585.1	1	65	68	66.5	4	AAG;GAC;AAG;AAG	0.42907781;0.39834098;0.42907781;0.42907781	0.429077812529618
orthogroup_941	GCF_000017885.4	WP_012011585.1	orthogroup_941|GCF_000017885.4|WP_012011585.1	2	317	319	318.0	3	ACT;TCG;AAG	0.31635050;0.34523045;0.42907781	0.429077812529618
orthogroup_941	GCF_005671335.1	WP_053430137.1	orthogroup_941|GCF_005671335.1|WP_053430137.1	1	553	555	554.0	3	TTC;CAC;CAC	0.39353774;0.47170759;0.47170759	0.49402271368798567
orthogroup_941	GCF_006094295.1	WP_001086770.1	orthogroup_941|GCF_006094295.1|WP_001086770.1	1	505	507	506.0	3	CGC;CGC;CTC	0.32441536;0.32441536;0.08180876	0.3244153594456741
orthogroup_951	GCF_000009785.1	WP_011232886.1	orthogroup_951|GCF_000009785.1|WP_011232886.1	1	88	91	89.5	4	GTA;TTA;AGT;GTA	0.18831104;0.34382657;0.19374479;0.18831104	0.36053342944674716
orthogroup_954	GCA_000025805.1	ADF39994.1	orthogroup_954|GCA_000025805.1|ADF39994.1	1	72	74	73.0	3	CTA;CTA;TTC	0.28982135;0.28982135;0.26081839	0.2958365547060676
orthogroup_954	GCA_000025805.1	ADF39994.1	orthogroup_954|GCA_000025805.1|ADF39994.1	2	189	192	190.5	4	ATC;TTC;ATC;TTC	0.29583655;0.26081839;0.29583655;0.26081839	0.2958365547060676
orthogroup_954	GCF_000009045.1	NP_391694.1	orthogroup_954|GCF_000009045.1|NP_391694.1	1	44	46	45.0	3	ACC;TTC;TTC	0.38553340;0.46012286;0.46012286	0.46799832670989333
orthogroup_954	GCF_000011245.1	WP_011066647.1	orthogroup_954|GCF_000011245.1|WP_011066647.1	1	35	37	36.0	3	GCC;ACC;CTG	0.18014343;0.28837834;0.10086873	0.28935591435591435
orthogroup_954	GCF_034479305.1	WP_094427754.1	orthogroup_954|GCF_034479305.1|WP_094427754.1	1	25	27	26.0	3	CTA;GGT;TTC	0.38584037;0.39594251;0.30610071	0.40958926285117214
orthogroup_955	GCA_000015785.2	ABS75871.1	orthogroup_955|GCA_000015785.2|ABS75871.1	1	178	183	180.5	6	AGT;CCC;GGG;CCT;GGT;GAG	0.37357326;0.21616520;0.43273290;0.36125130;0.41481649;0.42362407	0.4410747301246496
orthogroup_955	GCA_000025805.1	ADF39995.1	orthogroup_955|GCA_000025805.1|ADF39995.1	1	226	228	227.0	3	ATC;TTC;ATC	0.29583655;0.26081839;0.29583655	0.2958365547060676
orthogroup_955	GCA_000025805.1	ADF39995.1	orthogroup_955|GCA_000025805.1|ADF39995.1	2	409	411	410.0	3	TTC;CTA;ATC	0.26081839;0.28982135;0.29583655	0.2958365547060676
orthogroup_955	GCA_000025805.1	ADF39995.1	orthogroup_955|GCA_000025805.1|ADF39995.1	3	466	468	467.0	3	TTC;TTC;CTA	0.26081839;0.26081839;0.28982135	0.2958365547060676
orthogroup_955	GCF_000009045.1	NP_391695.1	orthogroup_955|GCF_000009045.1|NP_391695.1	1	48	50	49.0	3	ATA;ACT;ACT	0.25380079;0.39153689;0.39153689	0.46799832670989333
orthogroup_983	GCF_000009045.1	NP_391984.1	orthogroup_983|GCF_000009045.1|NP_391984.1	1	239	241	240.0	3	ACT;TTC;CTC	0.39153689;0.46012286;0.46799833	0.46799832670989333
orthogroup_983	GCF_000009785.1	WP_011232959.1	orthogroup_983|GCF_000009785.1|WP_011232959.1	1	219	221	220.0	3	CCA;GCT;GCT	0.23136003;0.29677880;0.29677880	0.36053342944674716
orthogroup_983	GCF_034478925.1	WP_011198500.1	orthogroup_983|GCF_034478925.1|WP_011198500.1	1	168	170	169.0	3	GGG;GAG;CGT	0.45534102;0.42100751;0.45148676	0.4747722940055073
orthogroup_983	GCF_034479305.1	WP_094424408.1	orthogroup_983|GCF_034479305.1|WP_094424408.1	1	89	91	90.0	3	CTA;CAG;CCC	0.38584037;0.40536731;0.24407013	0.40958926285117214
orthogroup_1009	GCA_000025805.1	ADF40059.1	orthogroup_1009|GCA_000025805.1|ADF40059.1	1	151	153	152.0	3	ACC;TTC;ATC	0.27834060;0.26081839;0.29583655	0.2958365547060676
orthogroup_1009	GCA_000025805.1	ADF40059.1	orthogroup_1009|GCA_000025805.1|ADF40059.1	2	309	311	310.0	3	CTG;ATA;AGG	0.28007154;0.20119978;0.17806342	0.2958365547060676
orthogroup_1009	GCF_000011245.1	WP_011064942.1	orthogroup_1009|GCF_000011245.1|WP_011064942.1	1	158	160	159.0	3	GAC;CTG;CTC	0.22671253;0.10086873;0.08930765	0.28935591435591435
orthogroup_1009	GCF_000017885.4	WP_012009485.1	orthogroup_1009|GCF_000017885.4|WP_012009485.1	1	76	79	77.5	4	TCC;CCC;ACC;ACT	0.38027922;0.14612825;0.32296296;0.31635050	0.429077812529618
orthogroup_1009	GCF_005671335.1	WP_138090332.1	orthogroup_1009|GCF_005671335.1|WP_138090332.1	1	159	161	160.0	3	CTA;ATA;CAG	0.41347878;0.18129014;0.45428638	0.49402271368798567
orthogroup_1009	GCF_006094295.1	WP_000042077.1	orthogroup_1009|GCF_006094295.1|WP_000042077.1	1	335	337	336.0	3	AGG;AGG;CTA	0.17726879;0.17726879;0.21519056	0.3244153594456741
orthogroup_1009	GCF_034478925.1	WP_003178937.1	orthogroup_1009|GCF_034478925.1|WP_003178937.1	1	101	103	102.0	3	GGG;ATA;GTA	0.45534102;0.20601792;0.39968959	0.4747722940055073
orthogroup_1010	GCA_000025805.1	ADF40058.1	orthogroup_1010|GCA_000025805.1|ADF40058.1	1	253	255	254.0	3	GAG;CTG;TTC	0.29139176;0.28007154;0.26081839	0.2958365547060676
orthogroup_1010	GCA_000025805.1	ADF40058.1	orthogroup_1010|GCA_000025805.1|ADF40058.1	2	286	288	287.0	3	TTC;ACC;TTC	0.26081839;0.27834060;0.26081839	0.2958365547060676
orthogroup_1010	GCF_034478925.1	WP_003178939.1	orthogroup_1010|GCF_034478925.1|WP_003178939.1	1	311	313	312.0	3	AAG;GAG;CGT	0.44083931;0.42100751;0.45148676	0.4747722940055073
orthogroup_1012	GCA_000015785.2	ABS72822.2	orthogroup_1012|GCA_000015785.2|ABS72822.2	1	110	112	111.0	3	GGG;CCT;TTG	0.43273290;0.36125130;0.44107473	0.4410747301246496
orthogroup_1012	GCF_005671335.1	WP_053430109.1	orthogroup_1012|GCF_005671335.1|WP_053430109.1	1	369	371	370.0	3	ACT;GAC;GAC	0.36233650;0.47079747;0.47079747	0.49402271368798567
orthogroup_1012	GCF_034478925.1	WP_003179025.1	orthogroup_1012|GCF_034478925.1|WP_003179025.1	1	185	187	186.0	3	GTA;GAG;CCT	0.39968959;0.42100751;0.47477229	0.4747722940055073
orthogroup_1023	GCA_000015785.2	ABS73067.1	orthogroup_1023|GCA_000015785.2|ABS73067.1	1	9	11	10.0	3	AGT;ATA;GGT	0.37357326;0.25758834;0.41481649	0.4410747301246496
orthogroup_1023	GCA_000015785.2	ABS73067.1	orthogroup_1023|GCA_000015785.2|ABS73067.1	2	178	180	179.0	3	AAG;AAG;AGG	0.36599318;0.36599318;0.38291543	0.4410747301246496
orthogroup_1023	GCF_000009045.1	NP_388521.2	orthogroup_1023|GCF_000009045.1|NP_388521.2	1	178	180	179.0	3	AAG;AAG;AGG	0.42518356;0.42518356;0.35594501	0.46799832670989333
orthogroup_1023	GCF_000011245.1	WP_011065146.1	orthogroup_1023|GCF_000011245.1|WP_011065146.1	1	60	62	61.0	3	CTG;GAC;CAG	0.10086873;0.22671253;0.27651174	0.28935591435591435
orthogroup_1023	GCF_034479305.1	WP_094428382.1	orthogroup_1023|GCF_034479305.1|WP_094428382.1	1	135	138	136.5	4	AGG;GAG;AAG;GAG	0.31917799;0.40958926;0.39557749;0.40958926	0.40958926285117214
orthogroup_1023	GCF_034479305.1	WP_094428382.1	orthogroup_1023|GCF_034479305.1|WP_094428382.1	2	170	172	171.0	3	AAG;AAG;AGG	0.39557749;0.39557749;0.31917799	0.40958926285117214
orthogroup_1027	GCF_000017885.4	WP_003213824.1	orthogroup_1027|GCF_000017885.4|WP_003213824.1	1	375	377	376.0	3	CTC;TCG;CTC	0.42140128;0.34523045;0.42140128	0.429077812529618
orthogroup_1027	GCF_005671335.1	WP_010898372.1	orthogroup_1027|GCF_005671335.1|WP_010898372.1	1	342	344	343.0	3	ACC;TTC;CTC	0.46961573;0.39353774;0.49402271	0.49402271368798567
orthogroup_1032	GCF_000009045.1	NP_388704.1	orthogroup_1032|GCF_000009045.1|NP_388704.1	1	114	116	115.0	3	AGT;CGA;TTC	0.44714513;0.37535882;0.46012286	0.46799832670989333
orthogroup_1032	GCF_034478925.1	WP_003179881.1	orthogroup_1032|GCF_034478925.1|WP_003179881.1	1	144	146	145.0	3	CCA;CCC;GGG	0.21402245;0.22834145;0.45534102	0.4747722940055073
orthogroup_1038	GCF_000011245.1	WP_011065306.1	orthogroup_1038|GCF_000011245.1|WP_011065306.1	1	469	471	470.0	3	TAC;GGC;ACC	0.25820824;0.25715433;0.28837834	0.28935591435591435
orthogroup_1038	GCF_000017885.4	WP_012009338.1	orthogroup_1038|GCF_000017885.4|WP_012009338.1	1	163	165	164.0	3	AAG;CTC;ACC	0.42907781;0.42140128;0.32296296	0.429077812529618
orthogroup_1038	GCF_000017885.4	WP_012009338.1	orthogroup_1038|GCF_000017885.4|WP_012009338.1	2	469	471	470.0	3	GAC;ACC;AAG	0.39834098;0.32296296;0.42907781	0.429077812529618
orthogroup_1038	GCF_005671335.1	WP_053432621.1	orthogroup_1038|GCF_005671335.1|WP_053432621.1	1	343	345	344.0	3	ACC;TTC;GAC	0.46961573;0.39353774;0.47079747	0.49402271368798567
orthogroup_1043	GCF_005671335.1	WP_053431633.1	orthogroup_1043|GCF_005671335.1|WP_053431633.1	1	28	31	29.5	4	ACC;CTC;ACC;TTC	0.46961573;0.49402271;0.46961573;0.39353774	0.49402271368798567
orthogroup_1043	GCF_034478925.1	WP_003180232.1	orthogroup_1043|GCF_034478925.1|WP_003180232.1	1	280	282	281.0	3	GTA;CCT;ACT	0.39968959;0.47477229;0.29864196	0.4747722940055073
orthogroup_1043	GCF_034479305.1	WP_094424588.1	orthogroup_1043|GCF_034479305.1|WP_094424588.1	1	407	409	408.0	3	ATA;AAG;CAG	0.19148197;0.39557749;0.40536731	0.40958926285117214
orthogroup_1047	GCA_000025805.1	ADF37484.1	orthogroup_1047|GCA_000025805.1|ADF37484.1	1	116	118	117.0	3	ACC;ATC;TCC	0.27834060;0.29583655;0.29219871	0.2958365547060676
orthogroup_1047	GCF_000009045.1	NP_388889.1	orthogroup_1047|GCF_000009045.1|NP_388889.1	1	41	43	42.0	3	ATA;TCG;CTA	0.25380079;0.42360541;0.21222896	0.46799832670989333
orthogroup_1047	GCF_000009045.1	NP_388889.1	orthogroup_1047|GCF_000009045.1|NP_388889.1	2	120	122	121.0	3	CTA;TTC;TTC	0.21222896;0.46012286;0.46012286	0.46799832670989333
orthogroup_1047	GCF_000011245.1	WP_011065778.1	orthogroup_1047|GCF_000011245.1|WP_011065778.1	1	58	60	59.0	3	CTA;GTC;GCC	0.28935591;0.24510152;0.18014343	0.28935591435591435
orthogroup_1047	GCF_000011245.1	WP_011065778.1	orthogroup_1047|GCF_000011245.1|WP_011065778.1	2	232	235	233.5	4	CTA;CAC;CAC;CCC	0.28935591;0.24157271;0.24157271;0.11519740	0.28935591435591435
orthogroup_1047	GCF_000011245.1	WP_011065778.1	orthogroup_1047|GCF_000011245.1|WP_011065778.1	3	390	392	391.0	3	GGC;TTG;CCC	0.25715433;0.27360477;0.11519740	0.28935591435591435
orthogroup_1047	GCF_000011245.1	WP_011065778.1	orthogroup_1047|GCF_000011245.1|WP_011065778.1	4	424	426	425.0	3	GGC;GGC;ACC	0.25715433;0.25715433;0.28837834	0.28935591435591435
orthogroup_1047	GCF_006094295.1	WP_000537861.1	orthogroup_1047|GCF_006094295.1|WP_000537861.1	1	104	106	105.0	3	ACC;CTC;GCC	0.09662054;0.08180876;0.13265747	0.3244153594456741
orthogroup_1047	GCF_006094295.1	WP_000537861.1	orthogroup_1047|GCF_006094295.1|WP_000537861.1	2	284	286	285.0	3	CTC;ATC;GCC	0.08180876;0.25563939;0.13265747	0.3244153594456741
orthogroup_1047	GCF_034478925.1	WP_011197716.1	orthogroup_1047|GCF_034478925.1|WP_011197716.1	1	80	82	81.0	3	AGT;GAG;CTA	0.23814963;0.42100751;0.12093232	0.4747722940055073
orthogroup_1047	GCF_034478925.1	WP_011197716.1	orthogroup_1047|GCF_034478925.1|WP_011197716.1	2	225	227	226.0	3	GAG;CCT;GAG	0.42100751;0.47477229;0.42100751	0.4747722940055073
orthogroup_1052	GCF_000009045.1	NP_388993.1	orthogroup_1052|GCF_000009045.1|NP_388993.1	1	91	93	92.0	3	CTC;ACT;ACT	0.46799833;0.39153689;0.39153689	0.46799832670989333
orthogroup_1117	GCA_000025805.1	ADF38828.1	orthogroup_1117|GCA_000025805.1|ADF38828.1	1	447	450	448.5	4	CTG;CTA;GAG;GAG	0.28007154;0.28982135;0.29139176;0.29139176	0.2958365547060676
orthogroup_1117	GCF_006094295.1	WP_000665546.1	orthogroup_1117|GCF_006094295.1|WP_000665546.1	1	106	108	107.0	3	ATC;CTC;ATC	0.25563939;0.08180876;0.25563939	0.3244153594456741
orthogroup_1120	GCF_000017885.4	WP_012010303.1	orthogroup_1120|GCF_000017885.4|WP_012010303.1	1	76	79	77.5	4	CTC;GAC;CAC;TCG	0.42140128;0.39834098;0.38215245;0.34523045	0.429077812529618
orthogroup_1120	GCF_005671335.1	WP_010899012.1	orthogroup_1120|GCF_005671335.1|WP_010899012.1	1	4	6	5.0	3	ACC;CAC;ATA	0.46961573;0.47170759;0.18129014	0.49402271368798567
orthogroup_1120	GCF_034479305.1	WP_094426951.1	orthogroup_1120|GCF_034479305.1|WP_094426951.1	1	20	22	21.0	3	GGT;TTC;GGT	0.39594251;0.30610071;0.39594251	0.40958926285117214
orthogroup_1125	GCF_034478925.1	WP_003182859.1	orthogroup_1125|GCF_034478925.1|WP_003182859.1	1	108	111	109.5	4	CGA;AAG;GGG;CCC	0.28569320;0.44083931;0.45534102;0.22834145	0.4747722940055073
orthogroup_1125	GCF_034479305.1	WP_094423572.1	orthogroup_1125|GCF_034479305.1|WP_094423572.1	1	175	178	176.5	4	AAG;GAG;AAG;AAG	0.39557749;0.40958926;0.39557749;0.39557749	0.40958926285117214
orthogroup_1140	GCA_000015785.2	ABS74463.1	orthogroup_1140|GCA_000015785.2|ABS74463.1	1	126	128	127.0	3	CCT;GAG;AGG	0.36125130;0.42362407;0.38291543	0.4410747301246496
orthogroup_1140	GCA_000015785.2	ABS74463.1	orthogroup_1140|GCA_000015785.2|ABS74463.1	2	139	142	140.5	4	GGG;GAG;CTA;TTG	0.43273290;0.42362407;0.06658913;0.44107473	0.4410747301246496
orthogroup_1140	GCA_000025805.1	ADF41156.1	orthogroup_1140|GCA_000025805.1|ADF41156.1	1	38	40	39.0	3	ATA;CTC;CTA	0.20119978;0.13076672;0.28982135	0.2958365547060676
orthogroup_1140	GCF_000009785.1	WP_011231708.1	orthogroup_1140|GCF_000009785.1|WP_011231708.1	1	170	172	171.0	3	GCA;TCA;TCT	0.23043393;0.32045120;0.25783503	0.36053342944674716
orthogroup_1140	GCF_000009785.1	WP_011231708.1	orthogroup_1140|GCF_000009785.1|WP_011231708.1	2	191	194	192.5	4	CCT;GTA;AGG;AGG	0.14182507;0.18831104;0.08436989;0.08436989	0.36053342944674716
orthogroup_1140	GCF_006094295.1	WP_000349103.1	orthogroup_1140|GCF_006094295.1|WP_000349103.1	1	165	167	166.0	3	ATC;GTC;GCC	0.25563939;0.18177892;0.13265747	0.3244153594456741
orthogroup_1140	GCF_034478925.1	WP_003183023.1	orthogroup_1140|GCF_034478925.1|WP_003183023.1	1	104	106	105.0	3	CTA;AAG;CCT	0.12093232;0.44083931;0.47477229	0.4747722940055073
orthogroup_1140	GCF_034479305.1	WP_094428223.1	orthogroup_1140|GCF_034479305.1|WP_094428223.1	1	65	67	66.0	3	CTA;CAG;CTA	0.38584037;0.40536731;0.38584037	0.40958926285117214
orthogroup_1150	GCF_000009785.1	WP_011231891.1	orthogroup_1150|GCF_000009785.1|WP_011231891.1	1	53	55	54.0	3	GGT;CCA;ACC	0.21152665;0.23136003;0.36053343	0.36053342944674716
orthogroup_1150	GCF_000017885.4	WP_012010540.1	orthogroup_1150|GCF_000017885.4|WP_012010540.1	1	76	78	77.0	3	AAG;CTC;CTC	0.42907781;0.42140128;0.42140128	0.429077812529618
orthogroup_1152	GCA_000015785.2	ABS74665.1	orthogroup_1152|GCA_000015785.2|ABS74665.1	1	9	11	10.0	3	CCC;TTG;AAG	0.21616520;0.44107473;0.36599318	0.4410747301246496
orthogroup_1152	GCA_000015785.2	ABS74665.1	orthogroup_1152|GCA_000015785.2|ABS74665.1	2	200	202	201.0	3	ATA;CCA;CTA	0.25758834;0.11337982;0.06658913	0.4410747301246496
orthogroup_1152	GCA_000025805.1	ADF41309.1	orthogroup_1152|GCA_000025805.1|ADF41309.1	1	122	124	123.0	3	CTA;CTG;CTG	0.28982135;0.28007154;0.28007154	0.2958365547060676
orthogroup_1152	GCA_000025805.1	ADF41309.1	orthogroup_1152|GCA_000025805.1|ADF41309.1	2	128	130	129.0	3	TCC;ATC;CTA	0.29219871;0.29583655;0.28982135	0.2958365547060676
orthogroup_1152	GCF_000009045.1	NP_390352.1	orthogroup_1152|GCF_000009045.1|NP_390352.1	1	44	46	45.0	3	CTA;AAG;AGT	0.21222896;0.42518356;0.44714513	0.46799832670989333
orthogroup_1152	GCF_000009785.1	WP_041467897.1	orthogroup_1152|GCF_000009785.1|WP_041467897.1	1	39	41	40.0	3	GCT;CCC;ACA	0.29677880;0.12453532;0.32358984	0.36053342944674716
orthogroup_1152	GCF_000017885.4	WP_225970031.1	orthogroup_1152|GCF_000017885.4|WP_225970031.1	1	156	158	157.0	3	TAC;TCC;TCG	0.41037809;0.38027922;0.34523045	0.429077812529618
orthogroup_1152	GCF_000017885.4	WP_225970031.1	orthogroup_1152|GCF_000017885.4|WP_225970031.1	2	340	342	341.0	3	CTA;ATA;CTC	0.36742491;0.17668573;0.42140128	0.429077812529618
orthogroup_1152	GCF_005671335.1	WP_053430698.1	orthogroup_1152|GCF_005671335.1|WP_053430698.1	1	76	78	77.0	3	CAG;CTG;CTA	0.45428638;0.30194262;0.41347878	0.49402271368798567
orthogroup_1152	GCF_005671335.1	WP_053430698.1	orthogroup_1152|GCF_005671335.1|WP_053430698.1	2	124	126	125.0	3	CTG;CTG;CTG	0.30194262;0.30194262;0.30194262	0.49402271368798567
orthogroup_1152	GCF_006094295.1	WP_011110378.1	orthogroup_1152|GCF_006094295.1|WP_011110378.1	1	49	51	50.0	3	TTG;CAG;CGC	0.19693604;0.23007068;0.32441536	0.3244153594456741
orthogroup_1152	GCF_006094295.1	WP_011110378.1	orthogroup_1152|GCF_006094295.1|WP_011110378.1	2	123	125	124.0	3	CTA;CTA;ATC	0.21519056;0.21519056;0.25563939	0.3244153594456741
orthogroup_1152	GCF_006094295.1	WP_011110378.1	orthogroup_1152|GCF_006094295.1|WP_011110378.1	3	201	203	202.0	3	CCC;CTC;ATC	0.06739956;0.08180876;0.25563939	0.3244153594456741
orthogroup_1152	GCF_034478925.1	WP_011198115.1	orthogroup_1152|GCF_034478925.1|WP_011198115.1	1	258	260	259.0	3	GGG;GAG;AGT	0.45534102;0.42100751;0.23814963	0.4747722940055073
orthogroup_1152	GCF_034479305.1	WP_094426998.1	orthogroup_1152|GCF_034479305.1|WP_094426998.1	1	156	158	157.0	3	TTC;CAG;TTC	0.30610071;0.40536731;0.30610071	0.40958926285117214
orthogroup_1153	GCA_000025805.1	ADF41332.1	orthogroup_1153|GCA_000025805.1|ADF41332.1	1	23	25	24.0	3	CCC;ATC;ATC	0.18626340;0.29583655;0.29583655	0.2958365547060676
orthogroup_1153	GCF_000011245.1	WP_011064967.1	orthogroup_1153|GCF_000011245.1|WP_011064967.1	1	146	149	147.5	4	GTC;TTG;CAG;CTA	0.24510152;0.27360477;0.27651174;0.28935591	0.28935591435591435
orthogroup_1176	GCF_000009045.1	NP_390795.1	orthogroup_1176|GCF_000009045.1|NP_390795.1	1	18	20	19.0	3	ATA;TTC;CTA	0.25380079;0.46012286;0.21222896	0.46799832670989333
orthogroup_1181	GCF_005671335.1	WP_053430653.1	orthogroup_1181|GCF_005671335.1|WP_053430653.1	1	116	118	117.0	3	ATA;ACC;GAC	0.18129014;0.46961573;0.47079747	0.49402271368798567
orthogroup_1181	GCF_034478925.1	WP_011197726.1	orthogroup_1181|GCF_034478925.1|WP_011197726.1	1	232	234	233.0	3	GAG;GGG;AAG	0.42100751;0.45534102;0.44083931	0.4747722940055073
orthogroup_1188	GCA_000015785.2	ABS75088.1	orthogroup_1188|GCA_000015785.2|ABS75088.1	1	335	337	336.0	3	AAG;GAG;ACT	0.36599318;0.42362407;0.28803412	0.4410747301246496
orthogroup_1188	GCF_000009045.1	NP_390915.1	orthogroup_1188|GCF_000009045.1|NP_390915.1	1	125	128	126.5	4	TCG;ATA;TCG;AAG	0.42360541;0.25380079;0.42360541;0.42518356	0.46799832670989333
orthogroup_1188	GCF_000009785.1	WP_011231825.1	orthogroup_1188|GCF_000009785.1|WP_011231825.1	1	151	153	152.0	3	CGA;GCA;CTA	0.21214196;0.23043393;0.10505717	0.36053342944674716
orthogroup_1188	GCF_000009785.1	WP_011231825.1	orthogroup_1188|GCF_000009785.1|WP_011231825.1	2	390	392	391.0	3	ACA;AGT;ACA	0.32358984;0.19374479;0.32358984	0.36053342944674716
orthogroup_1188	GCF_000011245.1	WP_011065240.1	orthogroup_1188|GCF_000011245.1|WP_011065240.1	1	575	577	576.0	3	GAC;CTA;CAG	0.22671253;0.28935591;0.27651174	0.28935591435591435
orthogroup_1188	GCF_005671335.1	WP_053430049.1	orthogroup_1188|GCF_005671335.1|WP_053430049.1	1	291	293	292.0	3	CTC;ATA;CTG	0.49402271;0.18129014;0.30194262	0.49402271368798567
orthogroup_1188	GCF_005671335.1	WP_053430049.1	orthogroup_1188|GCF_005671335.1|WP_053430049.1	2	538	541	539.5	4	CTC;ACC;TTC;CTA	0.49402271;0.46961573;0.39353774;0.41347878	0.49402271368798567
orthogroup_1188	GCF_034478925.1	WP_003177730.1	orthogroup_1188|GCF_034478925.1|WP_003177730.1	1	193	195	194.0	3	AAG;GTA;AAG	0.44083931;0.39968959;0.44083931	0.4747722940055073
orthogroup_1188	GCF_034478925.1	WP_003177730.1	orthogroup_1188|GCF_034478925.1|WP_003177730.1	2	425	427	426.0	3	AAG;GTA;AAG	0.44083931;0.39968959;0.44083931	0.4747722940055073
orthogroup_1188	GCF_034478925.1	WP_003177730.1	orthogroup_1188|GCF_034478925.1|WP_003177730.1	3	576	579	577.5	4	AAG;GGG;ATA;CGA	0.44083931;0.45534102;0.20601792;0.28569320	0.4747722940055073
orthogroup_1188	GCF_034479305.1	WP_094425386.1	orthogroup_1188|GCF_034479305.1|WP_094425386.1	1	634	636	635.0	3	ATA;AAG;GAG	0.19148197;0.39557749;0.40958926	0.40958926285117214
orthogroup_1191	GCF_006094295.1	WP_000368771.1	orthogroup_1191|GCF_006094295.1|WP_000368771.1	1	105	107	106.0	3	CTA;GCC;CGC	0.21519056;0.13265747;0.32441536	0.3244153594456741
orthogroup_1191	GCF_006094295.1	WP_000368771.1	orthogroup_1191|GCF_006094295.1|WP_000368771.1	2	113	116	114.5	4	CTC;GTC;GTC;CTA	0.08180876;0.18177892;0.18177892;0.21519056	0.3244153594456741
orthogroup_1191	GCF_006094295.1	WP_000368771.1	orthogroup_1191|GCF_006094295.1|WP_000368771.1	3	127	129	128.0	3	ATC;ATC;ATC	0.25563939;0.25563939;0.25563939	0.3244153594456741
orthogroup_1191	GCF_006094295.1	WP_000368771.1	orthogroup_1191|GCF_006094295.1|WP_000368771.1	4	147	149	148.0	3	TCC;ATC;ATC	0.19825436;0.25563939;0.25563939	0.3244153594456741
orthogroup_1191	GCF_034479305.1	WP_094429259.1	orthogroup_1191|GCF_034479305.1|WP_094429259.1	1	250	252	251.0	3	ATA;ACT;GAG	0.19148197;0.39482680;0.40958926	0.40958926285117214
orthogroup_1192	GCF_000009785.1	WP_011232332.1	orthogroup_1192|GCF_000009785.1|WP_011232332.1	1	52	54	53.0	3	CTA;TCA;AGT	0.10505717;0.32045120;0.19374479	0.36053342944674716
orthogroup_1238	GCF_000011245.1	WP_011066648.1	orthogroup_1238|GCF_000011245.1|WP_011066648.1	1	17	19	18.0	3	CTG;CTC;CTC	0.10086873;0.08930765;0.08930765	0.28935591435591435
orthogroup_1238	GCF_034478925.1	WP_003186195.1	orthogroup_1238|GCF_034478925.1|WP_003186195.1	1	66	68	67.0	3	ACT;GAG;AGT	0.29864196;0.42100751;0.23814963	0.4747722940055073
orthogroup_1241	GCF_000009045.1	NP_391932.1	orthogroup_1241|GCF_000009045.1|NP_391932.1	1	185	187	186.0	3	TTC;CTC;AGT	0.46012286;0.46799833;0.44714513	0.46799832670989333
orthogroup_1241	GCF_000009045.1	NP_391932.1	orthogroup_1241|GCF_000009045.1|NP_391932.1	2	196	198	197.0	3	AGG;CGA;TTC	0.35594501;0.37535882;0.46012286	0.46799832670989333
orthogroup_1241	GCF_005671335.1	WP_053432369.1	orthogroup_1241|GCF_005671335.1|WP_053432369.1	1	264	266	265.0	3	TTC;CAC;ACT	0.39353774;0.47170759;0.36233650	0.49402271368798567
orthogroup_1241	GCF_034478925.1	WP_009330028.1	orthogroup_1241|GCF_034478925.1|WP_009330028.1	1	50	52	51.0	3	GGT;CTA;AAG	0.37162266;0.12093232;0.44083931	0.4747722940055073
orthogroup_1241	GCF_034478925.1	WP_009330028.1	orthogroup_1241|GCF_034478925.1|WP_009330028.1	2	79	81	80.0	3	CCA;GTA;AGT	0.21402245;0.39968959;0.23814963	0.4747722940055073
orthogroup_1244	GCF_005671335.1	WP_053430558.1	orthogroup_1244|GCF_005671335.1|WP_053430558.1	1	35	37	36.0	3	TTC;ATA;CCC	0.39353774;0.18129014;0.23500851	0.49402271368798567
orthogroup_1244	GCF_006094295.1	WP_000499399.1	orthogroup_1244|GCF_006094295.1|WP_000499399.1	1	28	30	29.0	3	CTA;GCC;CTG	0.21519056;0.13265747;0.06545239	0.3244153594456741
orthogroup_1244	GCF_006094295.1	WP_000499399.1	orthogroup_1244|GCF_006094295.1|WP_000499399.1	2	74	76	75.0	3	CAC;CTC;ATC	0.28769370;0.08180876;0.25563939	0.3244153594456741
orthogroup_1253	GCA_000025805.1	ADF40840.1	orthogroup_1253|GCA_000025805.1|ADF40840.1	1	154	156	155.0	3	CTG;CTC;ATC	0.28007154;0.13076672;0.29583655	0.2958365547060676
orthogroup_1253	GCF_000011245.1	WP_011064769.1	orthogroup_1253|GCF_000011245.1|WP_011064769.1	1	236	238	237.0	3	CTA;ACC;GCC	0.28935591;0.28837834;0.18014343	0.28935591435591435
orthogroup_1253	GCF_000017885.4	WP_012008730.1	orthogroup_1253|GCF_000017885.4|WP_012008730.1	1	170	172	171.0	3	TCC;CCC;CTC	0.38027922;0.14612825;0.42140128	0.429077812529618
orthogroup_1253	GCF_000017885.4	WP_012008730.1	orthogroup_1253|GCF_000017885.4|WP_012008730.1	2	384	386	385.0	3	ATA;TCG;AAG	0.17668573;0.34523045;0.42907781	0.429077812529618
orthogroup_1253	GCF_005671335.1	WP_010896592.1	orthogroup_1253|GCF_005671335.1|WP_010896592.1	1	204	206	205.0	3	ACC;TTC;CTA	0.46961573;0.39353774;0.41347878	0.49402271368798567
orthogroup_1254	GCA_000025805.1	ADF40800.1	orthogroup_1254|GCA_000025805.1|ADF40800.1	1	128	130	129.0	3	CTA;TCC;ATC	0.28982135;0.29219871;0.29583655	0.2958365547060676
orthogroup_1254	GCF_005671335.1	WP_053432203.1	orthogroup_1254|GCF_005671335.1|WP_053432203.1	1	315	317	316.0	3	ACT;GAC;CAG	0.36233650;0.47079747;0.45428638	0.49402271368798567
orthogroup_1261	GCA_000015785.2	ABS72893.1	orthogroup_1261|GCA_000015785.2|ABS72893.1	1	157	159	158.0	3	CGA;GGG;GAG	0.25371866;0.43273290;0.42362407	0.4410747301246496
orthogroup_1261	GCF_000017885.4	WP_012008990.1	orthogroup_1261|GCF_000017885.4|WP_012008990.1	1	71	73	72.0	3	ACC;TAC;CGG	0.32296296;0.41037809;0.34625054	0.429077812529618
orthogroup_1261	GCF_000017885.4	WP_012008990.1	orthogroup_1261|GCF_000017885.4|WP_012008990.1	2	184	186	185.0	3	TCC;TAC;CGG	0.38027922;0.41037809;0.34625054	0.429077812529618
orthogroup_1261	GCF_005671335.1	WP_138090439.1	orthogroup_1261|GCF_005671335.1|WP_138090439.1	1	320	322	321.0	3	TTC;CCC;CTC	0.39353774;0.23500851;0.49402271	0.49402271368798567
orthogroup_1261	GCF_005671335.1	WP_138090439.1	orthogroup_1261|GCF_005671335.1|WP_138090439.1	2	375	377	376.0	3	TTC;ACC;GAC	0.39353774;0.46961573;0.47079747	0.49402271368798567
orthogroup_1261	GCF_006094295.1	WP_000278208.1	orthogroup_1261|GCF_006094295.1|WP_000278208.1	1	351	353	352.0	3	TTG;CGC;CGC	0.19693604;0.32441536;0.32441536	0.3244153594456741
orthogroup_1261	GCF_034478925.1	WP_009330132.1	orthogroup_1261|GCF_034478925.1|WP_009330132.1	1	80	82	81.0	3	CGA;ATA;GAG	0.28569320;0.20601792;0.42100751	0.4747722940055073
orthogroup_1261	GCF_034479305.1	WP_169715965.1	orthogroup_1261|GCF_034479305.1|WP_169715965.1	1	3	5	4.0	3	GAG;CTA;AAG	0.40958926;0.38584037;0.39557749	0.40958926285117214
orthogroup_1267	GCF_000009785.1	WP_011230085.1	orthogroup_1267|GCF_000009785.1|WP_011230085.1	1	71	73	72.0	3	GCT;AGT;TCA	0.29677880;0.19374479;0.32045120	0.36053342944674716
orthogroup_1267	GCF_000009785.1	WP_011230085.1	orthogroup_1267|GCF_000009785.1|WP_011230085.1	2	129	131	130.0	3	CCT;CCA;ACC	0.14182507;0.23136003;0.36053343	0.36053342944674716
orthogroup_1267	GCF_000009785.1	WP_011230085.1	orthogroup_1267|GCF_000009785.1|WP_011230085.1	3	182	184	183.0	3	GTA;GGT;GCT	0.18831104;0.21152665;0.29677880	0.36053342944674716
orthogroup_1267	GCF_000009785.1	WP_011230085.1	orthogroup_1267|GCF_000009785.1|WP_011230085.1	4	266	268	267.0	3	TCA;TTA;AGT	0.32045120;0.34382657;0.19374479	0.36053342944674716
orthogroup_1267	GCF_000011245.1	WP_011065805.1	orthogroup_1267|GCF_000011245.1|WP_011065805.1	1	153	155	154.0	3	GCC;CTA;CTC	0.18014343;0.28935591;0.08930765	0.28935591435591435
orthogroup_1274	GCA_000015785.2	ABS73198.1	orthogroup_1274|GCA_000015785.2|ABS73198.1	1	242	244	243.0	3	ATA;TTG;CCC	0.25758834;0.44107473;0.21616520	0.4410747301246496
orthogroup_1274	GCA_000025805.1	ADF37290.1	orthogroup_1274|GCA_000025805.1|ADF37290.1	1	244	246	245.0	3	CTG;CTG;CTG	0.28007154;0.28007154;0.28007154	0.2958365547060676
orthogroup_1274	GCF_000009045.1	NP_388672.1	orthogroup_1274|GCF_000009045.1|NP_388672.1	1	193	196	194.5	4	AGT;TTC;AGG;CGA	0.44714513;0.46012286;0.35594501;0.37535882	0.46799832670989333
orthogroup_1274	GCF_000009045.1	NP_388672.1	orthogroup_1274|GCF_000009045.1|NP_388672.1	2	335	337	336.0	3	TTC;AGT;CTC	0.46012286;0.44714513;0.46799833	0.46799832670989333
orthogroup_1274	GCF_000009785.1	WP_011229926.1	orthogroup_1274|GCF_000009785.1|WP_011229926.1	1	158	160	159.0	3	TTA;GCT;GCT	0.34382657;0.29677880;0.29677880	0.36053342944674716
orthogroup_1274	GCF_000009785.1	WP_011229926.1	orthogroup_1274|GCF_000009785.1|WP_011229926.1	2	265	267	266.0	3	ACC;GGT;GCA	0.36053343;0.21152665;0.23043393	0.36053342944674716
orthogroup_1274	GCF_005671335.1	WP_010897057.1	orthogroup_1274|GCF_005671335.1|WP_010897057.1	1	158	160	159.0	3	CTG;CTG;CAG	0.30194262;0.30194262;0.45428638	0.49402271368798567
orthogroup_1279	GCF_005671335.1	WP_010897114.1	orthogroup_1279|GCF_005671335.1|WP_010897114.1	1	24	26	25.0	3	CTA;CAG;TTC	0.41347878;0.45428638;0.39353774	0.49402271368798567
orthogroup_1279	GCF_005671335.1	WP_010897114.1	orthogroup_1279|GCF_005671335.1|WP_010897114.1	2	127	129	128.0	3	CTA;CTG;ATA	0.41347878;0.30194262;0.18129014	0.49402271368798567
orthogroup_1279	GCF_005671335.1	WP_010897114.1	orthogroup_1279|GCF_005671335.1|WP_010897114.1	3	337	339	338.0	3	GAC;CAC;CTC	0.47079747;0.47170759;0.49402271	0.49402271368798567
orthogroup_1279	GCF_034479305.1	WP_322500139.1	orthogroup_1279|GCF_034479305.1|WP_322500139.1	1	333	335	334.0	3	CAG;CAG;GAG	0.40536731;0.40536731;0.40958926	0.40958926285117214
orthogroup_1299	GCF_000009785.1	WP_011230204.1	orthogroup_1299|GCF_000009785.1|WP_011230204.1	1	192	194	193.0	3	GCT;GCT;ATA	0.29677880;0.29677880;0.08529127	0.36053342944674716
orthogroup_1299	GCF_000009785.1	WP_011230204.1	orthogroup_1299|GCF_000009785.1|WP_011230204.1	2	220	222	221.0	3	GCA;CCA;AGG	0.23043393;0.23136003;0.08436989	0.36053342944674716
orthogroup_1299	GCF_005671335.1	WP_053430636.1	orthogroup_1299|GCF_005671335.1|WP_053430636.1	1	9	11	10.0	3	CTC;ACC;CTC	0.49402271;0.46961573;0.49402271	0.49402271368798567
orthogroup_1299	GCF_005671335.1	WP_053430636.1	orthogroup_1299|GCF_005671335.1|WP_053430636.1	2	343	345	344.0	3	TTC;ACC;GAC	0.39353774;0.46961573;0.47079747	0.49402271368798567
orthogroup_1299	GCF_005671335.1	WP_053430636.1	orthogroup_1299|GCF_005671335.1|WP_053430636.1	3	407	409	408.0	3	CTC;CCC;CTC	0.49402271;0.23500851;0.49402271	0.49402271368798567
orthogroup_1299	GCF_006094295.1	WP_002182545.1	orthogroup_1299|GCF_006094295.1|WP_002182545.1	1	392	394	393.0	3	ATC;GTC;ATC	0.25563939;0.18177892;0.25563939	0.3244153594456741
orthogroup_1299	GCF_006094295.1	WP_002182545.1	orthogroup_1299|GCF_006094295.1|WP_002182545.1	2	441	444	442.5	4	ATC;GCC;ATC;GAC	0.25563939;0.13265747;0.25563939;0.23080142	0.3244153594456741
orthogroup_1336	GCA_000025805.1	ADF41485.1	orthogroup_1336|GCA_000025805.1|ADF41485.1	1	33	35	34.0	3	CTG;CTA;TTC	0.28007154;0.28982135;0.26081839	0.2958365547060676
orthogroup_1339	GCF_000009045.1	NP_389817.1	orthogroup_1339|GCF_000009045.1|NP_389817.1	1	287	289	288.0	3	ATA;TTC;AGT	0.25380079;0.46012286;0.44714513	0.46799832670989333
orthogroup_1339	GCF_000017885.4	WP_012010254.1	orthogroup_1339|GCF_000017885.4|WP_012010254.1	1	132	134	133.0	3	ACT;ACC;ATA	0.31635050;0.32296296;0.17668573	0.429077812529618
orthogroup_1354	GCF_000009785.1	WP_075261450.1	orthogroup_1354|GCF_000009785.1|WP_075261450.1	1	7	9	8.0	3	AGG;AGA;ACA	0.08436989;0.11765377;0.32358984	0.36053342944674716
orthogroup_1356	GCF_000009785.1	WP_011231788.1	orthogroup_1356|GCF_000009785.1|WP_011231788.1	1	95	97	96.0	3	GCT;TTA;ACA	0.29677880;0.34382657;0.32358984	0.36053342944674716
orthogroup_1366	GCA_000015785.2	ABS74642.1	orthogroup_1366|GCA_000015785.2|ABS74642.1	1	99	101	100.0	3	AAG;AAG;GGT	0.36599318;0.36599318;0.41481649	0.4410747301246496
orthogroup_1366	GCF_000017885.4	WP_012010545.1	orthogroup_1366|GCF_000017885.4|WP_012010545.1	1	44	47	45.5	4	CCC;CGG;ACT;TCC	0.14612825;0.34625054;0.31635050;0.38027922	0.429077812529618
orthogroup_1366	GCF_006094295.1	WP_000807121.1	orthogroup_1366|GCF_006094295.1|WP_000807121.1	1	84	86	85.0	3	GAC;GTC;CAC	0.23080142;0.18177892;0.28769370	0.3244153594456741
orthogroup_1370	GCF_005671335.1	WP_010897571.1	orthogroup_1370|GCF_005671335.1|WP_010897571.1	1	233	235	234.0	3	CTC;CTG;CTG	0.49402271;0.30194262;0.30194262	0.49402271368798567
orthogroup_1372	GCF_034478925.1	WP_011198129.1	orthogroup_1372|GCF_034478925.1|WP_011198129.1	1	355	357	356.0	3	GGT;AAG;CGT	0.37162266;0.44083931;0.45148676	0.4747722940055073
orthogroup_1372	GCF_034479305.1	WP_094428557.1	orthogroup_1372|GCF_034479305.1|WP_094428557.1	1	275	277	276.0	3	CTA;CTA;TTC	0.38584037;0.38584037;0.30610071	0.40958926285117214
orthogroup_1372	GCF_034479305.1	WP_094428557.1	orthogroup_1372|GCF_034479305.1|WP_094428557.1	2	449	452	450.5	4	AAG;AAG;GAG;GAG	0.39557749;0.39557749;0.40958926;0.40958926	0.40958926285117214
orthogroup_1379	GCA_000025805.1	ADF41444.1	orthogroup_1379|GCA_000025805.1|ADF41444.1	1	592	594	593.0	3	TTC;GAG;TTC	0.26081839;0.29139176;0.26081839	0.2958365547060676
orthogroup_1379	GCF_000009045.1	NP_390643.1	orthogroup_1379|GCF_000009045.1|NP_390643.1	1	161	163	162.0	3	ACC;AAG;AAG	0.38553340;0.42518356;0.42518356	0.46799832670989333
orthogroup_1379	GCF_000009045.1	NP_390643.1	orthogroup_1379|GCF_000009045.1|NP_390643.1	2	336	338	337.0	3	CTC;AAG;CTA	0.46799833;0.42518356;0.21222896	0.46799832670989333
orthogroup_1379	GCF_000009045.1	NP_390643.1	orthogroup_1379|GCF_000009045.1|NP_390643.1	3	611	613	612.0	3	TTC;TTC;AGT	0.46012286;0.46012286;0.44714513	0.46799832670989333
orthogroup_1379	GCF_000017885.4	WP_012010735.1	orthogroup_1379|GCF_000017885.4|WP_012010735.1	1	192	194	193.0	3	GAC;CAC;AAG	0.39834098;0.38215245;0.42907781	0.429077812529618
orthogroup_1379	GCF_000017885.4	WP_012010735.1	orthogroup_1379|GCF_000017885.4|WP_012010735.1	2	240	242	241.0	3	AAG;TAC;TCC	0.42907781;0.41037809;0.38027922	0.429077812529618
orthogroup_1379	GCF_006094295.1	WP_001119067.1	orthogroup_1379|GCF_006094295.1|WP_001119067.1	1	13	15	14.0	3	CTC;ATC;GTC	0.08180876;0.25563939;0.18177892	0.3244153594456741
orthogroup_1379	GCF_006094295.1	WP_001119067.1	orthogroup_1379|GCF_006094295.1|WP_001119067.1	2	490	492	491.0	3	ATC;GAC;TTG	0.25563939;0.23080142;0.19693604	0.3244153594456741
orthogroup_1386	GCA_000015785.2	ABS74955.1	orthogroup_1386|GCA_000015785.2|ABS74955.1	1	466	468	467.0	3	GGT;TTG;GAG	0.41481649;0.44107473;0.42362407	0.4410747301246496
orthogroup_1386	GCA_000015785.2	ABS74955.1	orthogroup_1386|GCA_000015785.2|ABS74955.1	2	564	566	565.0	3	AGT;GAG;CCC	0.37357326;0.42362407;0.21616520	0.4410747301246496
orthogroup_1386	GCA_000025805.1	ADF37636.1	orthogroup_1386|GCA_000025805.1|ADF37636.1	1	363	365	364.0	3	CTA;GAG;CTC	0.28982135;0.29139176;0.13076672	0.2958365547060676
orthogroup_1386	GCF_000009045.1	NP_390771.1	orthogroup_1386|GCF_000009045.1|NP_390771.1	1	412	414	413.0	3	AAG;CTC;CTA	0.42518356;0.46799833;0.21222896	0.46799832670989333
orthogroup_1386	GCF_000011245.1	WP_011066042.1	orthogroup_1386|GCF_000011245.1|WP_011066042.1	1	474	476	475.0	3	GCC;ACC;CTA	0.18014343;0.28837834;0.28935591	0.28935591435591435
orthogroup_1386	GCF_000017885.4	WP_012010843.1	orthogroup_1386|GCF_000017885.4|WP_012010843.1	1	143	145	144.0	3	AAG;CGG;AAG	0.42907781;0.34625054;0.42907781	0.429077812529618
orthogroup_1386	GCF_000017885.4	WP_012010843.1	orthogroup_1386|GCF_000017885.4|WP_012010843.1	2	323	326	324.5	4	CCC;CTC;ACC;TCC	0.14612825;0.42140128;0.32296296;0.38027922	0.429077812529618
orthogroup_1398	GCA_000015785.2	ABS75086.1	orthogroup_1398|GCA_000015785.2|ABS75086.1	1	5	7	6.0	3	TTG;AAG;ATA	0.44107473;0.36599318;0.25758834	0.4410747301246496
orthogroup_1398	GCA_000015785.2	ABS75086.1	orthogroup_1398|GCA_000015785.2|ABS75086.1	2	323	325	324.0	3	CCT;AAG;GGG	0.36125130;0.36599318;0.43273290	0.4410747301246496
orthogroup_1411	GCA_000025805.1	ADF40946.1	orthogroup_1411|GCA_000025805.1|ADF40946.1	1	219	221	220.0	3	TTC;GAG;CTA	0.26081839;0.29139176;0.28982135	0.2958365547060676
orthogroup_1411	GCF_000009045.1	NP_391034.1	orthogroup_1411|GCF_000009045.1|NP_391034.1	1	72	74	73.0	3	TTC;CGA;ACC	0.46012286;0.37535882;0.38553340	0.46799832670989333
orthogroup_1411	GCF_000009785.1	WP_013145711.1	orthogroup_1411|GCF_000009785.1|WP_013145711.1	1	340	342	341.0	3	TTA;TCT;CGT	0.34382657;0.25783503;0.27060748	0.36053342944674716
orthogroup_1411	GCF_034479305.1	WP_406550712.1	orthogroup_1411|GCF_034479305.1|WP_406550712.1	1	282	285	283.5	4	CTA;CTA;GGT;ACC	0.38584037;0.38584037;0.39594251;0.36675782	0.40958926285117214
orthogroup_1412	GCF_000011245.1	WP_011067783.1	orthogroup_1412|GCF_000011245.1|WP_011067783.1	1	176	178	177.0	3	GGC;CTA;CGC	0.25715433;0.28935591;0.26555066	0.28935591435591435
orthogroup_1412	GCF_000017885.4	WP_003213713.1	orthogroup_1412|GCF_000017885.4|WP_003213713.1	1	158	160	159.0	3	TCC;ATA;CTC	0.38027922;0.17668573;0.42140128	0.429077812529618
orthogroup_1416	GCF_006094295.1	WP_000455762.1	orthogroup_1416|GCF_006094295.1|WP_000455762.1	1	11	13	12.0	3	CTA;ATC;GCC	0.21519056;0.25563939;0.13265747	0.3244153594456741
orthogroup_1420	GCA_000025805.1	ADF39803.1	orthogroup_1420|GCA_000025805.1|ADF39803.1	1	163	165	164.0	3	ACC;ATC;ATC	0.27834060;0.29583655;0.29583655	0.2958365547060676
orthogroup_1420	GCA_000025805.1	ADF39803.1	orthogroup_1420|GCA_000025805.1|ADF39803.1	2	338	340	339.0	3	ACC;CTG;CTC	0.27834060;0.28007154;0.13076672	0.2958365547060676
orthogroup_1420	GCF_000017885.4	WP_012011230.1	orthogroup_1420|GCF_000017885.4|WP_012011230.1	1	292	296	294.0	5	GAC;CAC;CGG;CAC;CTC	0.39834098;0.38215245;0.34625054;0.38215245;0.42140128	0.429077812529618
orthogroup_1420	GCF_005671335.1	WP_053431405.1	orthogroup_1420|GCF_005671335.1|WP_053431405.1	1	293	295	294.0	3	CCC;GAC;CAC	0.23500851;0.47079747;0.47170759	0.49402271368798567
orthogroup_1423	GCF_005671335.1	WP_053431092.1	orthogroup_1423|GCF_005671335.1|WP_053431092.1	1	71	73	72.0	3	TTC;ACC;CAC	0.39353774;0.46961573;0.47170759	0.49402271368798567
orthogroup_1423	GCF_034478925.1	WP_009329575.1	orthogroup_1423|GCF_034478925.1|WP_009329575.1	1	108	110	109.0	3	GGG;ACT;GTA	0.45534102;0.29864196;0.39968959	0.4747722940055073
orthogroup_1423	GCF_034479305.1	WP_094428348.1	orthogroup_1423|GCF_034479305.1|WP_094428348.1	1	52	54	53.0	3	AGA;AGA;TTC	0.40098849;0.40098849;0.30610071	0.40958926285117214
orthogroup_1424	GCF_000017885.4	WP_012011256.1	orthogroup_1424|GCF_000017885.4|WP_012011256.1	1	83	85	84.0	3	CTC;AAG;CAC	0.42140128;0.42907781;0.38215245	0.429077812529618
orthogroup_1424	GCF_000017885.4	WP_012011256.1	orthogroup_1424|GCF_000017885.4|WP_012011256.1	2	186	188	187.0	3	TCC;TAC;CTA	0.38027922;0.41037809;0.36742491	0.429077812529618
orthogroup_1424	GCF_005671335.1	WP_010897870.1	orthogroup_1424|GCF_005671335.1|WP_010897870.1	1	76	78	77.0	3	TTC;TTC;CTG	0.39353774;0.39353774;0.30194262	0.49402271368798567
orthogroup_1427	GCF_000011245.1	WP_011067293.1	orthogroup_1427|GCF_000011245.1|WP_011067293.1	1	511	513	512.0	3	GCC;GAC;CTC	0.18014343;0.22671253;0.08930765	0.28935591435591435
orthogroup_1427	GCF_000017885.4	WP_012011327.1	orthogroup_1427|GCF_000017885.4|WP_012011327.1	1	123	126	124.5	4	TCC;AGG;CTA;CTC	0.38027922;0.25851756;0.36742491;0.42140128	0.429077812529618
orthogroup_1427	GCF_000017885.4	WP_012011327.1	orthogroup_1427|GCF_000017885.4|WP_012011327.1	2	131	133	132.0	3	AAG;CGG;CTA	0.42907781;0.34625054;0.36742491	0.429077812529618
orthogroup_1428	GCF_000011245.1	WP_041544297.1	orthogroup_1428|GCF_000011245.1|WP_041544297.1	1	35	37	36.0	3	AGG;CTA;GCC	0.22951542;0.28935591;0.18014343	0.28935591435591435
orthogroup_1433	GCF_000009045.1	NP_391604.1	orthogroup_1433|GCF_000009045.1|NP_391604.1	1	99	102	100.5	4	AAG;CTC;TCG;TTC	0.42518356;0.46799833;0.42360541;0.46012286	0.46799832670989333
orthogroup_1433	GCF_000009045.1	NP_391604.1	orthogroup_1433|GCF_000009045.1|NP_391604.1	2	115	117	116.0	3	TCG;AAG;CTC	0.42360541;0.42518356;0.46799833	0.46799832670989333
orthogroup_1433	GCF_000011245.1	WP_011067841.1	orthogroup_1433|GCF_000011245.1|WP_011067841.1	1	554	556	555.0	3	GAC;TTG;TTG	0.22671253;0.27360477;0.27360477	0.28935591435591435
orthogroup_1433	GCF_000017885.4	WP_012011589.1	orthogroup_1433|GCF_000017885.4|WP_012011589.1	1	9	11	10.0	3	TAC;AGG;CCC	0.41037809;0.25851756;0.14612825	0.429077812529618
orthogroup_1433	GCF_005671335.1	WP_053430034.1	orthogroup_1433|GCF_005671335.1|WP_053430034.1	1	253	257	255.0	5	CTG;CTC;ACT;CTG;CTA	0.30194262;0.49402271;0.36233650;0.30194262;0.41347878	0.49402271368798567
orthogroup_1433	GCF_006094295.1	WP_000944620.1	orthogroup_1433|GCF_006094295.1|WP_000944620.1	1	536	538	537.0	3	CGC;ATC;GTC	0.32441536;0.25563939;0.18177892	0.3244153594456741
orthogroup_1434	GCA_000025805.1	ADF37642.1	orthogroup_1434|GCA_000025805.1|ADF37642.1	1	272	274	273.0	3	CTC;ACC;TTC	0.13076672;0.27834060;0.26081839	0.2958365547060676
orthogroup_1434	GCA_000025805.1	ADF37642.1	orthogroup_1434|GCA_000025805.1|ADF37642.1	2	280	282	281.0	3	CTA;CTA;ATA	0.28982135;0.28982135;0.20119978	0.2958365547060676
orthogroup_1434	GCA_000025805.1	ADF37642.1	orthogroup_1434|GCA_000025805.1|ADF37642.1	3	293	295	294.0	3	TTC;TCC;CTA	0.26081839;0.29219871;0.28982135	0.2958365547060676
orthogroup_1434	GCF_000009045.1	NP_391613.2	orthogroup_1434|GCF_000009045.1|NP_391613.2	1	285	288	286.5	4	CTA;TCG;TTC;TCG	0.21222896;0.42360541;0.46012286;0.42360541	0.46799832670989333
orthogroup_1434	GCF_000009785.1	WP_041467833.1	orthogroup_1434|GCF_000009785.1|WP_041467833.1	1	352	354	353.0	3	GCA;ACA;GGT	0.23043393;0.32358984;0.21152665	0.36053342944674716
orthogroup_1434	GCF_005671335.1	WP_053432078.1	orthogroup_1434|GCF_005671335.1|WP_053432078.1	1	39	41	40.0	3	CTG;ACC;GAC	0.30194262;0.46961573;0.47079747	0.49402271368798567
orthogroup_1441	GCA_000015785.2	ABS75927.1	orthogroup_1441|GCA_000015785.2|ABS75927.1	1	49	51	50.0	3	AGG;CCT;GAG	0.38291543;0.36125130;0.42362407	0.4410747301246496
orthogroup_1441	GCA_000025805.1	ADF42013.1	orthogroup_1441|GCA_000025805.1|ADF42013.1	1	353	355	354.0	3	GAG;GAG;GAG	0.29139176;0.29139176;0.29139176	0.2958365547060676
orthogroup_1441	GCF_000011245.1	WP_011065450.1	orthogroup_1441|GCF_000011245.1|WP_011065450.1	1	17	20	18.5	4	GAC;GTC;CTC;CTG	0.22671253;0.24510152;0.08930765;0.10086873	0.28935591435591435
orthogroup_1441	GCF_000017885.4	WP_012011717.1	orthogroup_1441|GCF_000017885.4|WP_012011717.1	1	272	274	273.0	3	CAC;ACC;CTA	0.38215245;0.32296296;0.36742491	0.429077812529618
orthogroup_1441	GCF_005671335.1	WP_053430090.1	orthogroup_1441|GCF_005671335.1|WP_053430090.1	1	48	50	49.0	3	CTC;ACT;CCC	0.49402271;0.36233650;0.23500851	0.49402271368798567
orthogroup_1441	GCF_005671335.1	WP_053430090.1	orthogroup_1441|GCF_005671335.1|WP_053430090.1	2	452	454	453.0	3	CAC;CTC;CAG	0.47170759;0.49402271;0.45428638	0.49402271368798567
orthogroup_1441	GCF_006094295.1	WP_000073646.1	orthogroup_1441|GCF_006094295.1|WP_000073646.1	1	76	78	77.0	3	CGC;CTA;GTC	0.32441536;0.21519056;0.18177892	0.3244153594456741
orthogroup_1441	GCF_034478925.1	WP_003186390.1	orthogroup_1441|GCF_034478925.1|WP_003186390.1	1	512	514	513.0	3	GAG;AAG;GAG	0.42100751;0.44083931;0.42100751	0.4747722940055073
orthogroup_1442	GCA_000015785.2	ABS75928.1	orthogroup_1442|GCA_000015785.2|ABS75928.1	1	352	354	353.0	3	GGG;AAG;AAG	0.43273290;0.36599318;0.36599318	0.4410747301246496
orthogroup_1442	GCA_000025805.1	ADF42014.1	orthogroup_1442|GCA_000025805.1|ADF42014.1	1	110	112	111.0	3	CTC;ATC;ACC	0.13076672;0.29583655;0.27834060	0.2958365547060676
orthogroup_1442	GCA_000025805.1	ADF42014.1	orthogroup_1442|GCA_000025805.1|ADF42014.1	2	122	124	123.0	3	CTC;GAG;CTG	0.13076672;0.29139176;0.28007154	0.2958365547060676
orthogroup_1442	GCA_000025805.1	ADF42014.1	orthogroup_1442|GCA_000025805.1|ADF42014.1	3	562	565	563.5	4	GAG;GAG;GAG;ATA	0.29139176;0.29139176;0.29139176;0.20119978	0.2958365547060676
orthogroup_1442	GCF_000017885.4	WP_012011718.1	orthogroup_1442|GCF_000017885.4|WP_012011718.1	1	489	491	490.0	3	AAG;CGG;TCC	0.42907781;0.34625054;0.38027922	0.429077812529618
orthogroup_1442	GCF_005671335.1	WP_276403786.1	orthogroup_1442|GCF_005671335.1|WP_276403786.1	1	6	8	7.0	3	CTC;ACC;TTC	0.49402271;0.46961573;0.39353774	0.49402271368798567
orthogroup_1442	GCF_005671335.1	WP_276403786.1	orthogroup_1442|GCF_005671335.1|WP_276403786.1	2	252	255	253.5	4	CAG;GAC;ACT;ATA	0.45428638;0.47079747;0.36233650;0.18129014	0.49402271368798567
orthogroup_1442	GCF_034478925.1	WP_009329862.1	orthogroup_1442|GCF_034478925.1|WP_009329862.1	1	495	497	496.0	3	GAG;CCC;ACT	0.42100751;0.22834145;0.29864196	0.4747722940055073
orthogroup_1444	GCA_000015785.2	ABS75950.2	orthogroup_1444|GCA_000015785.2|ABS75950.2	1	212	214	213.0	3	GAG;AGG;GAG	0.42362407;0.38291543;0.42362407	0.4410747301246496
orthogroup_1444	GCA_000015785.2	ABS75950.2	orthogroup_1444|GCA_000015785.2|ABS75950.2	2	412	414	413.0	3	CCT;GAG;GAG	0.36125130;0.42362407;0.42362407	0.4410747301246496
orthogroup_1444	GCF_000009045.1	NP_391789.1	orthogroup_1444|GCF_000009045.1|NP_391789.1	1	83	85	84.0	3	AAG;TTC;TTC	0.42518356;0.46012286;0.46012286	0.46799832670989333
orthogroup_1444	GCF_000009045.1	NP_391789.1	orthogroup_1444|GCF_000009045.1|NP_391789.1	2	187	189	188.0	3	TTC;TTC;ATA	0.46012286;0.46012286;0.25380079	0.46799832670989333
orthogroup_1444	GCF_000009045.1	NP_391789.1	orthogroup_1444|GCF_000009045.1|NP_391789.1	3	239	241	240.0	3	TTC;CTC;TTC	0.46012286;0.46799833;0.46012286	0.46799832670989333
orthogroup_1444	GCF_000017885.4	WP_012009772.1	orthogroup_1444|GCF_000017885.4|WP_012009772.1	1	6	8	7.0	3	AAG;ACC;AAG	0.42907781;0.32296296;0.42907781	0.429077812529618
orthogroup_1444	GCF_000017885.4	WP_012009772.1	orthogroup_1444|GCF_000017885.4|WP_012009772.1	2	103	105	104.0	3	ACT;CTC;ATA	0.31635050;0.42140128;0.17668573	0.429077812529618
orthogroup_1444	GCF_005671335.1	WP_053430641.1	orthogroup_1444|GCF_005671335.1|WP_053430641.1	1	270	272	271.0	3	ACC;GAC;CTC	0.46961573;0.47079747;0.49402271	0.49402271368798567
orthogroup_1444	GCF_006094295.1	WP_000738812.1	orthogroup_1444|GCF_006094295.1|WP_000738812.1	1	22	24	23.0	3	TCG;CTC;GTC	0.29559721;0.08180876;0.18177892	0.3244153594456741
orthogroup_1450	GCF_000009045.1	NP_388631.1	orthogroup_1450|GCF_000009045.1|NP_388631.1	1	15	17	16.0	3	ATA;CTC;ATA	0.25380079;0.46799833;0.25380079	0.46799832670989333
orthogroup_1450	GCF_000009045.1	NP_388631.1	orthogroup_1450|GCF_000009045.1|NP_388631.1	2	211	213	212.0	3	ATA;CTC;ATA	0.25380079;0.46799833;0.25380079	0.46799832670989333
orthogroup_1450	GCF_000009785.1	WP_011232371.1	orthogroup_1450|GCF_000009785.1|WP_011232371.1	1	58	60	59.0	3	CCA;AGG;ATA	0.23136003;0.08436989;0.08529127	0.36053342944674716
orthogroup_1450	GCF_000009785.1	WP_011232371.1	orthogroup_1450|GCF_000009785.1|WP_011232371.1	2	247	249	248.0	3	GTA;GCT;GTA	0.18831104;0.29677880;0.18831104	0.36053342944674716
orthogroup_1450	GCF_000009785.1	WP_011232371.1	orthogroup_1450|GCF_000009785.1|WP_011232371.1	3	322	324	323.0	3	CGA;CGA;GCA	0.21214196;0.21214196;0.23043393	0.36053342944674716
orthogroup_1450	GCF_000017885.4	WP_012011722.1	orthogroup_1450|GCF_000017885.4|WP_012011722.1	1	281	284	282.5	4	GAC;TAC;CGG;TAC	0.39834098;0.41037809;0.34625054;0.41037809	0.429077812529618
orthogroup_1450	GCF_034479305.1	WP_094425512.1	orthogroup_1450|GCF_034479305.1|WP_094425512.1	1	11	13	12.0	3	AGA;AGA;AGA	0.40098849;0.40098849;0.40098849	0.40958926285117214
orthogroup_1451	GCF_000011245.1	WP_011066833.1	orthogroup_1451|GCF_000011245.1|WP_011066833.1	1	414	416	415.0	3	CTA;TAC;ACC	0.28935591;0.25820824;0.28837834	0.28935591435591435
orthogroup_1455	GCA_000025805.1	ADF41318.1	orthogroup_1455|GCA_000025805.1|ADF41318.1	1	254	256	255.0	3	GAG;AGG;ATA	0.29139176;0.17806342;0.20119978	0.2958365547060676
orthogroup_1455	GCF_000009785.1	WP_014196348.1	orthogroup_1455|GCF_000009785.1|WP_014196348.1	1	364	366	365.0	3	ACC;GCT;TTA	0.36053343;0.29677880;0.34382657	0.36053342944674716
orthogroup_1455	GCF_034479305.1	WP_094428462.1	orthogroup_1455|GCF_034479305.1|WP_094428462.1	1	454	456	455.0	3	CAG;GAG;AAG	0.40536731;0.40958926;0.39557749	0.40958926285117214
